Timestamp,Who scored Arsenal's first goal?,ƒåech,Monreal,Sokratis (off at 38'),Mustafi,Beller√≠n,Torreira,Xhaka ,√ñzil ,Ramsey üÖêüÖê,Aubameyang ‚öΩÔ∏è,Lacazette ‚öΩÔ∏è,Man of the Match,Referee Jon Moss,Holding (on at 38'),Welbeck (on at 80'),Iwobi (on at 69')
9/23/2018 11:20:56,Lacazette,6,6,6,6,6,6,6,6,6,6,6,,6,6,6,6
9/23/2018 11:55:19,Lacazette,,,,,,,,1,,,,,,,,
9/23/2018 11:55:51,Lacazette,10,,,,,,,,,,,,,,,
9/23/2018 11:55:53,Lacazette,10,7,8,5,4,8,7,4,7,8,9,ƒåech,3,9,7,7
9/23/2018 11:55:55,Lacazette,8,6,7,5,5,7,5,6,5,8,8,,3,7,5,6
9/23/2018 11:56:00,Lacazette,7,5,6,6,5,6,5,5,6,6,7,Lacazette,6,6,5,6
9/23/2018 11:56:01,Lacazette,10,8,7,7,5,8,8,5,3,8,8,ƒåech,5,7,6,6
9/23/2018 11:56:07,Lacazette,10,8,7,7,7,8,7,6,7,7,9,ƒåech,2,7,6,7
9/23/2018 11:56:08,Lacazette,8,8,7,6,6,7,5,5,6,6,7,Lacazette,6,7,6,6
9/23/2018 11:56:16,Lacazette,9,7,5,7,7,7,7,8,9,7,8,ƒåech,7,7,6,6
9/23/2018 11:56:23,Lacazette,9,7,8,7,7,7,8,6,6,7,10,ƒåech,0,9,7,8
9/23/2018 11:56:28,Lacazette,8,7,6,7,8,9,8,7,8,8,8,Torreira,6,7,6,6
9/23/2018 11:56:43,Lacazette,8,6,4,6,7,6,6,6,6,6,7,ƒåech,6,5,6,6
9/23/2018 11:56:45,Lacazette,9,7,7,6,8,8,7,6,8,7,8,ƒåech,4,7,6,7
9/23/2018 11:56:54,Lacazette,10,8,8,7,8,7,7,7,8,8,8,ƒåech,5,8,5,6
9/23/2018 11:56:57,Welbeck,,,,,,,,,,,,,,,,
9/23/2018 11:57:08,Lacazette,10,5,4,6,6,6,7,5,5,6,7,ƒåech,2,7,4,4
9/23/2018 11:57:19,Lacazette,8,6,6,6,6,7,6,6,7,7,7,Lacazette,5,6,7,6
9/23/2018 11:57:22,Lacazette,10,7,8,6,7,8,7,5,8,7,8,ƒåech,3,7,7,7
9/23/2018 11:57:29,Lacazette,9,7,6,6,6,7,7,6,7,7,9,ƒåech,5,7,6,6
9/23/2018 11:57:32,Lacazette,9,8,6,7,8,9,9,7,8,6,9,Torreira,4,7,6,7
9/23/2018 11:57:45,Lacazette,10,8,6,7,9,8,7,6,6,7,9,ƒåech,3,8,6,7
9/23/2018 11:57:49,Lacazette,,,,,,,,,,,,,,,,
9/23/2018 11:57:50,Lacazette,8,7,7,7,6,7,6,6,7,7,7,ƒåech,5,7,6,6
9/23/2018 11:57:59,Lacazette,10,7,7,6,7,7,7,7,8,8,9,ƒåech,5,7,7,7
9/23/2018 11:58:05,Lacazette,10,7,8,6,7,8,7,5,8,7,8,ƒåech,3,7,7,7
9/23/2018 11:58:12,Lacazette,8,7,6,6,6,7,7,5,7,7,9,Lacazette,8,7,7,8
9/23/2018 11:58:14,Lacazette,10,7,6,5,6,7,7,7,7,7,8,ƒåech,4,7,6,6
9/23/2018 11:58:28,Lacazette,9,6,6,6,6,6,7,6,6,6,8,ƒåech,3,7,6,7
9/23/2018 11:58:36,Lacazette,10,6,8,4,5,8,7,5,6,7,9,ƒåech,6,8,6,7
9/23/2018 11:58:40,Lacazette,10,5,5,3,7,8,7,4,6,6,9,ƒåech,3,5,5,5
9/23/2018 11:58:45,Lacazette,9,6,6,6,5,7,7,5,6,7,8,ƒåech,8,6,6,6
9/23/2018 11:59:13,Lacazette,10,8,7,7,7,7,8,7,8,8,9,ƒåech,8,8,7,7
9/23/2018 11:59:59,Lacazette,10,,,,,,,7,8,9,9,ƒåech,,,,
9/23/2018 12:00:01,Lacazette,9,7,6,7,6,5,8,5,5,5,9,Lacazette,4,6,5,6
9/23/2018 12:00:08,Lacazette,9,7,8,7,6,7,6,7,3,7,8,ƒåech,3,8,6,7
9/23/2018 12:00:41,Lacazette,10,8,7,7,6,6,6,7,7,7,9,ƒåech,5,7,5,7
9/23/2018 12:00:43,Lacazette,10,8,7,6,6,7,5,6,7,7,8,ƒåech,4,6,5,5
9/23/2018 12:00:49,Lacazette,9,7,6,5,6,8,7,1,2,7,8,ƒåech,1,7,5,6
9/23/2018 12:00:58,Lacazette,10,7,8,8,7,7,6,5,4,8,10,Lacazette,6,8,7,7
9/23/2018 12:01:01,Lacazette,9,7,6,7,6,7,8,6,5,6,8,ƒåech,0,7,6,7
9/23/2018 12:01:07,Lacazette,9,7,8,7,6,7,6,7,4,7,8,ƒåech,3,8,6,7
9/23/2018 12:01:29,Lacazette,9,8,6,9,8,9,10,9,8,10,10,Aubameyang,10,8,8,7
9/23/2018 12:01:43,Lacazette,6,8,9,6,7,8,9,7,5,6,7,Torreira,6,8,7,7
9/23/2018 12:01:51,Lacazette,10,9,7,7,7,8,7,7,8,9,9,ƒåech,4,8,7,7
9/23/2018 12:02:00,Lacazette,10,7,8,5,7,7,7,7,3,9,9,ƒåech,4,7,7,8
9/23/2018 12:02:07,Lacazette,10,6,7,6,8,9,8,4,3,6,9,ƒåech,4,9,5,6
9/23/2018 12:02:22,Lacazette,10,7,5,7,6,7,7,6,7,7,8,ƒåech,7,7,5,5
9/23/2018 12:02:30,Lacazette,10,5,5,6,6,6,6,3,6,7,8,√ñzil,6,6,6,6
9/23/2018 12:02:44,Lacazette,10,6,7,5,5,7,6,7,6,7,8,ƒåech,0,7,6,8
9/23/2018 12:02:44,Lacazette,9,7,,7,6,9,7,6,6,7,8,Torreira,,7,,
9/23/2018 12:03:04,Lacazette,8,6,6,6,6,6,6,6,5,7,8,ƒåech,5,6,6,6
9/23/2018 12:03:12,Lacazette,10,8,8,7,8,8,7,7,6,7,9,ƒåech,4,8,7,7
9/23/2018 12:03:31,Lacazette,10,7,7,7,6,7,6,8,5,7,8,ƒåech,1,8,7,7
9/23/2018 12:03:44,Lacazette,8,7,6,6,7,7,6,4,7,6,8,ƒåech,6,7,6,5
9/23/2018 12:03:46,Lacazette,9,6,6,4,5,8,5,6,6,7,8,ƒåech,5,7,6,6
9/23/2018 12:05:03,Lacazette,9,5,6,6,7,7,7,6,6,7,8,ƒåech,4,7,6,6
9/23/2018 12:05:10,Lacazette,9,7,6,6,6,6,7,6,8,7,8,ƒåech,5,6,6,7
9/23/2018 12:05:30,Lacazette,9,7,6,6,6,7,6,6,6,6,7,ƒåech,1,7,6,6
9/23/2018 12:05:40,Lacazette,9,6,5,5,5,7,6,6,7,6,7,ƒåech,3,6,5,6
9/23/2018 12:05:51,Lacazette,6,7,6,6,6,6,7,6,7,6,6,Monreal,7,6,6,6
9/23/2018 12:06:00,Lacazette,10,8,8,8,6,9,9,8,9,9,10,Lacazette,0,8,7,8
9/23/2018 12:06:04,Lacazette,10,,,,,,,,,,,,,,,
9/23/2018 12:06:58,Lacazette,9,7,6,6,6,8,7,5,4,7,8,ƒåech,7,5,5,6
9/23/2018 12:07:03,Lacazette,10,7,7,5,6,8,7,6,8,7,8,ƒåech,6,7,6,6
9/23/2018 12:07:47,Lacazette,10,8,7,6,6,8,7,6,5,7,9,ƒåech,3,7,5,7
9/23/2018 12:08:00,Lacazette,10,7,8,7,6,8,7,6,5,8,10,ƒåech,4,9,6,8
9/23/2018 12:08:52,Lacazette,9,6,6,6,7,8,7,6,7,8,9,ƒåech,7,7,7,7
9/23/2018 12:09:08,Lacazette,9,7,6,6,7,8,7,7,8,7,8,ƒåech,6,7,6,7
9/23/2018 12:09:34,Lacazette,8,5,7,7,7,8,4,6,7,5,7,Torreira,,7,6,7
9/23/2018 12:09:38,Lacazette,9,6,7,5,5,8,6,5,5,7,8,ƒåech,0,6,6,6
9/23/2018 12:10:00,Lacazette,9,7,7,5,5,6,5,5,6,6,8,ƒåech,1,7,5,6
9/23/2018 12:10:41,Lacazette,8,7,7,8,7,9,8,7,8,8,10,Lacazette,0,8,6,7
9/23/2018 12:10:58,Lacazette,10,8,8,6,7,8,4,6,7,8,9,ƒåech,0,7,6,5
9/23/2018 12:11:17,Lacazette,,,,,,,,,,,,,,,,
9/23/2018 12:11:34,Lacazette,9,6,6,4,5,7,7,5,5,6,8,ƒåech,0,6,4,6
9/23/2018 12:11:50,Lacazette,8,10,8,6,6,10,10,8,9,9,10,Lacazette,3,7,7,7
9/23/2018 12:12:32,Lacazette,10,8,7,7,6,7,6,7,6,6,8,ƒåech,2,7,10,6
9/23/2018 12:12:56,Lacazette,,,,,,,,,,,,,,,,
9/23/2018 12:13:27,Lacazette,10,7,6,6,7,7,5,5,6,7,8,ƒåech,3,7,6,7
9/23/2018 12:13:48,Lacazette,9,7,5,7,6,9,7,6,8,7,8,ƒåech,2,7,6,6
9/23/2018 12:14:09,Lacazette,9,7,7,7,7,8,7,7,7,7,9,Lacazette,5,7,6,6
9/23/2018 12:17:32,Lacazette,9,7,7,5,8,7,7,8,9,9,9,Lacazette,6,8,6,7
9/23/2018 12:17:34,Lacazette,10,7,6,7,7,8,7,6,7,7,8,ƒåech,3,8,6,7
9/23/2018 12:19:19,Lacazette,10,5,7,5,5,7,6,7,5,7,8,ƒåech,0,7,6,8
9/23/2018 12:20:57,Lacazette,,,,,,,,,,,,,,,,
9/23/2018 12:21:18,Lacazette,10,7,7,5,6,7,7,6,8,8,9,ƒåech,2,7,7,7
9/23/2018 12:21:57,Lacazette,10,8,8,7,7,8,7,9,7,8,10,Lacazette,4,9,6,7
9/23/2018 12:22:48,Lacazette,9,5,6,6,4,6,3,3,3,4,7,ƒåech,,6,,
9/23/2018 12:22:55,Lacazette,10,,7,6,6,7,7,6,7,7,8,ƒåech,4,7,6,6
9/23/2018 12:23:49,Lacazette,10,7,6,6,7,7,7,7,7,8,9,ƒåech,4,7,5,7
9/23/2018 12:24:53,Lacazette,10,8,6,4,6,9,8,8,8,9,8,ƒåech,5,6,6,7
9/23/2018 12:25:13,Lacazette,9,7,6,7,7,6,6,7,5,8,10,ƒåech,4,8,4,5
9/23/2018 12:25:34,Lacazette,8,7,7,5,4,7,6,6,5,7,7,ƒåech,3,7,5,6
9/23/2018 12:26:42,Lacazette,10,6,4,5,6,6,8,4,6,5,9,,2,6,5,5
9/23/2018 12:27:06,Lacazette,,,,,,,,,,,,,,,,
9/23/2018 12:27:41,Lacazette,10,6,6,6,,6,7,7,7,7,8,,,6,,
9/23/2018 12:28:06,Lacazette,10,7,8,6,7,9,7,6,8,7,9,ƒåech,5,8,6,8
9/23/2018 12:29:49,Lacazette,10,8,5,5,5,7,5,8,8,9,10,ƒåech,4,6,6,6
9/23/2018 12:30:00,Lacazette,9,7,6,7,7,7,7,7,7,7,9,Lacazette,6,8,7,7
9/23/2018 12:31:11,Lacazette,10,6,5,6,6,7,5,6,6,7,9,ƒåech,6,6,6,5
9/23/2018 12:31:56,Lacazette,9,7,6,7,7,8,7,7,8,7,9,Lacazette,5,7,6,7
9/23/2018 12:32:14,Lacazette,9,7,3,5,6,7,4,9,8,9,9,ƒåech,6,6,8,5
9/23/2018 12:32:17,Lacazette,8,9,6,8,7,10,7,8,10,9,9,Ramsey,,7,8,7
9/23/2018 12:34:01,Lacazette,10,7,7,5,9,8,8,8,9,9,9,ƒåech,6,7,6,6
9/23/2018 12:35:09,Lacazette,9,9,8,7,5,6,6,4,3,8,9,Lacazette,5,8,6,6
9/23/2018 12:36:13,Lacazette,8,7,7,6,6,6,6,6,8,7,7,Lacazette,7,7,6,6
9/23/2018 12:38:08,Lacazette,10,9,6,8,8,8,9,8,7,10,10,ƒåech,4,8,6,7
9/23/2018 12:38:17,Lacazette,6,4,0,1,7,7,4,0,6,0,10,Lacazette,0,2,0,0
9/23/2018 12:39:18,Lacazette,10,8,7,8,8,9,9,9,7,9,9,ƒåech,4,8,7,7
9/23/2018 12:40:07,Lacazette,9,7,6,7,7,8,7,7,9,7,8,ƒåech,4,7,5,6
9/23/2018 12:40:42,Lacazette,9,6,7,6,6,8,7,5,6,7,9,ƒåech,3,8,8,7
9/23/2018 12:42:56,Lacazette,9,7,7,6,7,9,7,6,5,7,9,ƒåech,5,8,7,8
9/23/2018 12:43:09,Lacazette,10,6,6,5,5,8,8,9,6,7,8,√ñzil,6,7,3,5
9/23/2018 12:43:48,Lacazette,10,7,6,5,6,7,6,5,5,6,7,ƒåech,4,7,6,7
9/23/2018 12:44:47,Lacazette,9,7,5,6,7,8,8,7,9,8,9,Lacazette,7,7,5,6
9/23/2018 12:46:01,Lacazette,10,8,8,6,7,8,8,5,7,7,8,ƒåech,2,8,6,7
9/23/2018 12:48:14,Lacazette,10,7,7,6,7,8,8,7,8,9,10,Lacazette,0,6,5,7
9/23/2018 12:48:57,Lacazette,9,6,6,6,6,6,7,6,7,7,8,ƒåech,2,7,6,6
9/23/2018 12:49:30,Lacazette,10,8,8,7,7,9,8,7,9,9,10,ƒåech,8,7,8,8
9/23/2018 12:50:49,Lacazette,8,5,6,6,6,6,6,7,5,7,8,ƒåech,3,7,6,6
9/23/2018 12:51:27,Lacazette,7,6,7,5,6,6,5,6,5,7,8,ƒåech,5,5,4,5
9/23/2018 12:51:33,Lacazette,9,6,7,4,5,8,6,5,4,7,9,ƒåech,2,6,6,7
9/23/2018 12:56:54,Lacazette,9,6,7,6,6,6,7,6,7,6,7,ƒåech,4,7,5,6
9/23/2018 12:58:15,Lacazette,8,6,7,6,6,8,5,7,6,7,9,ƒåech,0,7,6,7
9/23/2018 12:59:02,Lacazette,10,6,5,,6,7,6,6,9,8,9,ƒåech,3,7,5,7
9/23/2018 12:59:23,Lacazette,9,5,5,5,6,5,7,2,6,7,9,Lacazette,8,6,5,6
9/23/2018 13:00:52,Lacazette,8,6,6,5,7,7,5,5,6,6,8,ƒåech,4,6,5,6
9/23/2018 13:01:32,Lacazette,7,6,6,6,6,9,7,7,5,7,9,Torreira,,6,,
9/23/2018 13:02:46,Lacazette,9,6,6,6,7,8,5,5,6,7,8,ƒåech,5,6,6,6
9/23/2018 13:03:10,Lacazette,9,7,5,7,7,7,6,8,9,9,9,Ramsey,4,7,6,6
9/23/2018 13:04:06,Lacazette,9,6,7,6,7,8,8,7,7,7,8,ƒåech,3,7,5,6
9/23/2018 13:08:49,Lacazette,6,5,4,2,4,5,2,2,5,6,8,Lacazette,2,5,3,3
9/23/2018 13:09:07,Lacazette,9,7,7,6,7,7,5,5,6,7,8,ƒåech,3,6,6,6
9/23/2018 13:09:07,Lacazette,10,6,6,6,7,8,8,7,8,8,8,ƒåech,0,8,6,8
9/23/2018 13:11:23,Lacazette,9,6,6,5,6,8,7,6,6,5,6,ƒåech,4,6,5,6
9/23/2018 13:12:09,Lacazette,10,7,7,6,8,8,8,7,6,8,9,Lacazette,0,8,7,7
9/23/2018 13:12:55,Lacazette,10,,,,,,,,,,,,,,,
9/23/2018 13:13:01,Lacazette,10,6,8,5,6,8,7,5,8,7,7,ƒåech,5,8,5,5
9/23/2018 13:16:46,Lacazette,9,8,8,8,8,7,7,7,6,7,7,ƒåech,5,8,6,7
9/23/2018 13:17:01,Lacazette,10,7,6,5,5,7,7,8,7,8,9,,6,8,8,9
9/23/2018 13:17:17,Lacazette,8,7,6,6,7,7,7,7,8,7,9,Lacazette,5,7,6,6
9/23/2018 13:18:28,Lacazette,8,7,6,6,6,6,6,5,7,7,8,ƒåech,6,6,5,6
9/23/2018 13:18:58,Lacazette,8,7,6,6,6,6,6,5,7,7,8,ƒåech,6,6,5,6
9/23/2018 13:20:15,Lacazette,10,8,7,1,8,9,6,7,6,8,8,ƒåech,6,7,5,7
9/23/2018 13:23:26,Lacazette,10,8,7,7,7,7,7,8,9,9,9,ƒåech,6,7,7,8
9/23/2018 13:24:21,Lacazette,9,7,6,6,7,8,8,7,5,7,9,ƒåech,1,6,6,6
9/23/2018 13:25:29,Lacazette,5,1,0,0,1,3,2,2,2,3,4,ƒåech,1,1,1,1
9/23/2018 13:26:11,Lacazette,10,9,8,7,7,8,8,8,7,8,9,ƒåech,7,9,7,7
9/23/2018 13:27:14,Lacazette,9,7,6,5,8,8,8,9,6,9,10,Lacazette,0,7,7,7
9/23/2018 13:27:31,Lacazette,10,,,,,,,,,,,,,,,
9/23/2018 13:32:18,Lacazette,9,6,7,7,7,8,7,5,8,8,10,Lacazette,4,8,7,8
9/23/2018 13:41:49,Lacazette,10,8,7,5,5,7,4,5,6,6,7,ƒåech,,7,,
9/23/2018 13:42:08,Lacazette,,,,,,,,,,,,,,,,
9/23/2018 13:42:31,Lacazette,,,,,,,,,,,,,,,,
9/23/2018 13:45:31,Lacazette,,,,,,,,,,,,,,,,
9/23/2018 13:45:34,Lacazette,,,,,,,,,,,,,,,,
9/23/2018 13:46:20,Lacazette,,,,,,,,,,,,,,,,
9/23/2018 13:46:51,Lacazette,,,,,,,,,,,,,,,,
9/23/2018 13:48:03,Lacazette,10,7,7,6,6,7,7,7,7,6,8,ƒåech,5,8,6,6
9/23/2018 13:48:05,Lacazette,9,7,6,6,6,7,6,6,7,7,8,ƒåech,5,7,6,6
9/23/2018 13:48:18,Lacazette,9,7,6,7,8,8,7,8,8,9,9,ƒåech,4,7,5,5
9/23/2018 13:52:15,Lacazette,10,8,6,8,7,7,7,7,8,7,8,ƒåech,6,7,6,7
9/23/2018 13:52:56,Lacazette,9,7,7,6,6,8,5,4,6,6,7,ƒåech,5,7,6,5
9/23/2018 13:53:31,Lacazette,9,6,7,6,6,6,6,4,4,8,9,ƒåech,4,6,7,8
9/23/2018 13:54:20,Lacazette,9,6,7,6,6,6,6,4,4,8,9,ƒåech,4,6,7,8
9/23/2018 13:58:58,Lacazette,9,7,6,8,7,7,7,7,8,8,9,Lacazette,7,7,5,5
9/23/2018 14:00:01,Lacazette,8,7,7,7,7,8,7,7,8,7,8,ƒåech,0,8,,
9/23/2018 14:02:08,Lacazette,,,,,,,,,,,,,,,,
9/23/2018 14:05:33,Lacazette,10,8,8,7,7,9,9,8,8,9,9,ƒåech,0,8,0,0
9/23/2018 14:09:52,Lacazette,8,6,5,4,6,8,8,9,8,9,9,Lacazette,3,8,7,7
9/23/2018 14:11:36,Lacazette,10,7,7,7,7,8,7,8,8,8,10,ƒåech,3,7,6,7
9/23/2018 14:12:56,Lacazette,8,6,6,6,6,6,6,6,7,7,8,ƒåech,6,7,6,6
9/23/2018 14:14:17,Lacazette,9,7,6,6,6,7,7,6,7,7,7,ƒåech,4,6,5,5
9/23/2018 14:15:34,Lacazette,,,,,,,,,,,,,,,,
9/23/2018 14:22:06,Lacazette,9,6,5,6,6,6,6,6,5,7,8,ƒåech,0,7,6,6
9/23/2018 14:27:40,Lacazette,9,7,7,6,6,7,7,5,7,7,7,ƒåech,7,7,7,7
9/23/2018 14:28:00,Lacazette,9,7,7,6,6,7,7,5,7,7,7,ƒåech,7,7,7,7
9/23/2018 14:28:32,Lacazette,10,6,7,5,6,7,8,6,8,6,9,ƒåech,5,7,5,5
9/23/2018 14:29:00,Lacazette,9,8,6,6,7,8,6,7,7,8,9,ƒåech,7,8,6,6
9/23/2018 14:31:09,Lacazette,9,8,8,6,7,7,8,8,7,7,8,ƒåech,8,8,7,7
9/23/2018 14:34:16,Lacazette,9,7,6,6,7,8,7,6,7,7,8,ƒåech,6,7,6,6
9/23/2018 14:42:16,Lacazette,8,7,7,6,6,7,7,8,0,6,8,ƒåech,3,8,4,8
9/23/2018 14:46:05,Lacazette,,,,,,,,,,,,,,,,
9/23/2018 14:48:35,Lacazette,8,7,7,6,7,8,7,7,8,8,9,Lacazette,6,7,7,7
9/23/2018 14:58:18,Lacazette,9,6,8,1,9,7,1,5,5,6,8,ƒåech,1,6,8,8
9/23/2018 14:58:46,Lacazette,9,6,6,6,7,6,6,6,6,6,7,ƒåech,5,7,6,6
9/23/2018 14:59:41,Lacazette,9,7,6,6,6,7,7,7,6,7,8,ƒåech,4,7,6,7
9/23/2018 15:00:25,Lacazette,9,7,7,7,7,7,7,9,9,10,10,ƒåech,5,8,6,6
9/23/2018 15:05:42,Lacazette,9,7,5,5,6,8,7,7,7,8,10,Lacazette,3,7,4,6
9/23/2018 15:10:31,Lacazette,9,8,7,7,7,9,8,6,8,7,9,ƒåech,3,8,7,7
9/23/2018 15:10:32,Lacazette,9,6,5,6,7,8,7,6,6,7,8,ƒåech,5,6,6,7
9/23/2018 15:11:19,Lacazette,,,,,,,,,,,,,,,,
9/23/2018 15:16:34,Lacazette,9,7,6,4,5,8,5,6,7,7,8,ƒåech,6,7,6,6
9/23/2018 15:18:51,Lacazette,9,7,5,6,6,8,6,7,7,9,8,ƒåech,1,7,6,6
9/23/2018 15:19:39,Lacazette,10,6,6,7,7,8,7,9,7,9,9,ƒåech,7,7,6,8
9/23/2018 15:35:41,Lacazette,8,6,6,6,6,7,6,6,7,7,7,ƒåech,0,7,5,5
9/23/2018 15:36:06,Lacazette,9,7,6,6,6,7,7,6,7,7,8,ƒåech,5,6,5,5
9/23/2018 15:37:46,Lacazette,9,7,6,6,7,8,7,7,8,7,8,ƒåech,6,7,6,7
9/23/2018 15:41:44,Lacazette,10,,,,,7,,,,,,ƒåech,,,,
9/23/2018 15:51:23,Lacazette,10,10,10,10,10,10,10,10,10,10,10,ƒåech,0,10,10,10
9/23/2018 15:58:24,Lacazette,,,,,,,,,,,,,,,,
9/23/2018 15:59:05,Lacazette,,,,,,,,,,,,,,,,
9/23/2018 16:15:51,Lacazette,10,7,7,7,7,8,7,7,8,8,9,ƒåech,6,8,7,7
9/23/2018 16:22:33,Lacazette,9,7,6,6,6,7,6,7,8,8,9,ƒåech,8,7,6,7
9/23/2018 16:25:38,Lacazette,10,6,6,6,6,8,7,6,5,7,9,ƒåech,6,7,6,6
9/23/2018 16:27:10,Lacazette,9,8,8,5,8,7,7,8,7,9,10,Lacazette,0,7,7,7
9/23/2018 16:32:30,Lacazette,10,6,6,5,6,8,7,6,7,7,9,ƒåech,5,6,6,6
9/23/2018 16:33:23,Lacazette,,,,,,,,,,,,,,,,
9/23/2018 16:39:48,Lacazette,10,7,7,6,8,8,7,7,8,9,9,ƒåech,7,7,7,7
9/23/2018 16:41:58,Lacazette,,,,,,,,,,,,,,,,
9/23/2018 16:43:41,Lacazette,9,6,7,5,7,9,7,4,6,7,9,ƒåech,3,6,5,6
9/23/2018 16:47:53,Lacazette,,,,,,,,,,,,,,,,
9/23/2018 16:48:24,Lacazette,8,6,5,7,6,7,7,6,6,7,9,Lacazette,6,6,5,6
9/23/2018 17:10:19,Lacazette,8,4,7,5,5,7,5,2,2,7,9,ƒåech,0,7,3,3
9/23/2018 17:13:02,Lacazette,9,7,7,7,7,8,8,7,7,7,8,ƒåech,5,7,5,6
9/23/2018 17:14:47,Lacazette,10,7,5,5,7,7,7,7,4,7,8,ƒåech,0,7,7,7
9/23/2018 17:19:35,Lacazette,,,,,,,,,,,,,,,,
9/23/2018 17:40:35,Lacazette,9,5,6,5,7,6,7,6,7,8,10,Lacazette,6,7,5,6
9/23/2018 17:53:32,Lacazette,8,7,5,7,7,6,8,7,8,9,9,ƒåech,5,6,5,5
9/23/2018 18:02:05,Lacazette,9,7,7,8,8,9,9,7,6,7,9,ƒåech,,8,7,7
9/23/2018 18:03:26,Lacazette,9,7,7,8,8,9,9,7,6,7,9,ƒåech,,8,7,7
9/23/2018 18:07:24,Lacazette,8,7,7,6,6,7,7,6,7,8,8,ƒåech,5,8,6,7
9/23/2018 18:28:38,Lacazette,10,8,8,7,8,7,7,7,5,7,7,ƒåech,6,7,6,7
9/23/2018 18:30:31,Lacazette,9,6,6,7,7,8,6,6,6,7,8,ƒåech,7,7,5,6
9/23/2018 18:32:14,Lacazette,10,7,6,7,7,8,7,7,7,8,9,ƒåech,6,7,7,7
9/23/2018 18:51:18,Lacazette,9,8,6,5,7,8,8,6,6,7,8,ƒåech,3,7,7,7
9/23/2018 19:24:34,Lacazette,9,6,7,7,6,8,7,7,7,8,9,ƒåech,7,7,6,6
9/23/2018 19:30:26,Lacazette,7,7,3,5,5,5,5,5,7,7,7,,,5,,
9/23/2018 19:41:28,Lacazette,10,6,5,4,4,7,5,4,5,7,8,ƒåech,1,7,5,6
9/23/2018 19:42:06,Lacazette,9,7,6,6,6,6,7,6,7,8,9,Lacazette,7,7,6,6
9/23/2018 20:49:35,Lacazette,8,7,6,5,7,7,6,6,7,7,9,Lacazette,6,6,6,7
9/23/2018 21:14:49,Lacazette,9,6,7,7,7,6,4,5,5,7,8,ƒåech,2,7,6,7
9/23/2018 22:18:28,Lacazette,10,8,8,7,7,7,4,8,10,8,9,Ramsey,5,8,7,7
9/23/2018 22:29:38,Lacazette,10,5,4,5,5,8,6,7,8,8,8,ƒåech,3,7,6,7
9/23/2018 22:45:00,Lacazette,10,7,7,5,6,7,7,6,8,8,8,ƒåech,3,7,,
9/23/2018 22:50:04,Lacazette,9,7,7,5,6,7,6,5,8,8,8,ƒåech,4,6,,
9/23/2018 23:32:24,Lacazette,10,9,8,8,8,8,8,8,8,8,8,ƒåech,7,9,6,6
9/23/2018 23:49:26,Lacazette,10,8,7,7,7,8,9,7,8,7,8,ƒåech,5,7,6,6
9/23/2018 23:50:03,Lacazette,10,8,7,7,7,8,9,7,8,7,8,ƒåech,5,7,6,6
9/23/2018 23:59:43,Lacazette,8,7,7,4,7,7,4,3,3,5,9,Lacazette,2,7,6,8
9/24/2018 0:47:40,Lacazette,10,,,8,7,8,8,7,7,8,9,ƒåech,5,,7,9
9/24/2018 0:56:36,Lacazette,8,6,8,5,6,8,6,6,6,6,8,Torreira,0,6,5,5
9/24/2018 1:25:20,Lacazette,10,8,8,8,7,8,8,7,8,8,9,ƒåech,7,8,7,8
9/24/2018 1:34:56,Lacazette,9,7,7,7,8,8,7,7,6,7,8,ƒåech,5,8,7,8
9/24/2018 2:17:58,Lacazette,9,6,5,5,6,7,7,6,6,6,7,ƒåech,2,6,5,6
9/24/2018 2:41:40,Lacazette,9,7,8,6,6,7,7,7,7,8,8,ƒåech,4,8,4,6
9/24/2018 3:52:47,Lacazette,8,7,6,5,6,6,7,7,7,7,7,Lacazette,5,6,5,6
9/24/2018 3:53:06,Lacazette,,,,,,,,,,,,,,,,
9/24/2018 4:24:33,Lacazette,8,7,6,7,7,7,5,5,4,7,8,ƒåech,6,7,5,6
9/24/2018 4:31:36,Lacazette,8,7,8,6,6,9,5,7,4,7,10,ƒåech,0,8,6,7
9/24/2018 4:36:08,Lacazette,9,7,7,6,7,8,7,8,8,8,9,,,8,7,7
9/24/2018 4:36:41,Lacazette,9,7,8,6,7,8,8,7,4,7,9,ƒåech,5,7,6,7
9/24/2018 4:42:22,Lacazette,9,7,6,7,7,8,6,6,7,6,7,Torreira,0,7,6,7
9/24/2018 4:48:20,Lacazette,9,6,6,5,7,8,7,6,6,7,8,ƒåech,6,7,6,7
9/24/2018 4:49:17,Lacazette,9,6,6,5,7,8,7,6,6,7,8,ƒåech,6,7,6,7
9/24/2018 5:32:32,Lacazette,9,7,8,6,6,8,7,7,8,8,9,Lacazette,2,7,6,7
9/24/2018 7:33:32,Lacazette,8,7,7,7,7,8,8,7,8,7,8,Torreira,4,7,6,7
9/24/2018 8:04:58,Lacazette,6,6,,7,6,7,6,7,8,8,9,Lacazette,6,7,,6
9/24/2018 8:50:22,Lacazette,9,7,7,6,6,8,7,6,6,8,9,ƒåech,0,7,7,6
9/24/2018 11:52:09,Lacazette,8,7,7,6,7,7,7,7,7,8,8,ƒåech,6,7,6,7
9/24/2018 15:18:51,Lacazette,9,7,6,6,8,8,8,6,7,8,9,Lacazette,0,7,6,7
9/24/2018 16:07:44,Lacazette,9,7,7,7,6,9,8,5,5,7,9,ƒåech,2,8,6,7
9/24/2018 16:28:42,Lacazette,9,6,5,6,6,7,6,6,7,7,8,ƒåech,6,6,5,6
9/24/2018 20:38:38,Lacazette,9,6,6,4,5,7,7,5,5,6,8,ƒåech,8,6,5,5
9/25/2018 11:51:32,Lacazette,9,7,6,5,5,8,5,5,5,7,8,ƒåech,5,6,6,7
9/25/2018 19:49:44,Lacazette,10,7,7,7,7,7,7,6,5,8,9,ƒåech,7,7,6,6
9/26/2018 2:13:12,Lacazette,10,8,7,7,8,9,8,5,8,8,9,Lacazette,5,7,6,8
,,,,,,,,,,,,,,,,,
,,9.09,6.83,6.46,6.01,6.47,7.41,6.71,6.20,6.56,7.25,8.40,ƒåech,4.11,6.98,5.92,6.42
,,,,,,,,,,,,,73% of first 100 votes cast.,,,,