Timestamp,Who scored Arsenal's first goal?,Leno,Monreal üÖê,Sokratis ‚öΩÔ∏è,Holding,Lichtsteiner,Elneny,Guendouzi ‚öΩÔ∏è,Iwobi üÖê,Kola≈°inac,Smith Rowe ‚öΩÔ∏è,Welbeck,Man of the Match,Referee Davide Massa (ITA),Torreira (on at 45'),√ñzil (on at 65'),Lacazette (on at 71')
10/4/2018 12:14:06,Sokratis,6,6,6,6,6,6,6,6,6,6,6,,6,6,6,6
10/4/2018 13:50:49,Sokratis,8,7,8,8,6,6,7,8,7,8,7,Leno,6,7,7,6
10/4/2018 13:50:52,Sokratis,9,6,8,8,7,6,7,7,6,6,6,Holding,7,8,7,8
10/4/2018 13:51:00,Sokratis,7,8,8,6,5,4,7,7,6,8,6,,7,7,6,6
10/4/2018 13:51:13,Sokratis,9,6,8,8,7,6,7,7,6,6,6,Holding,7,8,7,8
10/4/2018 13:51:14,Sokratis,9,8,9,8,7,4,5,9,8,7,5,Iwobi,8,6,5,7
10/4/2018 13:51:22,Sokratis,8,7,8,8,6,4,7,8,6,7,5,Iwobi,7,7,4,5
10/4/2018 13:51:26,Sokratis,9,7,8,8,6,5,7,8,7,6,6,Leno,7,6,5,6
10/4/2018 13:51:28,Sokratis,10,7,9,7,7,6,8,9,8,9,8,Leno,9,8,7,8
10/4/2018 13:51:55,Sokratis,10,6,7,7,5,3,4,7,5,6,6,Leno,4,5,5,6
10/4/2018 13:52:15,Sokratis,8,8,9,8,8,6,8,9,7,8,8,Iwobi,9,7,8,8
10/4/2018 13:52:32,Sokratis,8,7,8,7,7,6,9,9,7,9,6,Smith Rowe,7,7,6,6
10/4/2018 13:52:44,Sokratis,,,,,,,,,,,,,,,,
10/4/2018 13:52:45,Sokratis,9,8,9,9,6,5,8,10,7,8,7,Iwobi,9,8,6,8
10/4/2018 13:53:10,Sokratis,7,8,8,7,7,7,8,9,7,8,8,Iwobi,6,7,7,7
10/4/2018 13:53:45,Sokratis,8,8,8,8,8,8,8,9,7,8,7,Iwobi,7,8,6,6
10/4/2018 13:54:07,Sokratis,9,4,10,7,5,6,5,8,6,5,5,Leno,4,5,5,6
10/4/2018 13:55:21,Sokratis,8,7,8,8,7,0,9,8,7,9,7,Guendouzi,9,7,5,7
10/4/2018 13:56:50,Sokratis,,,,,,,,,,,,,,,,
10/4/2018 13:57:14,Sokratis,,,,,,,,,,,,,,,,
10/4/2018 13:58:09,Sokratis,9,7,8,7,7,4,5,8,7,8,8,Leno,8,7,6,5
10/4/2018 13:58:34,Sokratis,9,6,8,6,5,5,8,9,7,8,7,Iwobi,7,7,6,7
10/4/2018 13:58:53,Sokratis,8,6,8,8,6,6,6,8,6,8,6,Smith Rowe,8,8,6,8
10/4/2018 13:58:56,Sokratis,9,7,9,8,5,5,8,9,6,7,8,Iwobi,8,7,4,7
10/4/2018 13:59:08,Sokratis,8,7,8,8,7,8,9,8,8,8,6,,,,,
10/4/2018 13:59:27,Sokratis,9,7,8,7,7,7,7,10,7,8,8,Iwobi,7,8,8,8
10/4/2018 13:59:35,Sokratis,,,,,,,,,,,,,,,,
10/4/2018 13:59:39,Sokratis,8,6,8,7,5,3,6,9,3,7,5,Iwobi,10,6,5,5
10/4/2018 14:00:29,Sokratis,7,7,7,7,6,6,7,7,7,7,6,Leno,8,6,6,6
10/4/2018 14:01:24,Sokratis,10,8,8,8,7,4,6,8,6,7,7,Leno,9,8,6,6
10/4/2018 14:03:03,Sokratis,8,6,9,6,5,6,7,8,6,6,6,Sokratis,6,6,6,7
10/4/2018 14:03:20,Sokratis,10,10,10,10,7,6,10,10,7,10,7,Sokratis,6,8,6,7
10/4/2018 14:05:13,Sokratis,9,6,9,7,5,5,8,8,7,8,7,Guendouzi,5,7,6,6
10/4/2018 14:05:24,Sokratis,8,6,8,7,5,5,7,10,6,8,7,Iwobi,0,7,6,7
10/4/2018 14:06:36,Sokratis,6,8,8,6,7,6,8,8,6,7,6,Iwobi,6,6,6,7
10/4/2018 14:06:40,Sokratis,9,8,9,7,8,6,8,10,8,8,8,Iwobi,5,5,6,8
10/4/2018 14:07:37,Sokratis,8,6,8,6,5,5,8,7,5,7,5,Leno,8,5,4,6
10/4/2018 14:08:30,Sokratis,9,7,10,9,6,4,8,9,6,7,6,Leno,8,6,6,8
10/4/2018 14:09:23,Sokratis,8,6,7,6,5,4,6,7,5,6,6,Leno,7,5,4,5
10/4/2018 14:09:46,Sokratis,10,7,9,8,7,4,7,8,8,7,5,Leno,5,7,5,7
10/4/2018 14:10:12,Aubameyang,,,,,,,,,,,,,,,,
10/4/2018 14:10:44,Sokratis,8,6,7,7,5,5,8,4,5,7,3,Guendouzi,7,7,6,6
10/4/2018 14:10:48,Sokratis,10,7,9,8,7,4,7,8,8,6,5,Leno,5,7,4,7
10/4/2018 14:11:51,Sokratis,9,7,9,9,4,0,3,10,5,7,6,,8,8,9,9
10/4/2018 14:13:34,Sokratis,9,7,7,7,7,5,7,6,7,7,5,Leno,6,6,4,7
10/4/2018 14:13:45,Sokratis,10,6,8,8,5,5,7,8,7,7,5,Leno,7,6,7,7
10/4/2018 14:14:35,Sokratis,9,7,7,7,7,5,7,6,7,7,5,Leno,6,6,4,7
10/4/2018 14:14:52,Sokratis,10,8,8,8,7,5,7,9,6,7,5,Leno,7,7,7,7
10/4/2018 14:15:03,Sokratis,8,5,6,5,4,3,6,8,6,4,3,Iwobi,6,6,6,7
10/4/2018 14:15:26,Sokratis,10,8,9,8,6,5,8,9,6,8,6,Leno,7,7,7,6
10/4/2018 14:17:19,Sokratis,9,8,8,8,8,5,7,8,8,9,8,Leno,9,8,6,8
10/4/2018 14:17:34,Sokratis,8,7,8,7,6,5,6,8,6,7,6,Iwobi,7,6,6,6
10/4/2018 14:18:13,Sokratis,,,,,,,,,,,,,,,,
10/4/2018 14:19:51,Sokratis,8,6,7,6,6,5,7,9,5,8,7,Iwobi,10,8,6,7
10/4/2018 14:22:18,Sokratis,9,8,9,9,8,7,7,8,8,7,7,Leno,6,8,6,7
10/4/2018 14:22:46,Sokratis,9,7,9,9,7,4,9,9,5,9,8,Leno,5,8,7,9
10/4/2018 14:24:18,Sokratis,9,7,8,7,6,6,7,9,7,8,8,Iwobi,8,7,6,6
10/4/2018 14:24:39,Sokratis,8,6,5,7,6,3,4,9,4,6,4,Iwobi,5,5,4,5
10/4/2018 14:26:31,Sokratis,8,7,8,8,6,6,7,8,6,7,7,Iwobi,8,7,7,7
10/4/2018 14:33:47,Sokratis,9,7,7,6,5,6,6,7,7,6,6,,6,7,6,6
10/4/2018 14:33:48,Sokratis,7,7,9,9,7,6,7,8,7,7,7,Sokratis,9,8,7,5
10/4/2018 14:34:52,Sokratis,,,,,,,,,,,,,,,,
10/4/2018 14:35:32,Sokratis,9,9,9,9,8,8,9,9,8,9,8,Leno,8,8,8,8
10/4/2018 14:36:21,Sokratis,9,7,8,8,7,7,7,8,6,8,7,Leno,9,8,3,7
10/4/2018 14:37:43,Sokratis,10,8,8,8,6,6,8,8,7,8,7,Leno,8,7,1,7
10/4/2018 14:38:05,Sokratis,8,8,9,9,6,6,7,8,6,7,8,Sokratis,7,5,5,5
10/4/2018 14:38:55,Sokratis,8,8,9,9,6,6,7,8,6,7,8,Sokratis,7,5,5,5
10/4/2018 14:39:15,Sokratis,8,6,7,8,7,7,7,8,8,,,Kola≈°inac,,7,6,6
10/4/2018 14:40:07,Sokratis,6,6,6,7,5,4,8,7,6,8,6,Guendouzi,6,6,6,6
10/4/2018 14:40:35,Sokratis,7,6,7,7,5,6,7,7,7,7,6,Iwobi,5,5,6,6
10/4/2018 14:41:42,Sokratis,,,,,,,,,,,,,,,,
10/4/2018 14:41:48,Sokratis,8,8,8,8,8,7,8,8,7,8,7,Leno,6,6,8,7
10/4/2018 14:41:57,Sokratis,8,7,7,7,8,7,7,9,9,7,6,Iwobi,6,7,7,5
10/4/2018 14:42:01,Sokratis,3,,,,,,,,,,,,,,,
10/4/2018 14:42:29,Sokratis,,,,,,,,,,,,,,,,
10/4/2018 14:43:24,Sokratis,10,,,,,,,,,,,,,,,
10/4/2018 14:44:33,Sokratis,8,6,6,6,6,5,7,9,6,7,6,Iwobi,8,6,8,6
10/4/2018 14:45:56,Sokratis,8,8,9,7,7,5,7,9,6,6,7,Iwobi,5,5,4,7
10/4/2018 14:52:55,Sokratis,7,6,7,7,7,6,5,8,8,7,7,Sokratis,7,6,5,6
10/4/2018 14:53:13,Sokratis,,,,,,,,,,,,,,,,
10/4/2018 14:53:30,Sokratis,,,,,,,,,,,,,,,,
10/4/2018 14:53:39,Sokratis,8,4,4,4,4,1,4,8,1,5,1,Iwobi,7,5,5,7
10/4/2018 14:54:19,Sokratis,8,7,8,7,6,5,7,8,7,7, ,Iwobi,7,6,6,5
10/4/2018 14:58:07,Sokratis,7,7,9,7,7,7,8,8,6,7,6,Iwobi,5,6,6,7
10/4/2018 15:03:34,Sokratis,10,9,8,8,6,6,7,9,7,8,8,Iwobi,7,6,5,8
10/4/2018 15:05:29,Sokratis,10,7,9,9,6,3,5,8,6,6,6,Leno,5,5,1,7
10/4/2018 15:09:17,Sokratis,8,7,6,7,6,4,7,8,7,7,6,Iwobi,5,6,6,6
10/4/2018 15:14:42,Sokratis,8,9,9,7,7,7,8,9,6,9,7,Smith Rowe,7,8,7,7
10/4/2018 15:15:06,Sokratis,9,7,8,7,6,7,7,10,5,9,7,Iwobi,7,7,8,7
10/4/2018 15:18:36,Sokratis,9,8,9,7,7,7,9,8,7,9,8,Smith Rowe,8,,8,
10/4/2018 15:26:34,Sokratis,,,,,,,,,,,,,,,,
10/4/2018 15:27:23,Sokratis,8,8,8,7,6,6,6,9,4,7,6,Iwobi,6,7,4,7
10/4/2018 15:28:28,Sokratis,9,7,9,8,7,7,8,9,6,7,7,Leno,7,7,6,6
10/4/2018 15:29:15,Sokratis,9,,,,,,,,,,,,,,,
10/4/2018 15:34:13,Sokratis,9,7,8,6,6,7,8,9,7,7,6,Leno,8,8,7,8
10/4/2018 15:34:19,Sokratis,7,8,8,8,7,7,7,9,6,7,8,Iwobi,7,7,7,7
10/4/2018 15:37:44,Sokratis,8,7,8,7,,6,8,9,8,10,8,Smith Rowe,6,7,7,8
10/4/2018 15:40:01,Sokratis,8,7,8,7,6,8,7,7,6,7,6,Sokratis,8,7,6,7
10/4/2018 15:43:00,Sokratis,,,,,,,,,,,,,,,,
10/4/2018 15:43:30,Sokratis,9,7,8,8,7,6,7,8,7,7,6,Leno,8,8,7,7
10/4/2018 15:43:30,Sokratis,9,7,9,7,7,6,7,8,7,7,6,Leno,7,7,7,7
10/4/2018 15:44:27,Sokratis,8,6,9,7,6,6,7,8,6,7,7,Sokratis,5,5,5,5
10/4/2018 15:47:32,Sokratis,9,8,10,8,4,5,7,9,6,9,6,Sokratis,7,8,7,7
10/4/2018 15:50:34,Sokratis,8,6,8,7,6,5,7,9,4,8,7,Iwobi,3,6,5,6
10/4/2018 15:51:03,Sokratis,9,9,10,9,8,8,9,9,8,10,9,Smith Rowe,10,,,
10/4/2018 15:51:12,Sokratis,8,7,7,7,6,4,3,8,7,6,5,Leno,7,6,6,5
10/4/2018 15:56:29,Sokratis,7,6,7,6,5,5,5,8,5,6,6,Iwobi,,,,
10/4/2018 15:57:49,Sokratis,,,,,,,,,,,,,,,,
10/4/2018 15:59:01,Sokratis,9,6,8,7,4,1,7,7,6,8,4,Sokratis,10,8,7,6
10/4/2018 16:00:02,Sokratis,7,6,7,6,6,7,8,8,7,8,6,Guendouzi,6,6,6,6
10/4/2018 16:03:18,Sokratis,8,7,9,8,7,6,7,7,7,7,6,,7,7,7,7
10/4/2018 16:03:46,Sokratis,9,7,8,7,6,7,8,9,7,7,7,Iwobi,7,7,5,7
10/4/2018 16:05:02,Sokratis,8,7,8,7,6,5,8,7,6,8,5,Smith Rowe,7,7,8,7
10/4/2018 16:06:33,Sokratis,,,,,,,,,,,,,,,,
10/4/2018 16:16:32,Sokratis,7,6,6,6,6,6,6,8,5,7,6,Iwobi,,7,7,6
10/4/2018 16:17:47,Sokratis,9,8,7,9,6,6,8,8,6,9,9,Welbeck,1,8,10,10
10/4/2018 16:18:47,Sokratis,8,7,7,8,8,7,7,8,6,7,7,Leno,,,,
10/4/2018 16:29:50,Sokratis,9,9,9,9,7,9,8,8,9,9,9,Leno,0,9,8,8
10/4/2018 16:41:49,Sokratis,10,8,9,8,8,6,7,9,8,8,7,Leno,6,7,7,7
10/4/2018 16:48:48,Sokratis,6,6,6,6,6,6,6,6,6,6,6,,6,6,6,6
10/4/2018 16:49:32,Sokratis,9,7,8,7,6,4,8,9,7,7,7,Leno,7,6,6,7
10/4/2018 16:51:33,Sokratis,8,6,8,5,5,5,7,7,6,7,5,Leno,6,6,6,6
10/4/2018 17:07:23,Sokratis,9,6,9,6,6,6,7,8,7,8,5,Leno,,7,7,7
10/4/2018 17:11:32,Sokratis,8,7,8,6,6,6,6,8,6,6,6,Sokratis,6,6,6,7
10/4/2018 17:17:46,Sokratis,7,7,6,6,6,7,7,8,6,7,8,Iwobi,5,6,6,5
10/4/2018 17:19:27,Sokratis,8,8,9,9,8,9,10,10,9,10,10,Smith Rowe,9,9,8,10
10/4/2018 17:19:35,Sokratis,8,7,9,7,7,8,8,9,8,8,7,Sokratis,7,7,6,7
10/4/2018 17:21:42,Sokratis,10,7,8,6,5,5,5,9,6,7,9,Leno,7,8,6,6
10/4/2018 17:30:51,Sokratis,6,7,7,8,7,7,7,8,6,7,7,Iwobi,7,7,6,7
10/4/2018 17:58:57,Sokratis,9,6,9,8,6,4,6,8,5,6,5,Leno,7,7,4,5
10/4/2018 18:02:21,Sokratis,8,7,9,8,6,6,7,8,7,8,8,Iwobi,7,6,6,6
10/4/2018 18:09:01,Sokratis,8,6,7,6,6,6,7,8,7,7,6,,7,6,5,6
10/4/2018 18:09:04,Sokratis,7,6,9,5,6,5,6,7,4,6,6,,,7,6,7
10/4/2018 18:09:52,Sokratis,8,7,6,7,6,5,6,9,6,7,6,Iwobi,7,7,4,7
10/4/2018 18:26:39,Sokratis,8,6,8,7,6,6,6,7,6,7,6,Iwobi,6,6,6,6
10/4/2018 18:36:59,Sokratis,,,,,,,,,,,,,,,,
10/4/2018 18:52:58,Sokratis,7,6,8,6,5,5,6,9,6,7,6,Iwobi,6,6,7,6
10/4/2018 18:53:07,Sokratis,8,7,8,8,7,7,7,8,7,8,7,Iwobi,8,7,7,7
10/4/2018 18:54:24,Sokratis,8,7,9,7,7,8,9,9,7,8,7,Iwobi,6,6,7,7
10/4/2018 19:02:47,Sokratis,9,7,9,8,6,6,8,8,7,8,8,Leno,7,7,6,7
10/4/2018 19:08:20,Sokratis,,,,,,,,,,,,,,,10,
10/4/2018 19:59:45,Sokratis,10,10,10,10,10,10,10,10,10,10,10,Smith Rowe,10,10,10,10
10/4/2018 20:03:17,Sokratis,,,,,,,,,,,,,,,,
10/4/2018 20:08:57,Sokratis,9,9,6,6,5,8,7,9,5,6,6,Leno,7,5,6,6
10/4/2018 20:09:29,Sokratis,9,7,8,6,6,5,8,6,5,6,5,Leno,8,5,6,6
10/4/2018 21:29:49,Sokratis,,,,,,,,,,,,,,,,
10/4/2018 21:31:45,Sokratis,9,8,8,8,5,6,7,9,7,7,7,Iwobi,7,8,5,6
10/4/2018 21:48:52,Sokratis,10,6,8,8,6,5,7,8,7,8,6,Leno,7,7,7,6
10/4/2018 21:54:47,Sokratis,8,6,8,6,5,6,8,9,5,8,4,Iwobi,5,6,3,6
10/4/2018 22:10:00,Sokratis,8,7,7,7,5,5,7,9,6,7,5,Leno,5,6,5,6
10/4/2018 23:05:17,Sokratis,8,6,9,7,6,6,8,9,6,6,8,Iwobi,,,,
10/5/2018 0:12:00,Sokratis,8,8,9,6,5,5,8,8,6,7,7,Iwobi,,,,
10/5/2018 0:56:32,Sokratis,8,7,8,7,6,6,7,8,7,7,6,Iwobi,6,6,6,7
10/5/2018 1:02:38,Sokratis,,,10,,,,,,,,,,,,,
10/5/2018 1:17:28,Sokratis,,,,,,,,,,,,,,,,
10/5/2018 3:06:57,Sokratis,9,7,7,8,7,1,8,9,7,8,7,Iwobi,10,7,7,7
10/5/2018 3:32:46,Sokratis,,,,,,,,,,,,,,,,
10/5/2018 4:17:17,Sokratis,9,8,9,7,7,6,8,9,7,7,7,,7,7,7,7
10/5/2018 4:32:27,Sokratis,8,7,8,6,6,5,7,9,3,6,7,Iwobi,6,7,7,7
10/5/2018 5:01:49,Sokratis,10,,,,,,,,,,,,,,,
10/5/2018 5:12:40,Sokratis,8,7,9,7,7,5,7,10,6,7,6,Iwobi,6,7,5,6
10/5/2018 5:13:09,Sokratis,,,,,,,,,,,,,,,,
10/5/2018 5:34:05,Sokratis,8,6,8,7,5,4,5,8,8,6,7,Iwobi,7,7,6,6
10/5/2018 7:20:07,Sokratis,,,,,,,,,,,,,,,,
10/5/2018 7:29:20,Sokratis,,,,,,,,,,,,,,,,
10/5/2018 7:29:31,Sokratis,,,,,,,,,,,,,,,,
10/5/2018 8:05:19,Sokratis,7,6,7,7,6,6,6,6,6,6,6,Leno,6,6,6,6
10/5/2018 14:20:25,Sokratis,8,8,9,8,8,8,9,9,8,9,8,Iwobi,8,7,6,7
10/5/2018 14:46:49,Sokratis,,,,,,,,,,,,,,,,
10/5/2018 14:47:12,Sokratis,,,,,,,,,,,,,,,,
10/5/2018 17:47:51,Sokratis,10,7,7,7,6,5,6,7,5,6,5,Leno,8,7,6,6
10/6/2018 5:18:16,Sokratis,7,10,8,7,7,6,7,8,7,9,8,Smith Rowe,10,7,6,6
10/6/2018 10:07:55,Sokratis,,,,,,,,,,,,Sokratis,,,,
,,,,,,,,,,,,,,,,,
,,8.36,7.01,8.04,7.29,6.25,5.56,7.08,8.24,6.43,7.34,6.49,,6.79,6.73,6.05,6.65
,,,,,,,,,,,,,toss-up between Iwobi and Leno,,,,