Timestamp,Who scored Arsenal's first goal?,Leno,Xhaka ⚽️,Mustafi,Holding,Bellerín,Torreira,Guendouzi,Iwobi,Özil,Aubameyang ⚽️,Lacazette ,Man of the Match,Referee Martin Atkinson,Lichtsteiner (on at 46'),Welbeck (on at 68'),Ramsey (on at 77')
10/28/2018 9:11:13,Lacazette,6,6,6,6,6,6,6,6,6,6,6,Torreira,6,,,
10/28/2018 9:46:09,Xhaka,6,8,5,7,6,7,7,7,8,7,7,Xhaka,6,6,6,6
10/28/2018 10:26:20,Xhaka,1,1,1,1,1,1,1,1,1,1,1,,1,1,1,1
10/28/2018 10:26:28,Xhaka,5,6,4,5,6,8,6,6,6,6,3,Torreira,4,5,6,5
10/28/2018 10:26:39,Xhaka,7,5,5,7,6,8,6,5,6,8,6,Torreira,7,7,7,5
10/28/2018 10:26:39,Xhaka,7,6,4,6,4,7,5,4,5,6,4,Torreira,5,3,2,1
10/28/2018 10:26:45,Xhaka,6,6,4,5,1,10,8,6,8,8,0,Torreira,6,7,1,1
10/28/2018 10:26:46,Xhaka,7,7,6,7,6,8,7,7,6,7,5,Torreira,0,6,7,5
10/28/2018 10:26:46,Xhaka,8,7,2,7,8,6,6,8,5,7,6,Iwobi,0,7,8,7
10/28/2018 10:26:46,Xhaka,6,7,5,7,5,6,6,6,5,8,5,Aubameyang,,6,5,5
10/28/2018 10:26:51,Xhaka,6,7,5,6,4,7,6,5,5,7,4,Xhaka,7,5,5,5
10/28/2018 10:26:53,Xhaka,6,7,5,6,7,6,6,5,6,7,4,Bellerín,0,6,6,2
10/28/2018 10:26:55,Xhaka,6,5,2,4,5,7,7,2,1,7,6,,8,4,6,4
10/28/2018 10:27:10,Xhaka,5,7,3,4,4,8,5,4,6,6,4,Torreira,8,6,3,3
10/28/2018 10:27:16,Xhaka,8,7,4,6,6,6,5,4,5,7,5,Aubameyang,6,6,6,4
10/28/2018 10:27:17,Xhaka,10,0,0,10,6,10,10,2,0,10,10,Torreira,4,9,7,0
10/28/2018 10:27:20,Xhaka,6,2,2,5,4,7,6,3,5,7,4,Torreira,2,5,3,3
10/28/2018 10:27:21,Xhaka,8,7,5,8,7,9,7,9,7,8,6,Iwobi,7,9,7,6
10/28/2018 10:27:26,Xhaka,5,6,5,6,6,8,4,4,4,6,6,Torreira,4,4,5,2
10/28/2018 10:27:32,Xhaka,6,5,6,5,5,7,6,6,6,7,5,Torreira,4,6,7,5
10/28/2018 10:27:35,Xhaka,6,6,4,7,5,6,6,5,6,6,5,Guendouzi,0,7,5,5
10/28/2018 10:27:39,Xhaka,,,,,,,,,,,,,,,,
10/28/2018 10:27:48,Xhaka,7,6,5,6,6,7,6,5,5,7,6,Holding,3,5,7,6
10/28/2018 10:27:51,Xhaka,6,7,0,7,5,9,6,4,6,7,7,Torreira,0,6,4,4
10/28/2018 10:28:10,Xhaka,8,7,4,6,6,9,8,7,6,6,6,,0,5,5,5
10/28/2018 10:28:12,Xhaka,6,6,4,7,7,6,7,5,6,7,6,Guendouzi,0,7,5,5
10/28/2018 10:28:15,Xhaka,7,6,6,7,6,7,6,5,5,6,5,Holding,5,6,5,4
10/28/2018 10:28:15,Xhaka,5,5,4,7,6,7,6,5,4,6,5,Torreira,4,4,7,6
10/28/2018 10:28:23,Xhaka,,,,,,,,,,,,,,,,
10/28/2018 10:28:28,Xhaka,6,7,7,9,6,7,6,5,6,7,6,Holding,3,7,6,4
10/28/2018 10:28:33,Xhaka,6,6,4,7,7,7,5,5,4,6,5,Torreira,3,5,6,5
10/28/2018 10:28:40,Xhaka,7,7,4,6,5,8,6,5,5,7,5,Torreira,6,6,8,7
10/28/2018 10:28:44,Xhaka,7,7,9,9,7,7,4,4,4,5,5,Mustafi,3,6,2,0
10/28/2018 10:28:45,Xhaka,6,7,0,7,6,8,5,5,5,7,3,Torreira,0,6,5,4
10/28/2018 10:28:50,Xhaka,6,6,4,5,5,6,4,4,5,6,4,Torreira,5,4,5,4
10/28/2018 10:28:52,Xhaka,7,6,4,8,5,7,5,0,1,6,6,Leno,8,7,7,2
10/28/2018 10:29:21,Xhaka,6,7,4,5,5,6,5,6,4,6,3,Torreira,5,4,5,4
10/28/2018 10:29:40,Xhaka,7,7,3,5,5,8,7,6,5,8,6,Torreira,5,7,5,5
10/28/2018 10:29:48,Xhaka,7,7,6,7,7,7,7,7,6,7,6,Torreira,4,6,6,6
10/28/2018 10:29:50,Xhaka,10,7,6,10,7,8,7,6,5,8,4,Holding,7,6,10,8
10/28/2018 10:30:27,Xhaka,6,6,6,6,5,8,5,5,4,7,3,,2,5,6,4
10/28/2018 10:30:27,Xhaka,7,6,5,7,7,7,6,8,7,8,6,Iwobi,5,6,6,4
10/28/2018 10:30:34,Xhaka,7,6,3,7,5,8,6,5,5,6,4,Torreira,3,7,5,2
10/28/2018 10:30:54,Xhaka,7,6,3,7,6,9,6,6,7,7,6,Torreira,3,6,5,5
10/28/2018 10:31:03,Xhaka,6,7,3,6,6,7,5,5,5,7,5,Torreira,0,6,5,5
10/28/2018 10:31:15,Xhaka,6,5,5,6,6,7,6,6,6,6,5,Torreira,6,6,6,3
10/28/2018 10:31:33,Xhaka,6,5,4,7,6,8,7,6,4,7,5,Torreira,3,7,8,5
10/28/2018 10:31:36,Xhaka,7,5,5,7,6,8,6,6,5,7,5,Torreira,3,3,7,4
10/28/2018 10:32:14,Xhaka,7,6,5,6,7,7,7,6,6,7,6,Aubameyang,6,6,6,5
10/28/2018 10:32:45,Xhaka,7,7,3,10,6,9,6,6,6,8,6,Holding,5,6,6,6
10/28/2018 10:33:11,Xhaka,4,9,4,7,6,9,7,6,5,7,6,Torreira,0,6,6,3
10/28/2018 10:33:27,Xhaka,6,0,0,4,4,8,5,2,2,7,2,Torreira,0,6,5,5
10/28/2018 10:33:42,Xhaka,7,7,5,6,7,8,7,6,6,7,6,Torreira,3,6,6,6
10/28/2018 10:33:57,Xhaka,5,7,3,6,6,7,7,4,4,5,3,Guendouzi,7,7,4,3
10/28/2018 10:34:18,Xhaka,8,7,4,7,5,8,7,5,6,7,6,Xhaka,6,6,5,6
10/28/2018 10:34:52,Xhaka,6,7,6,6,7,8,6,6,6,7,7,Torreira,4,5,7,6
10/28/2018 10:34:52,Xhaka,7,0,0,9,7,9,7,6,4,5,5,Holding,3,5,4,2
10/28/2018 10:35:13,Xhaka,6,7,5,7,7,7,7,6,6,7,5,Lichtsteiner,0,7,7,5
10/28/2018 10:35:46,Xhaka,7,6,4,7,5,7,6,5,6,7,6,Aubameyang,4,5,6,5
10/28/2018 10:36:56,Xhaka,6,6,5,5,5,7,6,6,4,7,7,Aubameyang,5,6,6,6
10/28/2018 10:37:02,Xhaka,7,6,4,7,5,9,5,5,5,7,3,Torreira,2,4,3,4
10/28/2018 10:37:11,Xhaka,7,7,6,6,5,7,6,5,5,7,5,Xhaka,3,6,3,2
10/28/2018 10:37:29,Xhaka,6,7,4,8,7,9,6,7,6,8,7,Torreira,,6,6,6
10/28/2018 10:37:34,Xhaka,6,7,3,6,5,7,4,2,5,7,2,Torreira,4,5,5,5
10/28/2018 10:37:35,Xhaka,8,5,6,7,5,7,6,2,5,8,3,Torreira,7,7,7,1
10/28/2018 10:37:43,Xhaka,6,5,4,6,7,8,6,4,5,6,3,Torreira,3,6,6,5
10/28/2018 10:37:54,Xhaka,6,6,2,6,7,7,7,4,4,7,5,Torreira,4,7,4,2
10/28/2018 10:38:07,Xhaka,6,6,5,5,5,7,6,6,4,7,7,Aubameyang,5,6,6,6
10/28/2018 10:38:40,Xhaka,6,7,3,6,5,6,5,7,7,8,6,Aubameyang,7,4,5,5
10/28/2018 10:38:49,Xhaka,5,6,4,7,6,8,7,4,4,7,4,Torreira,3,5,5,2
10/28/2018 10:39:03,Xhaka,6,6,5,7,7,8,6,5,6,7,6,Torreira,2,5,6,6
10/28/2018 10:39:08,Xhaka,8,7,5,8,7,9,6,5,5,6,7,Torreira,5,6,6,4
10/28/2018 10:39:14,Xhaka,6,7,4,5,6,6,6,3,5,6,2,Xhaka,7,6,5,4
10/28/2018 10:40:32,Xhaka,7,7,6,7,6,7,7,,7,7,7,Torreira,2,6,6,6
10/28/2018 10:41:14,Xhaka,7,6,5,7,7,6,5,5,5,7,5,Holding,0,6,6,6
10/28/2018 10:42:45,Xhaka,6,6,5,7,6,8,6,6,5,6,4,Torreira,5,5,5,5
10/28/2018 10:43:00,Xhaka,6,3,4,8,5,6,4,4,3,5,4,Holding,5,6,4,3
10/28/2018 10:44:12,Xhaka,6,7,2,5,6,7,6,5,4,7,6,Torreira,5,5,4,3
10/28/2018 10:45:39,Xhaka,7,7,5,8,6,7,6,7,6,7,6,Holding,2,7,6,3
10/28/2018 10:46:28,Xhaka,6,7,3,6,5,6,4,4,4,7,4,Holding,0,5,6,5
10/28/2018 10:46:47,Xhaka,7,5,5,10,7,10,8,5,8,8,5,Holding,5,5,6,6
10/28/2018 10:47:37,Xhaka,6,6,3,5,7,7,7,5,6,7,4,Torreira,0,6,5,2
10/28/2018 10:48:02,Xhaka,7,7,6,8,6,8,7,6,5,6,5,Holding,0,7,6,6
10/28/2018 10:48:06,Xhaka,6,7,6,7,5,7,6,6,6,7,6,Xhaka,6,6,6,5
10/28/2018 10:49:26,Xhaka,4,6,3,5,3,6,4,4,4,4,4,Xhaka,3,4,3,4
10/28/2018 10:49:34,Xhaka,7,5,3,7,6,7,7,3,6,5,3,Torreira,6,4,5,4
10/28/2018 10:49:36,Xhaka,7,5,5,6,6,7,6,6,5,7,5,Torreira,6,5,6,6
10/28/2018 10:49:42,Xhaka,7,7,1,8,6,6,6,2,4,6,0,Holding,2,6,7,0
10/28/2018 10:49:52,Xhaka,5,7,6,7,6,8,6,6,6,6,5,Torreira,4,6,6,0
10/28/2018 10:51:32,Xhaka,6,7,5,7,6,8,4,5,4,5,4,Torreira,7,4,6,5
10/28/2018 10:51:47,Xhaka,5,6,7,6,5,6,6,6,5,7,6,,6,5,5,5
10/28/2018 10:52:03,Xhaka,6,6,5,7,5,6,6,6,5,6,4,Holding,2,6,5,1
10/28/2018 10:52:23,Xhaka,6,5,0,8,6,9,6,4,5,7,6,Holding,0,5,5,4
10/28/2018 10:53:20,Xhaka,6,8,6,7,6,7,7,6,6,7,6,Torreira,6,5,5,5
10/28/2018 10:54:12,Xhaka,6,6,0,6,6,8,6,5,6,8,6,Torreira,0,5,6,1
10/28/2018 10:55:07,Xhaka,6,7,6,6,6,8,7,6,6,7,4,,5,4,5,4
10/28/2018 10:56:18,Xhaka,7,7,5,7,6,8,7,6,6,7,5,Torreira,6,6,6,5
10/28/2018 10:56:30,Xhaka,8,6,4,6,6,7,7,4,5,6,4,Torreira,3,5,7,3
10/28/2018 10:57:56,Xhaka,5,5,5,7,5,8,5,4,5,6,4,Torreira,3,4,5,5
10/28/2018 10:58:06,Xhaka,9,7,5,8,8,9,9,8,9,9,8,Aubameyang,2,7,7,5
10/28/2018 10:58:48,Xhaka,7,7,4,8,6,7,7,2,7,10,0,Aubameyang,3,5,4,4
10/28/2018 10:59:53,Xhaka,7,5,5,8,6,8,6,6,4,6,3,Holding,2,5,7,5
10/28/2018 12:55:20,Xhaka,6,1,1,6,6,7,6,6,6,7,6,Aubameyang,4,5,6,4
10/28/2018 11:01:39,Xhaka,5,5,4,5,5,6,6,5,5,6,3,Torreira,6,5,5,5
10/28/2018 11:03:14,Xhaka,8,8,6,6,6,8,6,6,6,7,5,Torreira,6,8,,6
10/28/2018 11:03:36,Xhaka,6,6,5,7,6,8,8,5,5,5,6,Torreira,6,7,5,5
10/28/2018 11:03:44,Xhaka,7,6,8,8,5,6,8,7,7,7,5,Holding,8,6,6,5
10/28/2018 11:05:32,Xhaka,6,7,3,7,4,8,6,0,1,5,0,Holding,0,7,7,1
10/28/2018 11:05:43,Xhaka,8,7,6,7,6,7,7,4,4,6,3,Torreira,0,6,7,1
10/28/2018 11:06:07,Xhaka,7,6,4,8,6,8,4,6,5,6,5,Holding,0,6,7,5
10/28/2018 11:08:50,Xhaka,7,7,5,6,6,7,5,5,5,6,5,Torreira,3,6,5,5
10/28/2018 11:10:29,Xhaka,,,,,,,,,,,,,0,,,
10/28/2018 11:10:38,Xhaka,7,7,6,7,7,8,6,7,7,7,7,Xhaka,6,7,7,6
10/28/2018 11:13:16,Xhaka,7,8,5,7,5,8,6,6,6,7,3,Xhaka,6,6,5,3
10/28/2018 11:13:33,Xhaka,7,4,3,6,7,8,7,4,5,7,6,Torreira,6,7,6,1
10/28/2018 11:15:42,Xhaka,7,7,6,8,7,8,6,6,6,9,6,Lichtsteiner,4,9,6,6
10/28/2018 11:19:00,Xhaka,7,6,6,8,6,9,6,4,4,5,2,Torreira,0,5,6,4
10/28/2018 11:19:26,Xhaka,5,6,3,5,5,8,5,2,3,7,3,Torreira,2,4,7,5
10/28/2018 11:35:50,Xhaka,6,7,2,4,6,8,6,4,6,7,4,Torreira,5,6,4,4
10/28/2018 11:36:17,Xhaka,7,6,5,7,7,7,6,6,6,7,5,Lichtsteiner,7,7,5,6
10/28/2018 11:41:01,Xhaka,5,5,5,5,5,7,6,5,5,6,5,Torreira,8,4,6,4
10/28/2018 11:47:27,Xhaka,7,6,4,6,7,7,7,7,6,7,7,Torreira,7,6,5,5
10/28/2018 11:47:48,Xhaka,8,8,5,8,8,7,7,0,8,8,7,Aubameyang,0,7,0,5
10/28/2018 11:48:40,Xhaka,6,7,6,6,6,7,7,6,6,6,5,Torreira,5,5,6,6
10/28/2018 12:06:49,Xhaka,8,7,4,6,8,9,5,3,5,6,3,Torreira,0,4,4,4
10/28/2018 12:26:55,Xhaka,,,,,,,,,,,,,,,,
10/28/2018 12:29:31,Xhaka,,,,,4,,,,,,,,,,,
10/28/2018 12:29:46,Xhaka,6,7,4,7,5,8,8,7,6,7,6,Holding,7,6,4,4
10/28/2018 12:34:10,Xhaka,6,6,4,7,5,9,7,5,6,7,2,Torreira,5,6,6,4
10/28/2018 12:34:55,Xhaka,7,6,4,7,5,7,6,4,4,6,2,Holding,0,6,5,5
10/28/2018 12:35:50,Xhaka,6,7,4,6,3,7,6,6,5,6,6,Xhaka,8,6,5,3
10/28/2018 12:36:03,Xhaka,6,5,6,8,6,9,7,6,6,8,5,Torreira,2,5,6,6
10/28/2018 12:39:29,Xhaka,,,,,,,,,,,,,,,,
10/28/2018 12:41:42,Xhaka,5,6,4,7,7,8,6,5,6,6,5,Holding,6,6,7,4
10/28/2018 12:46:20,Xhaka,8,7,6,7,7,9,8,7,6,6,3,Torreira,6,6,6,6
10/28/2018 12:52:14,Xhaka,7,8,5,8,7,9,,6,6,8,6,Torreira,4,7,6,4
10/28/2018 12:56:04,Xhaka,6,7,4,7,6,6,5,7,6,6,7,Holding,5,6,6,5
10/28/2018 13:02:16,Xhaka,7,7,3,6,5,9,7,5,5,6,4,Torreira,5,5,7,6
10/28/2018 13:08:55,Xhaka,7,5,4,6,6,8,5,4,5,6,3,Torreira,5,5,5,5
10/28/2018 13:13:31,Xhaka,,,,,,,,,,,,,,,,
10/28/2018 13:13:50,Xhaka,,,,,,,,,,,,,,,,
10/28/2018 13:17:03,Xhaka,7,7,6,7,8,5,6,6,9,10,3,Aubameyang,0,5,6,6
10/28/2018 13:26:48,Xhaka,6,7,3,8,6,8,7,3,5,7,2,Torreira,0,7,5,3
10/28/2018 13:43:32,Xhaka,,,,,,,,,,,,,,,,
10/28/2018 13:43:53,Xhaka,,,,,,,,,,,,,,,,
10/28/2018 13:45:04,Xhaka,7,7,5,7,6,6,6,6,6,7,5,Holding,5,6,5,5
10/28/2018 14:37:53,Xhaka,6,7,5,6,6,8,7,7,6,8,7,Torreira,4,6,7,6
10/28/2018 14:39:44,Xhaka,7,7,6,7,7,8,7,7,6,8,6,Torreira,5,5,7,6
10/28/2018 14:53:25,Xhaka,7,6,7,8,7,8,8,6,6,7,7,Torreira,7,7,6,6
10/28/2018 14:54:51,Xhaka,6,6,5,7,7,8,6,7,6,6,4,Torreira,5,6,6,5
10/28/2018 14:55:45,Xhaka,8,6,2,7,5,8,7,5,6,7,4,Torreira,7,7,5,4
,,,,,,,,,,,,,,,,,
,,6.48,6.15,4.28,6.65,5.82,7.46,6.14,5.10,5.28,6.74,4.79,,3.84,5.74,5.53,4.29