Timestamp,Who scored Arsenal's first goal?,Leno,Maitland-Niles,Monreal,Sokratis,Kola코inac 游,Elneny,Xhaka,Guendouzi,칐zil 游,Lacazette 游,Aubameyang 丘쬂잺丘쬂잺,Man of the Match,Referee Kevin Friend,Lichtsteiner (on at 37'),Torreira (on at 59'),Iwobi 丘쬂잺 (on at 78')
12/22/2018 8:04:59,Aubameyang,6,6,6,6,6,6,6,6,6,6,6,Aubameyang,0,6,6,6
12/22/2018 8:24:34,Aubameyang,7,8,6,7,9,5,6,7,7,7,9,Kola코inac,0,7,7,7
12/22/2018 8:24:38,Aubameyang,7,6,8,7,9,6,7,7,8,8,9,Aubameyang,0,7,7,9
12/22/2018 8:24:52,Aubameyang,7,7,7,8,9,7,7,7,8,7,8,Kola코inac,4,7,7,7
12/22/2018 8:24:56,Aubameyang,7,6,7,9,10,6,8,8,9,7,9,Kola코inac,7,7,8,8
12/22/2018 8:24:57,Aubameyang,7,6,6,8,8,5,6,6,7,7,8,Aubameyang,5,5,6,6
12/22/2018 8:25:19,Aubameyang,,,,,,,,,,,10,Aubameyang,,,,
12/22/2018 8:25:20,Aubameyang,7,7,7,8,8,7,8,8,8,7,8,Xhaka,,,,
12/22/2018 8:25:27,Aubameyang,7,8,7,7,9,7,7,7,8,8,9,Kola코inac,6,7,6,7
12/22/2018 8:25:32,Aubameyang,7,6,6,8,8,5,7,7,8,7,8,Sokratis,8,6,6,6
12/22/2018 8:25:33,Aubameyang,6,6,6,7,9,6,7,6,8,7,8,Kola코inac,5,6,7,6
12/22/2018 8:25:34,Aubameyang,6,7,6,7,9,6,8,7,7,7,9,Kola코inac,5,5,6,7
12/22/2018 8:25:35,Aubameyang,6,6,6,7,8,6,6,6,7,7,8,Kola코inac,7,6,6,6
12/22/2018 8:25:43,Aubameyang,7,6,7,8,10,6,7,8,10,9,10,Aubameyang,7,5,7,7
12/22/2018 8:25:50,Aubameyang,7,7,7,7,9,7,7,7,8,7,9,Kola코inac,7,7,7,7
12/22/2018 8:25:58,Aubameyang,7,6,6,7,10,6,8,7,9,8,9,Kola코inac,9,7,8,8
12/22/2018 8:26:05,Aubameyang,7,4,5,7,8,6,6,6,7,7,8,Aubameyang,0,7,6,7
12/22/2018 8:26:19,Aubameyang,7,8,7,9,9,7,7,8,9,9,9,Aubameyang,2,6,6,7
12/22/2018 8:26:34,Aubameyang,7,6,6,6,8,6,7,6,8,8,8,Kola코inac,5,6,7,6
12/22/2018 8:26:35,Aubameyang,7,7,6,9,9,7,8,7,7,8,9,Sokratis,4,7,6,7
12/22/2018 8:26:36,Aubameyang,7,7,7,7,8,7,7,8,9,8,10,Aubameyang,6,5,5,8
12/22/2018 8:26:38,Aubameyang,7,6,5,8,9,6,7,7,9,7,9,Kola코inac,0,6,6,7
12/22/2018 8:26:46,Aubameyang,7,6,4,8,10,7,8,6,9,9,10,Kola코inac,7,6,8,7
12/22/2018 8:27:05,Aubameyang,7,7,7,9,10,7,6,7,9,10,10,Lacazette,4,6,8,9
12/22/2018 8:27:07,Aubameyang,7,7,6,6,8,6,7,6,8,7,8,Kola코inac,4,5,6,6
12/22/2018 8:27:23,Aubameyang,6,6,6,8,9,6,7,7,8,7,8,Kola코inac,3,6,6,7
12/22/2018 8:27:24,Aubameyang,7,7,7,8,9,7,7,6,8,8,9,Kola코inac,3,6,6,6
12/22/2018 8:27:34,Aubameyang,7,6,5,8,9,6,7,7,9,7,9,Kola코inac,0,6,6,7
12/22/2018 8:27:41,Aubameyang,7,7,6,7,9,7,7,7,7,7,9,Aubameyang,4,7,8,8
12/22/2018 8:27:48,Aubameyang,7,6,7,8,9,6,8,7,9,8,9,칐zil,3,5,4,5
12/22/2018 8:28:02,Aubameyang,8,7,7,8,10,7,9,7,8,9,10,Kola코inac,5,8,7,4
12/22/2018 8:28:02,Aubameyang,6,7,5,8,9,3,7,6,8,8,9,Kola코inac,0,6,7,7
12/22/2018 8:28:16,Aubameyang,7,7,6,8,8,6,7,7,9,7,9,Aubameyang,4,6,7,8
12/22/2018 8:28:24,Aubameyang,7,7,6,8,10,7,7,7,9,8,9,Kola코inac,6,8,7,8
12/22/2018 8:28:33,Aubameyang,6,6,6,7,9,6,7,7,7,8,9,Aubameyang,5,7,6,7
12/22/2018 8:28:43,Aubameyang,7,6,5,7,9,6,6,6,7,7,8,Kola코inac,1,5,5,5
12/22/2018 8:28:55,Aubameyang,7,7,7,9,9,6,7,6,7,8,9,Kola코inac,5,6,7,6
12/22/2018 8:29:05,Aubameyang,3,1,5,4,9,7,1,6,8,4,9,Kola코inac,2,4,3,6
12/22/2018 8:29:10,Aubameyang,6,6,6,7,8,7,6,6,8,7,10,Aubameyang,6,7,6,7
12/22/2018 8:29:19,Aubameyang,,7,,7,9,5,7,7,8,7,9,Kola코inac,,6,6,7
12/22/2018 8:29:44,Aubameyang,10,10,10,10,10,10,10,10,10,10,10,칐zil,0,10,10,10
12/22/2018 8:30:16,Aubameyang,7,6,6,7,7,6,6,6,8,7,9,Aubameyang,5,6,7,7
12/22/2018 8:30:23,Aubameyang,6,8,6,8,7,6,5,8,6,6,8,Guendouzi,2,7,6,7
12/22/2018 8:30:30,Aubameyang,7,8,7,8,10,7,7,7,9,7,9,Kola코inac,6,8,7,7
12/22/2018 8:30:37,Aubameyang,7,5,5,8,9,6,7,6,9,8,10,Aubameyang,3,7,5,6
12/22/2018 8:31:09,Aubameyang,7,6,6,9,7,4,8,7,8,6,7,Sokratis,0,4,6,6
12/22/2018 8:31:25,Aubameyang,6,6,6,7,9,7,6,7,9,7,9,Aubameyang,8,5,6,7
12/22/2018 8:32:10,Aubameyang,6,7,7,9,9,3,5,6,9,8,10,칐zil,0,7,7,7
12/22/2018 8:32:23,Aubameyang,7,7,5,9,9,3,6,6,8,7,8,Sokratis,4,6,6,7
12/22/2018 8:32:40,Aubameyang,7,7,7,8,9,6,7,6,8,7,9,칐zil,6,6,7,7
12/22/2018 8:33:06,Aubameyang,6,7,6,7,8,6,6,6,7,7,8,Kola코inac,8,6,6,7
12/22/2018 8:33:08,Aubameyang,8,8,5,9,9,7,8,7,10,9,10,칐zil,3,6,7,7
12/22/2018 8:33:16,Aubameyang,6,7,5,8,9,5,5,5,7,8,9,Kola코inac,8,5,5,6
12/22/2018 8:33:18,Aubameyang,7,9,7,9,9,7,8,8,9,9,10,Aubameyang,7,7,7,8
12/22/2018 8:33:23,Aubameyang,6,5,5,6,9,6,5,6,8,7,9,Aubameyang,5,6,4,6
12/22/2018 8:33:42,Aubameyang,8,7,7,8,9,7,7,8,9,7,9,Kola코inac,6,7,7,8
12/22/2018 8:34:25,Aubameyang,8,7,7,9,10,7,6,7,8,8,9,Kola코inac,4,7,6,6
12/22/2018 8:34:28,Aubameyang,7,7,5,8,10,9,9,8,10,10,10,Kola코inac,6,8,7,7
12/22/2018 8:34:39,Aubameyang,6,6,6,8,9,8,4,6,8,6,10,Aubameyang,3,4,6,8
12/22/2018 8:34:50,Aubameyang,6,7,6,7,9,6,7,7,9,7,9,Kola코inac,3,6,6,7
12/22/2018 8:34:57,Aubameyang,6,6,6,8,8,7,7,6,8,7,9,Aubameyang,3,7,6,8
12/22/2018 8:35:28,Aubameyang,7,8,6,7,10,6,6,6,10,8,10,칐zil,5,6,6,7
12/22/2018 8:35:56,Aubameyang,7,4,5,9,10,7,6,8,9,6,8,Kola코inac,0,7,7,6
12/22/2018 8:36:08,Aubameyang,7,9,7,7,10,5,6,6,8,8,10,Kola코inac,0,5,7,8
12/22/2018 8:36:26,Aubameyang,7,6,6,8,9,5,7,7,7,6,8,Kola코inac,5,7,7,6
12/22/2018 8:37:14,Aubameyang,7,7,7,8,8,6,7,7,8,8,9,Aubameyang,6,4,7,7
12/22/2018 8:37:18,Aubameyang,5,7,7,7,8,6,7,6,8,6,7,칐zil,5,6,7,7
12/22/2018 8:37:49,Aubameyang,7,7,6,8,9,6,7,6,8,8,8,Kola코inac,5,6,5,7
12/22/2018 8:38:03,Aubameyang,7,7,6,8,9,6,7,6,8,8,8,Kola코inac,5,6,5,7
12/22/2018 8:38:29,Aubameyang,7,8,7,8,9,6,7,6,8,7,9,Kola코inac,7,7,6,7
12/22/2018 8:40:53,Aubameyang,6,4,5,7,9,6,5,5,8,6,9,Kola코inac,4,5,5,6
12/22/2018 8:40:55,Aubameyang,8,6,6,8,9,6,7,7,9,9,10,Kola코inac,5,6,6,8
12/22/2018 8:41:29,Aubameyang,6,6,6,8,9,6,7,7,8,7,8,Kola코inac,4,5,6,7
12/22/2018 8:42:06,Aubameyang,7,7,7,8,9,7,7,7,8,8,9,Kola코inac,6,7,7,7
12/22/2018 8:42:42,Aubameyang,7,6,6,8,9,5,7,6,8,9,9,Kola코inac,3,4,6,7
12/22/2018 8:44:34,Aubameyang,6,6,6,7,8,6,7,7,9,8,10,Aubameyang,5,6,8,8
12/22/2018 8:45:02,Aubameyang,6,6,7,7,8,6,7,7,8,9,10,Aubameyang,2,7,7,8
12/22/2018 8:45:16,Aubameyang,5,6,5,7,8,2,4,2,8,7,9,Kola코inac,8,4,6,6
12/22/2018 8:47:28,Aubameyang,7,7,6,8,9,6,6,7,8,7,8,Kola코inac,4,6,6,7
12/22/2018 8:48:00,Aubameyang,8,8,7,8,9,6,7,7,8,8,9,Kola코inac,6,7,7,7
12/22/2018 8:48:04,Aubameyang,8,8,7,8,9,6,7,7,8,8,9,Kola코inac,6,7,7,7
12/22/2018 8:50:25,Aubameyang,7,8,8,8,10,8,8,8,9,9,10,Kola코inac,1,7,5,8
12/22/2018 8:50:34,Aubameyang,7,8,,7,9,6,6,6,8,6,8,Aubameyang,5,,6,7
12/22/2018 8:51:23,Aubameyang,7,6,6,7,9,6,7,7,8,7,9,Kola코inac,5,6,7,7
12/22/2018 8:51:30,Aubameyang,7,7,7,8,8,6,8,7,9,6,9,칐zil,5,6,7,8
12/22/2018 8:52:07,Aubameyang,7,7,5,8,9,5,7,6,8,7,10,Aubameyang,4,6,5,6
12/22/2018 8:52:10,Aubameyang,7,7,6,8,8,6,7,7,8,8,9,Aubameyang,5,7,6,6
12/22/2018 8:53:51,Aubameyang,7,7,8,9,10,7,7,8,10,9,10,칐zil,6,8,7,8
12/22/2018 8:54:29,Aubameyang,6,6,6,8,8,6,6,6,7,7,8,Aubameyang,3,6,6,6
12/22/2018 8:55:34,Aubameyang,7,5,3,7,10,4,7,6,9,5,8,Kola코inac,5,6,6,7
12/22/2018 8:55:56,Aubameyang,7,6,6,8,10,7,8,7,7,7,9,Kola코inac,2,7,3,7
12/22/2018 8:57:53,Aubameyang,7,7,7,8,9,6,7,6,8,8,9,Aubameyang,2,7,7,8
12/22/2018 8:57:55,Aubameyang,6,6,6,8,9,4,6,6,8,8,10,Aubameyang,0,6,6,7
12/22/2018 8:59:03,Aubameyang,5,7,6,7,8,6,6,7,7,7,9,Aubameyang,6,5,6,7
12/22/2018 8:59:20,Aubameyang,6,7,4,8,9,5,5,5,8,8,9,Aubameyang,7,6,6,7
12/22/2018 9:01:01,Aubameyang,7,7,6,8,9,7,6,7,7,8,10,Aubameyang,6,7,7,7
12/22/2018 9:01:41,Aubameyang,6,6,5,7,9,6,5,6,7,7,9,Kola코inac,2,6,6,6
12/22/2018 9:02:54,Aubameyang,6,7,6,7,8,7,7,7,8,7,9,Aubameyang,2,6,7,7
12/22/2018 9:03:49,Aubameyang,7,6,6,7,8,6,6,6,8,6,8,Kola코inac,3,6,6,7
12/22/2018 9:07:02,Aubameyang,5,4,4,7,8,5,4,5,6,7,8,,,5,4,6
12/22/2018 9:07:17,Aubameyang,6,6,5,8,8,5,7,7,8,8,9,Kola코inac,5,6,6,8
12/22/2018 9:08:32,Aubameyang,6,6,6,7,8,3,6,5,7,7,8,Kola코inac,7,6,7,7
12/22/2018 9:09:19,Aubameyang,8,8,7,9,9,7,8,8,10,9,9,칐zil,8,7,8,8
12/22/2018 9:09:22,Aubameyang,7,7,5,9,9,6,7,6,8,8,9,Aubameyang,5,6,4,7
12/22/2018 9:11:18,Aubameyang,6,7,6,7,9,6,7,6,7,6,8,Kola코inac,5,6,5,6
12/22/2018 9:13:06,Aubameyang,6,6,7,7,9,6,5,6,8,7,8,Kola코inac,3,6,5,7
12/22/2018 9:13:37,Aubameyang,7,7,6,8,9,7,7,7,8,8,9,Kola코inac,4,6,7,7
12/22/2018 9:14:48,Aubameyang,10,10,10,10,10,10,10,10,10,10,10,칐zil,,,,
12/22/2018 9:17:14,Aubameyang,7,8,7,8,9,6,7,7,8,8,10,Aubameyang,9,8,7,7
12/22/2018 9:18:53,Aubameyang,6,7,6,7,8,5,8,7,8,8,10,Aubameyang,1,6,6,7
12/22/2018 9:22:30,Aubameyang,7,7,7,8,9,7,8,7,8,7,9,Kola코inac,6,7,7,8
12/22/2018 9:30:39,Aubameyang,8,9,8,10,10,7,8,8,7,6,10,Kola코inac,2,7,7,8
12/22/2018 9:33:25,Aubameyang,6,6,5,8,9,7,7,6,8,8,9,Kola코inac,3,5,5,7
12/22/2018 9:33:56,Aubameyang,8,7,8,9,10,7,8,7,9,8,9,Kola코inac,8,7,6,8
12/22/2018 9:36:30,Ramsey,,,,,,,,,,,,,,,,
12/22/2018 9:37:45,Aubameyang,7,7,7,8,9,7,5,6,9,8,9,Kola코inac,6,7,4,8
12/22/2018 9:40:59,Aubameyang,,,,,,,,,,,,,,,,
12/22/2018 9:42:31,Aubameyang,,,,,,,,,,,,,,,,
12/22/2018 9:44:32,Aubameyang,6,5,,6,8,6,5,5,7,6,7,Kola코inac,5,5,6,6
12/22/2018 9:47:33,Aubameyang,6,5,6,9,9,2,7,6,7,8,9,Kola코inac,0,7,6,7
12/22/2018 9:47:37,Aubameyang,7,6,6,8,10,7,7,7,8,7,9,Kola코inac,0,6,6,7
12/22/2018 9:49:38,Aubameyang,8,7,7,8,8,7,7,7,7,7,8,Kola코inac,4,6,6,6
12/22/2018 9:55:10,Aubameyang,6,6,6,7,8,6,6,6,8,7,8,Kola코inac,7,6,7,6
12/22/2018 10:00:54,Aubameyang,7,7,3,9,10,4,8,5,7,6,8,Kola코inac,0,5,7,6
12/22/2018 10:01:50,Aubameyang,7,7,5,8,10,4,7,6,9,8,10,Kola코inac,7,6,7,7
12/22/2018 10:04:24,Aubameyang,8,8,7,10,9,6,8,7,8,8,10,Kola코inac,4,7,8,8
12/22/2018 10:10:03,Aubameyang,6,8,6,8,8,7,6,7,9,9,10,Kola코inac,7,7,7,7
12/22/2018 10:11:12,Aubameyang,7,6,5,8,8,5,6,6,7,7,8,Aubameyang,6,6,5,6
12/22/2018 10:11:49,Aubameyang,8,7,7,9,9,8,7,6,9,7,9,Aubameyang,2,6,7,6
12/22/2018 10:34:13,Aubameyang,,,,,,,,,,,,,,,,
12/22/2018 10:35:33,Aubameyang,,,,,,,,,,,,,,,,
12/22/2018 10:47:18,Aubameyang,8,7,7,8,10,7,8,7,9,7,10,Kola코inac,2,8,7,7
12/22/2018 10:59:18,Aubameyang,,,,,,,,,,,,,,,,
12/22/2018 11:29:52,Aubameyang,7,7,6,8,9,7,6,5,8,7,9,Kola코inac,5,7,6,7
12/22/2018 11:56:17,Aubameyang,,,,,,,,,,,,,,,,
12/22/2018 12:00:48,Aubameyang,7,6,6,8,9,7,8,6,8,8,9,Kola코inac,7,6,6,7
12/22/2018 12:01:30,Aubameyang,7,8,7,9,10,7,8,8,9,9,10,Aubameyang,6,8,8,8
12/22/2018 12:11:39,Aubameyang,8,6,6,10,9,6,7,6,8,7,9,Sokratis,,6,8,7
12/22/2018 12:16:23,Aubameyang,7,7,7,8,10,6,6,6,8,7,9,Kola코inac,5,6,5,6
12/22/2018 12:39:42,Aubameyang,8,9,8,9,9,8,9,9,9,9,10,Aubameyang,5,8,9,9
12/22/2018 13:29:18,Aubameyang,5,5,5,5,8,4,5,5,6,6,8,Kola코inac,,,,
12/22/2018 13:52:47,Aubameyang,7,7,5,7,8,6,7,7,8,8,8,칐zil,8,8,7,6
12/22/2018 13:54:42,Aubameyang,7,6,6,6,8,5,6,5,6,6,7,Kola코inac,5,6,6,6
12/22/2018 14:14:19,Aubameyang,,,,,,,,,,,,,,,,
12/22/2018 14:16:50,Aubameyang,8,8,7,9,10,5,8,6,8,7,10,Aubameyang,8,8,7,9
12/22/2018 14:30:27,Aubameyang,7,7,6,8,10,6,7,8,8,7,10,Kola코inac,0,6,9,6
12/22/2018 14:54:26,Aubameyang,7,6,5,7,8,6,7,6,7,7,8,Kola코inac,4,6,6,7
12/22/2018 15:06:29,Aubameyang,6,6,6,7,8,5,5,5,8,7,8,칐zil,7,6,6,6
12/22/2018 15:11:04,Aubameyang,7,6,6,8,9,6,7,6,7,7,8,,4,7,7,7
,,,,,,,,,,,,,,,,,
,,6.80,6.66,6.18,7.79,8.88,6.09,6.76,6.59,8.07,7.45,8.91,,4.32,6.28,6.36,6.96