Timestamp,Who scored Arsenal's first goal?,ƒåech,Lichtsteiner,Jenkinson,Sokratis,Kola≈°inac ,Elneny,Ramsey,Maitland-Niles,Willock ‚öΩÔ∏è‚öΩÔ∏è,Iwobi ‚öΩÔ∏è,Nketiah üÖê,Man of the Match,Referee Mike Dean,Lacazette (on at 64'),Medley (on at 83'),Saka (on at 85'),Emery`
01/03/2019 13:20,Lacazette,6,6,6,6,6,6,6,6,6,6,,,6,6,6,6,
01/05/2019 13:23,Willock,7,4,6,7,6,6,7,7,9,8,6,Willock,5,6,6,6,6
01/05/2019 13:24,Willock,7,6,10,7,7,7,8,7,9,8,7,Willock,0,7,6,6,7
01/05/2019 13:24,Willock,6,4,4,8,7,7,8,7,9,8,5,Willock,7,8,5,5,10
01/05/2019 13:24,Willock,7,5,6,7,7,6,8,6,9,8,6,Willock,1,6,7,7,7
01/05/2019 13:24,Willock,5,5,7,9,7,7,7,6,10,9,7,Willock,5,5,5,5,4
01/05/2019 13:25,Willock,6,6,10,8,6,6,6,6,8,7,6,Jenkinson,6,6,6,6,6
01/05/2019 13:25,Willock,7,6,7,8,7,6,7,6,8,8,7,Iwobi,7,5,5,5,6
01/05/2019 13:26,Willock,7,6,7,7,5,7,8,7,9,8,7,Willock,6,7,6,5,7
01/05/2019 13:26,Willock,8,,7,7,6,7,6,6,9,8,7,Willock,7,6,6,6,7
01/05/2019 13:28,Willock,6,4,6,6,6,6,7,7,9,8,8,Willock,6,6,6,6,6
01/05/2019 13:28,Willock,5,4,6,9,6,5,7,7,10,8,7,Willock,5,6,6,6,8
01/05/2019 13:28,Willock,8,7,7,7,7,7,8,7,10,9,6,Willock,6,7,6,5,6
01/05/2019 13:29,Willock,6,6,7,8,6,6,6,6,8,9,7,Willock,7,5,6,5,6
01/05/2019 13:32,Willock,7,6,10,7,6,5,6,6,9,7,6,Willock,4,6,6,6,7
01/05/2019 13:32,Willock,8,5,8,8,6,6,8,8,8,8,7,,7,7,5,5,7
01/05/2019 13:33,Willock,7,7,7,7,7,7,7,7,8,8,7,Willock,7,7,7,7,7
01/05/2019 13:33,Willock,6,6,6,8,7,7,10,6,9,8,7,Ramsey,5,5,5,5,6
01/05/2019 13:33,Willock,7,5,6,8,7,6,7,6,9,8,6,Willock,8,6,5,5,8
01/05/2019 13:34,Willock,8,6,7,7,5,6,9,6,8,7,6,Ramsey,7,5,5,5,8
01/05/2019 13:35,Willock,6,3,6,8,6,6,7,5,8,6,4,Willock,9,7,7,6,8
01/05/2019 13:35,Willock,5,5,6,7,7,8,6,7,8,7,3,Willock,5,5,5,5,5
01/05/2019 13:35,Willock,6,6,7,9,8,7,8,7,9,9,6,Iwobi,1,6,6,6,7
01/05/2019 13:35,Willock,8,6,9,10,8,8,10,8,9,10,7,Iwobi,7,8,8,8,9
01/05/2019 13:39,Willock,7,6,6,8,7,7,8,6,7,9,7,Ramsey,8,7,6,6,7
01/05/2019 13:39,Willock,5,5,8,7,6,7,7,7,10,9,7,Willock,7,6,6,6,8
01/05/2019 13:40,Willock,6,5,5,5,5,5,6,6,9,6,5,Willock,4,5,5,5,7
01/05/2019 13:44,Willock,,,,,,,,,,,,,,,,,
01/05/2019 13:44,Willock,8,6,7,8,6,6,9,8,10,10,8,Iwobi,6,7,5,5,7
01/05/2019 13:44,Willock,,,,,,,,,,,,,,,,,
01/05/2019 13:44,Willock,7,6,7,8,5,5,8,7,8,8,6,Willock,4,6,6,6,7
01/05/2019 13:45,Willock,6,4,6,7,6,6,7,6,7,8,5,Iwobi,5,6,6,6,7
01/05/2019 13:46,Willock,8,4,6,7,7,5,8,7,9,8,7,Ramsey,0,8,9,9,8
01/05/2019 13:46,Willock,7,7,6,7,8,8,8,7,8,8,9,Ramsey,8,9,7,7,7
01/05/2019 13:49,Willock,8,6,8,9,7,6,7,6,8,9,6,Sokratis,5,7,5,5,6
01/05/2019 13:50,Willock,7,6,7,7,7,6,7,7,9,8,7,Willock,2,6,6,6,8
01/05/2019 13:51,Willock,7,4,7,6,5,6,7,7,9,8,8,Willock,6,6,7,6,6
01/05/2019 13:52,Willock,7,6,8,7,7,5,8,7,9,8,6,Willock,8,7,5,5,10
01/05/2019 13:58,Monreal,,,,,,,,,,,,,,,,,
01/05/2019 13:58,Willock,8,5,7,7,8,5,7,7,8,8,4,Willock,10,6,6,5,9
01/05/2019 13:58,Willock,7,6,7,8,7,6,8,6,9,8,5,Willock,8,5,7,5,8
01/05/2019 14:00,Willock,7,4,8,8,5,6,7,8,9,8,6,Willock,0,5,5,5,10
01/05/2019 14:03,Willock,7,5,6,7,6,4,6,7,9,8,6,Willock,10,6,6,6,6
01/05/2019 14:03,Willock,7,5,7,6,5,5,6,7,9,9,8,Willock,5,5,5,5,5
01/05/2019 14:04,Willock,7,7,7,7,8,6,7,7,8,9,7,Iwobi,0,7,6,6,10
01/05/2019 14:08,Willock,,,,,,,,,,,,,,,,,
01/05/2019 14:10,Willock,7,5,8,7,9,7,7,8,9,8,3,Willock,5,7,7,5,8
01/05/2019 14:10,Willock,4,4,6,9,9,8,7,8,9,8,7,Willock,5,9,6,7,9
01/05/2019 14:12,Willock,6,6,8,7,8,8,7,8,9,9,9,Willock,7,7,6,6,8
01/05/2019 14:18,Willock,7,6,6,8,7,6,7,7,9,8,8,Willock,0,6,5,6,6
01/05/2019 14:19,Willock,6,6,7,7,7,6,7,7,8,8,7,Willock,0,6,6,6,7
01/05/2019 14:23,Willock,7,5,7,8,9,7,9,7,9,10,8,Iwobi,7,10,8,8,9
01/05/2019 14:27,Willock,7,7,7,8,7,7,7,8,9,8,5,Willock,7,7,6,6,8
01/05/2019 14:29,Willock,10,7,7,7,7,7,7,7,9,8,8,Willock,7,7,7,7,8
01/05/2019 14:30,Willock,6,4,6,8,6,6,6,6,8,7,7,Willock,7,6,6,6,6
01/05/2019 14:32,Willock,7,1,6,8,7,5,8,8,9,8,8,Willock,7,7,7,5,7
01/05/2019 14:33,Willock,8,4,6,7,6,4,6,6,9,8,7,Willock,6,6,5,5,7
01/05/2019 14:35,Willock,7,6,7,8,7,7,8,8,9,9,7,Willock,8,5,5,5,9
01/05/2019 14:39,Willock,,,,,,,,,,,,,,,,,
01/05/2019 14:43,Willock,7,5,6,6,6,6,7,6,8,7,6,Willock,5,6,6,6,6
01/05/2019 14:48,Willock,6,6,7,7,7,6,6,6,8,7,6,Willock,7,6,5,4,8
01/05/2019 14:50,Willock,8,5,7,6,8,7,8,7,9,9,4,Iwobi,8,7,5,5,9
01/05/2019 14:57,Willock,7,6,8,7,7,6,8,7,8,9,7,Willock,5,6,6,6,8
01/05/2019 14:57,Willock,6,6,6,7,6,6,7,7,8,8,7,Willock,7,7,6,6,7
01/05/2019 14:59,Willock,7,6,8,7,8,8,8,8,9,10,7,Iwobi,7,8,7,7,6
01/05/2019 15:06,Willock,6,7,8,8,7,6,7,6,8,8,6,Willock,0,7,6,6,7
01/05/2019 15:06,Willock,8,4,7,9,6,6,8,7,9,9,5,Willock,8,6,5,5,8
01/05/2019 15:07,Willock,7,5,7,8,6,6,7,6,9,9,6,Iwobi,6,6,5,5,8
01/05/2019 15:12,Willock,7,7,7,7,7,6,7,7,8,8,7,Willock,5,6,6,6,7
01/05/2019 15:13,Willock,8,4,7,9,8,6,7,6,8,9,7,Willock,0,7,6,6,9
01/05/2019 15:18,Willock,7,6,8,9,7,7,7,6,9,7,6,Jenkinson,3,5,5,5,3
01/05/2019 15:19,Willock,7,6,6,7,7,6,7,7,9,8,6,Willock,0,6,6,6,7
01/05/2019 15:19,Willock,7,5,7,7,6,7,7,8,9,8,7,Willock,5,6,6,6,6
01/05/2019 15:27,Willock,7,6,8,6,6,6,8,7,8,8,7,Willock,7,5,6,5,9
01/05/2019 15:29,Willock,6,6,6,6,6,6,7,6,8,7,5,Ramsey,6,6,6,6,7
01/05/2019 15:31,Willock,6,4,8,6,7,6,7,6,9,8,6,Willock,6,6,6,6,6
01/05/2019 15:36,Willock,7,6,7,7,5,6,7,7,8,6,6,Willock,5,7,5,5,8
01/05/2019 15:39,Willock,10,6,7,8,8,7,7,7,9,8,7,ƒåech,8,7,7,7,8
01/05/2019 15:39,Willock,7,6,7,7,7,7,9,8,10,8,8,Willock,7,8,6,6,8
01/05/2019 15:40,Willock,5,5,7,7,6,6,8,6,7,7,6,Ramsey,3,5,5,5,8
01/05/2019 15:41,Willock,,,,,,,,,,,,,,,,,
01/05/2019 15:44,Willock,6,3,9,7,4,5,5,4,6,5,7,Sokratis,8,10,5,5,6
01/05/2019 15:54,Willock,9,5,8,9,7,8,9,9,9,9,7,Maitland-Niles,7,8,7,7,5
01/05/2019 16:04,Willock,6,6,7,6,6,6,8,7,9,7,6,Willock,7,6,5,5,7
01/05/2019 16:13,Willock,8,5,10,9,8,7,8,9,10,9,4,Jenkinson,7,6,6,6,8
01/05/2019 16:30,Willock,6,5,7,6,5,6,6,6,7,6,5,Jenkinson,4,6,5,5,9
01/05/2019 16:47,Willock,6,7,8,8,7,6,7,6,8,8,6,Willock,0,7,6,6,7
01/05/2019 16:48,Willock,,,,8,7,,3,7,8,8,9,Sokratis,6,,,,9
01/05/2019 16:57,Willock,8,7,7,7,,7,8,7,8,8,7,Willock,5,6,6,5,7
01/05/2019 16:59,Willock,7,6,7,7,7,6,8,7,8,8,7,Iwobi,5,6,6,6,7
01/05/2019 17:02,Willock,6,5,6,8,7,8,8,8,9,9,6,Willock,5,8,6,6,9
01/05/2019 17:13,Willock,7,6,6,7,7,6,6,7,8,8,6,Willock,7,6,6,6,7
01/05/2019 17:16,Willock,6,5,10,8,6,6,7,7,10,9,6,Willock,0,6,5,5,6
01/05/2019 17:18,Willock,6,5,7,8,6,7,8,7,10,9,7,Willock,,,,,
01/05/2019 17:18,Willock,6,5,7,8,6,7,8,7,10,9,7,Willock,,,,,
01/05/2019 17:31,Willock,,,,,,,,,,,,,,,,,
01/05/2019 17:36,Willock,6,5,6,6,6,6,7,7,8,8,7,Willock,5,6,6,6,5
01/05/2019 18:06,Willock,7,7,6,9,6,6,7,7,9,8,8,Willock,6,7,6,6,8
01/05/2019 18:09,Willock,6,5,7,6,6,6,5,6,8,7,6,Willock,6,6,6,6,6
01/05/2019 18:22,Willock,6,4,9,7,6,7,8,8,10,9,10,Willock,6,7,6,6,8
01/05/2019 18:25,Willock,6,4,7,7,7,6,7,6,8,8,6,Willock,0,5,5,5,7
01/05/2019 18:36,Willock,7,4,7,8,6,6,6,7,8,7,6,Willock,6,5,5,5,6
01/05/2019 19:11,Willock,7,5,6,8,7,6,7,6,9,8,7,Willock,6,6,5,6,7
01/05/2019 19:36,Willock,6,4,7,7,5,6,8,7,8,6,4,Willock,7,6,6,5,7
01/05/2019 19:58,Willock,7,5,7,9,9,7,7,6,9,8,8,Willock,6,7,6,6,9
01/05/2019 19:58,Willock,7,5,7,9,9,7,7,6,9,8,8,Willock,6,7,6,6,9
01/05/2019 19:58,Willock,7,5,7,9,9,7,7,6,9,8,8,Willock,6,7,6,6,9
01/05/2019 20:09,Willock,8,7,9,7,7,7,8,8,9,9,7,Iwobi,6,8,7,7,7
01/05/2019 21:53,Willock,8,7,8,8,8,8,9,8,9,10,8,,7,8,8,8,8
01/05/2019 22:09,Willock,7,6,7,7,7,6,8,7,9,8,8,,6,7,7,6,7
01/05/2019 22:34,Willock,7,8,7,7,7,7,8,8,9,8,8,Willock,6,7,6,6,8
01/05/2019 23:20,Willock,5,5,10,5,5,5,10,5,10,5,5,Ramsey,0,10,5,5,0
01/06/2019 00:03,Willock,6,5,7,6,6,6,8,7,9,8,7,Willock,7,8,6,6,7
01/06/2019 02:08,Willock,,,,,,,,,,,,,,,,,
01/06/2019 02:20,Willock,7,6,8,8,7,7,9,8,9,9,9,Ramsey,7,7,7,7,7
01/06/2019 04:16,Willock,,,,,,,,,,,,,,,,,
01/06/2019 04:21,Willock,,,,,,,,,,,,,,,,,
01/06/2019 04:29,Willock,,,,,,,,,,,,,,,,,
01/06/2019 06:11,Willock,7,6,7,6,6,6,7,7,7,7,7,Willock,6,6,6,6,6
01/06/2019 06:21,Willock,6,6,8,9,7,7,8,9,9,8,9,Maitland-Niles,,,,,
01/06/2019 06:55,Willock,5,5,6,6,6,6,7,6,7,7,6,Ramsey,7,5,5,5,8
01/06/2019 07:08,Willock,7,5,7,7,6,6,7,6,7,7,6,Willock,6,5,5,5,7
01/06/2019 07:55,Willock,,,,,,,,,,,,,,,,,
01/06/2019 08:16,Willock,,,,,,,,,,,,,,,,,
01/06/2019 10:06,Willock,6,6,6,6,6,7,7,7,7,7,6,Willock,6,6,6,5,7
01/06/2019 13:43,Willock,6,6,7,7,7,6,7,7,8,8,7,Willock,7,6,6,5,8
01/06/2019 14:55,Willock,8,5,10,9,8,6,7,8,10,8,5,,0,7,7,7,8
01/06/2019 22:13,Willock,6,5,7,7,6,7,8,8,9,8,7,Willock,3,8,7,7,7
01/07/2019 00:46,Willock,8,5,7,8,6,6,7,7,8,8,5,Ramsey,,6,,5,
01/07/2019 03:07,Willock,,,,,,,,,,,,,,,,,
01/07/2019 07:16,Willock,,,,,,,,,,,,,,,,,
,,,,,,,,,,,,,,,,,,
,,6.77,5.39,7.1,7.41,6.65,6.33,7.31,6.85,8.6,8,6.57,,5.35,6.48,5.93,5.78,7.23