Timestamp,Who scored Arsenal's first goal?,ƒåech,Monreal,Mustafi,Holding,Beller√≠n,Torreira,Xhaka ,Ramsey ,√ñzil ‚öΩÔ∏è,Aubameyang ,Lacazette üÖê,Man of the Match,Referee Anthony Taylor,Leno (on at 45'),Iwobi (on at 63''),Welbeck (on at 77')
9/29/2018 10:49:39,OG,6,6,6,6,6,6,6,6,6,6,6,,6,6,6,
9/29/2018 10:55:08,OG,6,6,5,7,6,8,6,6,8,5,8,√ñzil,4,8,8,
9/29/2018 10:55:35,OG,7,7,7,8,7,7,9,6,8,7,8,Xhaka,4,7,6,4
9/29/2018 10:55:36,OG,6,6,6,8,7,6,8,6,7,6,7,Xhaka,3,7,8,8
9/29/2018 10:55:37,OG,7,9,6,7,8,8,9,6,7,6,8,Monreal,5,7,8,
9/29/2018 10:55:38,OG,7,8,3,5,6,5,5,4,10,6,7,√ñzil,3,8,8,
9/29/2018 10:56:39,OG,7,7,4,8,6,8,7,6,7,6,7,Holding,6,7,9,7
9/29/2018 10:56:55,OG,6,6,5,7,6,5,6,5,7,5,7,√ñzil,3,7,7,6
9/29/2018 10:57:28,OG,6,7,5,5,5,6,7,4,7,6,7,Xhaka,5,6,7,6
9/29/2018 10:57:46,OG,7,7,7,7,6,8,6,6,7,6,7,Torreira,3,7,8,7
9/29/2018 10:58:26,OG,5,5,5,7,5,6,6,5,5,5,7,Lacazette,,7,9,5
9/29/2018 10:58:27,OG,7,7,6,8,7,7,7,6,7,6,7,Holding,3,6,7,6
9/29/2018 10:58:47,OG,5,6,4,8,6,6,9,5,8,5,6,Xhaka,0,8,8,8
9/29/2018 10:58:51,OG,8,8,6,7,7,7,8,7,8,7,8,Xhaka,7,8,10,8
9/29/2018 10:58:53,OG,7,7,5,8,6,6,7,5,7,6,6,Holding,0,7,7,7
9/29/2018 10:58:55,OG,3,7,5,7,6,8,6,2,3,6,10,Lacazette,3,9,8,7
9/29/2018 10:58:58,OG,8,8,7,8,8,6,8,3,8,6,8,Lacazette,3,8,8,7
9/29/2018 10:58:59,OG,7,8,6,8,9,7,8,8,9,5,9,Lacazette,4,9,10,6
9/29/2018 10:59:03,OG,7,8,6,7,7,7,8,6,6,5,8,Xhaka,5,7,8,7
9/29/2018 10:59:27,OG,7,7,6,8,7,,8,6,7,6,8,Holding,6,8,8,7
9/29/2018 10:59:43,OG,7,7,6,8,7,7,8,2,6,4,6,Holding,0,7,7,6
9/29/2018 11:00:18,OG,6,7,6,7,7,7,8,6,8,6,7,√ñzil,5,7,9,6
9/29/2018 11:00:46,OG,7,7,5,8,6,7,7,6,8,4,7,Holding,4,7,7,7
9/29/2018 11:00:46,OG,5,7,6,7,8,8,6,7,7,4,7,Lacazette,3,8,9,8
9/29/2018 11:01:08,OG,7,7,8,9,7,7,8,5,7,6,8,Xhaka,6,7,8,7
9/29/2018 11:01:27,OG,8,7,5,8,7,6,7,4,8,7,8,√ñzil,5,8,9,7
9/29/2018 11:01:34,OG,6,6,6,8,7,6,7,6,7,6,7,Holding,3,7,8,7
9/29/2018 11:01:36,OG,6,7,6,8,6,9,8,7,9,7,9,√ñzil,4,9,10,10
9/29/2018 11:02:11,OG,8,8,6,7,7,7,8,7,9,7,9,Lacazette,5,8,8,8
9/29/2018 11:02:25,OG,6,6,5,7,6,7,,6,6,5,7,Lacazette,2,7,7,6
9/29/2018 11:02:25,OG,7,7,6,8,6,7,6,4,7,5,8,Holding,6,6,8,6
9/29/2018 11:02:29,OG,6,5,4,7,6,7,7,0,7,4,5,√ñzil,0,7,9,7
9/29/2018 11:02:30,OG,8,6,4,7,7,7,8,6,7,6,7,Xhaka,4,7,8,7
9/29/2018 11:02:48,OG,7,7,5,7,7,7,8,4,8,6,7,√ñzil,0,9,8,7
9/29/2018 11:03:01,OG,8,7,7,8,8,7,7,6,7,6,8,Lacazette,2,9,8,7
9/29/2018 11:03:23,OG,7,7,6,7,7,8,7,5,7,7,7,Torreira,5,7,5,5
9/29/2018 11:03:53,OG,4,6,5,7,6,7,7,5,7,6,7,Holding,4,7,8,6
9/29/2018 11:03:59,OG,7,6,5,6,6,6,8,5,7,5,7,Xhaka,0,7,9,6
9/29/2018 11:04:19,OG,5,6,6,6,7,6,8,5,7,6,8,Xhaka,6,6,9,7
9/29/2018 11:04:43,OG,5,6,5,7,6,6,6,4,7,6,8,Lacazette,4,6,8,7
9/29/2018 11:04:57,OG,7,6,6,9,7,7,8,5,7,5,6,Holding,6,8,9,7
9/29/2018 11:04:58,OG,,,,,,,,,,,,,,,,
9/29/2018 11:05:03,OG,7,6,6,9,8,5,6,2,7,4,6,Holding,2,8,8,7
9/29/2018 11:05:03,OG,7,6,6,9,7,7,8,5,7,5,6,Holding,6,8,9,7
9/29/2018 11:05:10,OG,10,8,8,8,8,7,7,7,8,8,6,ƒåech,0,10,0,0
9/29/2018 11:05:10,OG,6,7,5,7,7,6,6,5,6,6,6,Holding,1,7,8,6
9/29/2018 11:05:13,OG,7,8,6,8,7,8,8,4,7,6,8,Torreira,7,10,10,8
9/29/2018 11:05:58,OG,7,7,5,8,7,7,7,3,7,7,7,Xhaka,0,7,8,6
9/29/2018 11:06:26,OG,6,7,6,6,6,6,7,5,7,6,7,√ñzil,6,6,8,6
9/29/2018 11:07:03,OG,10,8,6,7,6,8,8,4,8,7,7,,,8,8,8
9/29/2018 11:07:07,OG,8,7,7,9,7,7,7,3,8,7,7,Holding,0,10,10,8
9/29/2018 11:07:16,OG,7,7,5,8,6,6,6,5,6,6,8,Holding,7,7,8,7
9/29/2018 11:07:21,OG,7,7,6,8,8,9,9,7,9,8,10,Lacazette,7,7,9,7
9/29/2018 11:07:41,OG,6,7,2,8,5,6,3,5,7,6,7,Holding,1,9,8,6
9/29/2018 11:08:30,OG,5,5,4,7,6,6,7,3,6,5,6,Holding,2,7,7,6
9/29/2018 11:09:16,OG,5,8,7,7,8,8,9,6,9,7,9,√ñzil,8,9,10,8
9/29/2018 11:10:49,OG,7,7,5,9,8,7,7,4,7,5,8,Holding,3,7,9,6
9/29/2018 11:10:52,OG,7,7,4,7,6,7,8,5,8,6,7,√ñzil,4,7,7,7
9/29/2018 11:10:57,OG,7,7,5,10,7,7,7,5,8,5,8,Holding,5,7,7,7
9/29/2018 11:11:20,OG,5,5,3,6,5,6,6,4,7,6,5,,2,7,8,7
9/29/2018 11:11:47,OG,8,9,4,10,8,8,9,6,7,7,8,,7,9,8,6
9/29/2018 11:13:14,OG,6,7,6,8,7,5,7,6,7,6,7,Holding,5,7,8,6
9/29/2018 11:13:20,OG,9,9,7,9,8,7,10,1,10,6,10,Xhaka,5,7,10,10
9/29/2018 11:14:09,OG,,,,,,,,,,,,,,,10,
9/29/2018 11:14:10,OG,6,8,6,9,8,6,8,4,7,4,6,Holding,5,8,8,6
9/29/2018 11:14:16,OG,9,9,7,9,8,7,10,1,10,6,10,Xhaka,5,7,10,10
9/29/2018 11:14:29,OG,8,7,6,7,7,6,8,6,8,6,7,Xhaka,6,7,7,6
9/29/2018 11:15:46,OG,7,7,7,8,7,7,6,6,7,6,7,Holding,4,7,7,6
9/29/2018 11:15:59,OG,6,6,4,8,5,7,7,4,6,6,6,Holding,4,5,5,5
9/29/2018 11:17:32,OG,6,7,6,9,8,6,8,5,8,6,8,Holding,6,7,8,6
9/29/2018 11:18:08,OG,,8,6,8,7,8,7,5,7,8,9,Lacazette,7,8,8,7
9/29/2018 11:18:30,OG,7,7,5,8,7,8,7,6,8,6,7,√ñzil,4,7,9,8
9/29/2018 11:18:35,OG,6,8,6,9,7,7,7,6,7,6,8,Holding,6,7,8,7
9/29/2018 11:18:43,OG,,,,,,,,,,,,,,,,
9/29/2018 11:18:57,OG,7,7,5,8,7,8,7,6,8,6,7,√ñzil,4,7,9,8
9/29/2018 11:19:34,OG,,,,,,,,,,,,,,,,
9/29/2018 11:19:50,OG,7,7,6,8,7,7,7,6,8,7,8,Holding,5,8,8,7
9/29/2018 11:19:53,OG,7,7,6,8,7,7,7,6,8,7,8,Holding,5,8,8,7
9/29/2018 11:20:10,OG,8,7,5,8,7,6,7,7,8,7,9,Lacazette,5,8,8,8
9/29/2018 11:20:31,OG,8,8,5,8,7,8,9,4,7,6,8,Xhaka,0,8,9,9
9/29/2018 11:21:05,OG,5,6,6,9,7,8,8,5,6,6,7,Holding,4,8,8,7
9/29/2018 11:22:45,OG,5,6,3,6,4,4,5,3,6,4,7,Lacazette,5,6,7,6
9/29/2018 11:22:47,OG,6,5,4,7,5,5,6,5,6,4,7,Holding,2,7,9,6
9/29/2018 11:22:51,OG,7,6,4,8,6,7,6,5,4,6,7,Lacazette,0,7,7,7
9/29/2018 11:23:58,OG,6,6,6,8,6,7,9,6,7,7,8,Xhaka,7,8,8,7
9/29/2018 11:25:33,OG,6,7,5,8,7,7,6,5,8,7,9,Iwobi,4,8,10,9
9/29/2018 11:25:59,OG,5,6,6,7,6,6,6,4,8,6,7,Iwobi,6,8,8,6
9/29/2018 11:26:20,OG,,,,,,,,,,,,Iwobi,,,10,
9/29/2018 11:27:25,OG,7,6,5,9,7,5,7,4,9,6,8,√ñzil,1,8,7,7
9/29/2018 11:27:49,OG,7,7,7,7,7,6,6,6,9,7,8,√ñzil,3,8,8,7
9/29/2018 11:27:59,OG,7,6,4,8,7,7,8,4,6,5,8,Iwobi,3,7,8,6
9/29/2018 11:29:00,OG,7,8,5,9,6,6,6,4,8,6,7,Holding,3,9,9,8
9/29/2018 11:29:11,OG,7,7,5,7,6,7,7,6,6,6,6,Holding,7,6,7,7
9/29/2018 11:30:48,OG,7,7,6,9,8,7,9,6,8,6,9,Iwobi,8,8,10,6
9/29/2018 11:31:58,OG,10,10,7,8,8,8,3,7,9,7,6,Monreal,3,9,9,10
9/29/2018 11:33:19,OG,6,6,6,7,6,7,6,6,6,5,5,Holding,6,6,7,6
9/29/2018 11:34:57,OG,7,7,4,8,8,8,8,5,8,5,9,Iwobi,0,7,8,8
9/29/2018 11:36:10,OG,7,6,5,7,7,5,6,4,8,5,6,√ñzil,3,8,8,7
9/29/2018 11:36:35,OG,,,,,,,,,10,,,√ñzil,,,,
9/29/2018 11:37:13,OG,6,7,6,8,7,7,7,5,7,6,7,Iwobi,4,8,8,7
9/29/2018 11:38:26,OG,6,6,5,8,6,7,7,5,8,5,7,Holding,0,7,6,6
9/29/2018 11:38:56,OG,6,7,6,8,6,7,7,6,8,5,7,Holding,7,7,7,6
9/29/2018 11:41:43,OG,9,8,8,8,9,9,8,5,8,7,8,√ñzil,7,9,9,7
9/29/2018 11:46:06,OG,6,5,5,6,6,7,6,5,7,6,7,,7,7,7,7
9/29/2018 11:46:45,OG,7,7,6,8,7,8,7,2,7,6,8,Torreira,0,7,7,7
9/29/2018 11:49:16,OG,,,,,,,,,,,,,,,,
9/29/2018 11:49:18,OG,7,7,5,8,7,7,7,7,8,6,7,Holding,6,7,7,5
9/29/2018 11:52:59,OG,5,6,4,9,5,6,6,5,7,6,8,Holding,3,8,8,5
9/29/2018 11:53:07,OG,6,7,6,7,8,8,7,5,8,6,8,Lacazette,1,6,9,7
9/29/2018 11:53:25,OG,6,7,4,7,6,5,6,5,5,5,6,Iwobi,3,5,6,5
9/29/2018 11:53:52,OG,,,,,,,,,,,,,,,10,
9/29/2018 11:55:41,OG,5,5,5,7,5,5,6,5,5,5,7,Iwobi,6,7,9,5
9/29/2018 12:00:33,OG,7,8,6,7,7,7,7,5,9,6,8,√ñzil,7,8,9,7
9/29/2018 12:01:06,OG,8,7,5,9,8,8,8,6,8,6,7,Holding,7,7,8,7
9/29/2018 12:04:22,OG,7,5,4,7,6,8,8,5,7,6,8,Lacazette,0,6,8,7
9/29/2018 12:04:49,OG,6,7,6,7,6,6,6,5,7,6,7,ƒåech,2,7,7,6
9/29/2018 12:05:31,OG,6,7,6,7,6,6,8,6,8,6,7,Xhaka,5,7,8,7
9/29/2018 12:14:26,OG,7,7,6,8,7,7,7,6,7,7,6,Holding,6,7,7,7
9/29/2018 12:14:28,OG,6,9,4,7,7,7,6,3,7,7,6,Monreal,1,8,7,6
9/29/2018 12:22:54,OG,6,8,5,8,9,6,7,5,8,5,6,Beller√≠n,7,8,8,1
9/29/2018 12:23:32,OG,6,6,3,7,6,6,5,5,6,4,4,Iwobi,2,8,8,8
9/29/2018 12:25:43,OG,6,6,6,6,6,7,6,5,7,5,8,Lacazette,8,7,7,6
9/29/2018 12:29:13,OG,5,6,5,4,6,5,5,3,6,4,5,Iwobi,2,8,8,6
9/29/2018 12:29:54,OG,5,6,5,4,6,5,5,3,6,4,5,Iwobi,2,8,8,6
9/29/2018 12:30:49,OG,8,7,6,8,7,7,9,5,7,6,7,Xhaka,7,8,10,9
9/29/2018 12:31:05,OG,7,7,7,8,7,7,7,6,7,5,6,√ñzil,3,8,9,7
9/29/2018 12:33:10,OG,6,7,7,9,7,7,8,6,9,7,9,√ñzil,3,9,10,9
9/29/2018 12:35:11,OG,7,7,7,8,7,8,7,5,8,6,7,√ñzil,3,8,9,7
9/29/2018 12:39:22,OG,7,7,4,6,7,8,7,6,8,8,10,Lacazette,7,7,7,5
9/29/2018 12:42:45,OG,6,7,5,6,7,6,7,5,7,5,6,Xhaka,4,7,6,7
9/29/2018 12:45:08,OG,6,6,6,7,6,7,7,6,7,7,7,√ñzil,0,7,7,6
9/29/2018 12:47:25,OG,6,7,6,8,6,9,6,0,7,6,6,Holding,8,8,7,7
9/29/2018 12:49:12,OG,6,7,7,8,7,7,7,4,9,7,8,√ñzil,1,10,9,7
9/29/2018 12:49:31,OG,6,6,4,7,6,6,6,5,7,4,5,Iwobi,3,7,8,6
9/29/2018 12:50:03,OG,7,5,7,7,6,7,8,5,7,6,7,Xhaka,7,7,7,6
9/29/2018 12:54:38,OG,,,,,,,,,,,,,,,,
9/29/2018 12:58:57,OG,8,7,6,10,10,7,10,7,8,7,8,Xhaka,,10,10,7
9/29/2018 13:01:40,OG,7,6,5,6,6,6,5,1,7,6,8,Lacazette,6,8,8,6
9/29/2018 13:02:24,OG,6,7,6,9,7,7,7,6,7,6,7,Holding,6,7,8,6
9/29/2018 13:02:46,OG,,,,,,,,,,,,,,,,
9/29/2018 13:03:12,OG,5,5,4,4,5,3,4,4,6,3,3,,0,8,5,4
9/29/2018 13:14:30,OG,,,,,,,,,1,,,,,,,
9/29/2018 13:14:46,OG,6,6,6,7,6,7,7,5,9,7,8,√ñzil,5,7,8,8
9/29/2018 13:18:19,OG,8,6,4,6,6,5,5,4,6,6,9,Lacazette,,9,8,6
9/29/2018 13:23:38,OG,6,6,4,6,,7,6,4,4,6,8,Lacazette,8,8,8,6
9/29/2018 13:26:30,OG,6,6,6,8,7,7,6,5,7,7,7,Holding,7,8,,6
9/29/2018 13:32:18,OG,8,7,7,7,7,9,8,5,8,6,7,Torreira,6,7,8,8
9/29/2018 13:33:21,OG,,,,,,,,,,,,,,,8,
9/29/2018 13:36:57,OG,5,6,6,7,6,4,5,4,5,5,6,Holding,3,6,7,6
9/29/2018 13:37:07,OG,6,7,4,8,6,6,7,5,8,5,8,√ñzil,,7,7,6
9/29/2018 13:42:52,OG,7,7,5,9,7,8,9,6,8,7,7,Xhaka,5,8,8,8
9/29/2018 13:49:33,OG,6,7,6,8,6,7,7,5,8,6,7,Holding,6,7,7,7
9/29/2018 13:50:42,OG,7,6,6,6,6,7,6,3,6,5,8,Lacazette,1,6,8,7
9/29/2018 13:58:33,OG,5,7,7,7,7,8,6,3,8,8,9,Iwobi,1,9,10,8
9/29/2018 14:02:48,OG,,,,,,,,,,,,,,,,
9/29/2018 14:03:24,OG,7,7,7,8,7,7,7,6,7,6,8,Torreira,7,7,8,7
9/29/2018 14:05:38,OG,7,7,7,8,7,8,7,6,9,6,9,√ñzil,6,8,8,6
9/29/2018 14:07:41,OG,7,7,5,6,7,6,8,4,8,5,6,√ñzil,2,7,8,6
9/29/2018 14:24:13,Mkhitaryan,,,,,,,,,,,,,,,,
9/29/2018 14:25:08,OG,5,7,6,6,6,7,7,4,8,6,8,Lacazette,0,8,9,8
9/29/2018 14:28:48,OG,9,9,7,9,8,9,8,7,9,8,10,Lacazette,5,9,9,8
9/29/2018 14:29:34,OG,,,,,,,,,,,,,,,,
9/29/2018 14:33:29,OG,6,6,5,9,7,7,7,3,7,6,7,Holding,1,7,7,7
9/29/2018 14:38:33,OG,7,7,6,8,8,7,8,6,9,6,9,√ñzil,0,8,8,8
9/29/2018 14:48:35,OG,6,6,5,8,8,7,7,4,7,5,7,,6,8,7,7
9/29/2018 14:59:32,OG,6,7,5,7,6,7,6,4,7,6,8,,6,6,6,5
9/29/2018 15:01:13,OG,5,6,6,7,7,6,8,6,8,6,7,,1,7,7,6
9/29/2018 15:01:25,OG,7,7,5,7,6,7,6,6,6,5,7,ƒåech,6,7,7,6
9/29/2018 15:11:07,OG,6,7,5,8,5,7,7,5,6,5,7,Holding,5,7,7,6
9/29/2018 15:24:16,OG,,,,,,,,,,,,,,,,
9/29/2018 15:37:03,OG,,,,,,,,,,,,,,,,
9/29/2018 15:43:17,OG,6,7,5,8,6,,8,5,7,6,7,Xhaka,0,7,8,6
9/29/2018 15:52:17,OG,6,4,2,6,6,3,8,5,6,2,7,Xhaka,10,8,9,6
9/29/2018 16:16:08,OG,6,6,7,8,6,7,7,4,8,5,7,Iwobi,3,6,9,5
9/29/2018 16:18:35,OG,,,,,,,,,,,,,,,,
9/29/2018 16:32:22,OG,6,7,7,8,6,7,8,5,7,6,7,Holding,,7,8,7
9/29/2018 16:34:43,OG,6,7,5,8,6,6,7,5,6,5,6,,10,7,8,7
9/29/2018 16:43:41,OG,6,6,7,8,7,8,9,6,8,8,8,Iwobi,6,9,10,9
9/29/2018 17:00:25,OG,5,5,5,6,5,6,5,4,6,5,6,√ñzil,5,7,7,5
9/29/2018 17:00:36,OG,5,5,5,6,5,6,5,4,6,5,6,√ñzil,5,7,7,5
9/29/2018 17:04:32,OG,8,7,6,6,6,6,8,6,7,6,9,Xhaka,3,6,7,7
9/29/2018 17:09:50,OG,6,6,4,6,6,7,6,5,7,6,7,Torreira,5,8,7,6
9/29/2018 17:32:18,OG,,,,,,,,,,,,,,,,
9/29/2018 17:37:14,OG,5,6,0,10,5,6,5,0,7,5,8,Lacazette,2,7,7,7
9/29/2018 17:40:54,OG,6,7,6,8,7,7,8,6,7,7,8,Holding,5,7,9,7
9/29/2018 17:48:24,OG,5,4,3,8,7,6,6,4,7,5,7,Holding,4,7,6,6
9/29/2018 17:54:35,OG,6,6,4,8,5,7,7,5,5,5,6,Holding,8,7,7,6
9/29/2018 18:07:34,OG,5,7,6,8,7,7,7,5,8,5,8,Holding,1,7,8,7
9/29/2018 18:12:20,OG,7,7,6,7,7,8,7,6,10,7,9,√ñzil,10,9,8,8
9/29/2018 18:18:43,OG,7,6,3,8,6,6,6,1,8,5,7,√ñzil,0,8,8,6
9/29/2018 18:47:10,OG,,,,,,,,,,,,,,,,
9/29/2018 18:55:51,OG,8,8,7,9,8,7,8,6,8,6,9,Lacazette,7,8,9,8
9/29/2018 18:59:24,OG,6,6,7,7,7,8,7,6,7,7,8,Iwobi,7,8,8,8
9/29/2018 19:00:16,OG,7,7,7,7,7,7,7,7,7,7,8,Iwobi,7,8,8,6
9/29/2018 19:23:56,OG,7,7,6,8,7,7,7,6,7,6,8,Holding,6,7,8,7
9/29/2018 20:06:59,OG,7,6,6,7,6,6,7,5,8,6,8,Iwobi,8,7,9,7
9/29/2018 22:29:08,OG,6,7,6,8,6,7,6,4,8,6,6,Iwobi,5,8,9,7
9/29/2018 23:01:36,OG,6,8,6,8,6,8,6,5,6,7,9,Lacazette,6,9,9,6
9/29/2018 23:02:22,OG,7,8,6,8,6,8,6,6,6,6,9,Lacazette,6,9,9,6
9/29/2018 23:11:47,OG,5,5,6,7,6,6,6,4,5,5,6,Holding,6,7,7,6
9/30/2018 0:33:34,OG,7,7,5,8,8,7,7,6,9,8,9,√ñzil,7,9,9,8
9/30/2018 0:35:59,OG,8,8,6,8,7,8,8,5,8,7,8,Monreal,4,7,7,7
9/30/2018 0:43:21,OG,6,6,6,8,7,8,7,1,8,5,7,√ñzil,4,8,8,7
9/30/2018 1:28:02,OG,7,8,7,9,8,8,7,6,7,6,7,Iwobi,3,8,10,8
9/30/2018 3:24:36,OG,6,6,4,7,7,7,7,5,8,5,7,Iwobi,4,7,8,7
9/30/2018 3:25:03,OG,,,,,,,,,,,,,,,,
9/30/2018 3:59:13,OG,7,7,7,8,8,7,8,6,7,6,9,Lacazette,0,8,8,7
9/30/2018 4:22:32,OG,6,7,7,7,7,8,6,4,8,7,10,Lacazette,8,8,8,7
9/30/2018 5:20:28,OG,6,6,6,6,6,6,7,5,7,7,7,Iwobi,5,7,8,7
9/30/2018 6:32:30,OG,8,7,4,8,6,8,8,7,7,6,8,Aubameyang,4,9,8,8
9/30/2018 7:11:53,OG,,,,,,,,,,,,,,,,
9/30/2018 7:49:12,OG,6,6,7,7,6,6,8,4,7,5,8,Lacazette,3,8,7,7
9/30/2018 9:36:15,OG,6,6,5,7,6,6,7,5,6,5,7,Holding,5,7,7,6
9/30/2018 12:00:56,OG,7,7,7,8,7,8,7,6,7,8,7,Holding,7,8,8,7
9/30/2018 12:48:59,OG,7,6,6,7,6,6,6,5,6,6,6,Holding,6,8,7,7
9/30/2018 14:16:32,OG,6,8,7,7,6,7,6,6,9,7,10,Lacazette,3,9,8,7
9/30/2018 15:33:24,OG,7,8,6,9,7,7,6,4,7,5,6,Iwobi,3,8,8,7
9/30/2018 16:36:04,OG,5,7,7,10,10,8,8,5,8,6,9,Holding,5,9,9,7
9/30/2018 17:20:27,OG,,,,,,,,,,,,,,,,
9/30/2018 18:05:23,OG,8,7,6,7,8,7,9,6,9,6,8,Iwobi,2,8,10,9
9/30/2018 22:16:38,OG,5,6,6,7,7,7,7,5,9,6,9,Lacazette,5,6,6,7
9/30/2018 23:32:41,Mkhitaryan,,,,,,,,,,,,,,,,
10/01/2018 15:16,OG,7,7,7,9,7,8,8,5,8,6,9,Lacazette,5,8,9,7
,,,,,,,,,,,,,,,,,6.78
,,6.53,6.75,5.53,7.56,6.68,6.82,7.02,4.92,7.27,5.88,7.39,,4.21,7.52,7.99,
,,,,,,,,,,,,,Holding with 30.5%,,,,