Timestamp,Who scored Arsenal's first goal?,Leno,Monreal üÖê,Mustafi,Holding,Beller√≠n üÖê,Torreira,Xhaka ,Mkhitaryan,Iwobi,Welbeck,Lacazette ‚öΩÔ∏è‚öΩÔ∏è,Man of the Match,Referee Paul Tierney,Aubameyang (on at 62') üÖê‚öΩÔ∏è‚öΩÔ∏è,Ramsey (on at 67') ‚öΩÔ∏è,Guendouzi (on at 80')
10/7/2018 7:21:54,Lacazette,6,6,6,6,6,6,6,6,6,6,6,,6,6,6,6
10/7/2018 7:52:21,Lacazette,7,,,,,,,,,,,,,,,
10/7/2018 7:52:33,Lacazette,8,7,7,7,7,9,7,7,7,7,10,Lacazette,6,10,8,6
10/7/2018 7:52:37,Lacazette,8,6,8,8,8,9,8,8,9,8,10,Lacazette,7,10,9,7
10/7/2018 7:52:45,Lacazette,9,8,9,8,9,9,9,8,9,8,10,Lacazette,8,10,9,8
10/7/2018 7:52:55,Lacazette,8,7,7,7,8,9,6,7,8,7,10,Lacazette,8,10,8,8
10/7/2018 7:53:03,Lacazette,7,7,8,8,8,8,7,7,7,7,9,Lacazette,8,9,7,7
10/7/2018 7:53:11,Lacazette,8,6,9,8,9,9,7,8,8,6,10,Lacazette,8,9,9,7
10/7/2018 7:53:24,Lacazette,7,5,6,6,8,8,7,6,7,6,10,Lacazette,9,9,8,7
10/7/2018 7:53:26,Lacazette,7,7,7,7,7,8,6,6,7,6,9,Lacazette,0,8,8,7
10/7/2018 7:53:34,Lacazette,6,5,6,6,7,8,7,7,7,6,9,,8,9,7,8
10/7/2018 7:53:34,Lacazette,7,7,8,8,5,9,5,5,8,8,10,Lacazette,6,9,8,7
10/7/2018 7:53:39,Lacazette,7,7,8,8,7,9,8,7,9,7,10,Torreira,9,9,9,7
10/7/2018 7:53:42,Lacazette,7,7,7,7,7,8,8,7,8,7,9,Lacazette,7,9,8,7
10/7/2018 7:53:44,Lacazette,6,6,6,7,7,7,6,6,8,7,10,Lacazette,7,8,8,6
10/7/2018 7:53:45,Lacazette,7,6,8,7,7,7,7,7,8,7,10,Lacazette,7,9,8,8
10/7/2018 7:53:49,Lacazette,9,8,9,8,9,10,10,9,10,9,10,Iwobi,8,10,9,8
10/7/2018 7:53:49,Lacazette,7,6,7,6,7,8,6,5,7,6,9,,7,10,9,6
10/7/2018 7:53:50,Lacazette,8,7,8,8,7,10,7,7,8,8,9,Torreira,7,9,9,7
10/7/2018 7:53:55,Lacazette,7,6,7,6,7,7,7,7,8,7,10,Lacazette,7,8,8,6
10/7/2018 7:53:55,Lacazette,6,4,8,7,9,10,8,8,9,6,10,Lacazette,7,9,10,8
10/7/2018 7:54:02,Lacazette,9,7,9,8,8,10,7,7,9,8,10,Lacazette,7,10,9,8
10/7/2018 7:54:08,Lacazette,8,9,9,7,10,10,8,8,9,8,10,Lacazette,7,10,9,7
10/7/2018 7:54:13,Lacazette,8,5,7,8,6,7,8,8,9,7,10,Lacazette,4,9,6,6
10/7/2018 7:54:18,Lacazette,7,6,8,7,7,8,8,7,8,7,9,Lacazette,6,9,9,6
10/7/2018 7:54:23,Lacazette,7,8,7,7,8,9,8,7,8,7,10,Lacazette,9,10,9,
10/7/2018 7:54:28,Lacazette,6,5,7,7,7,8,6,6,7,7,8,Torreira,6,8,7,6
10/7/2018 7:54:47,Lacazette,8,8,8,8,7,10,6,6,8,9,10,Lacazette,10,8,8,7
10/7/2018 7:54:49,Lacazette,8,7,7,7,7,8,7,7,8,7,8,Lacazette,6,8,8,7
10/7/2018 7:54:57,Lacazette,7,6,7,7,8,9,5,7,9,8,10,Lacazette,7,9,9,8
10/7/2018 7:54:57,Lacazette,9,4,7,8,8,9,8,7,8,7,10,Lacazette,5,10,9,7
10/7/2018 7:55:04,Lacazette,6,7,7,7,9,7,8,7,7,5,10,Lacazette,8,10,10,8
10/7/2018 7:55:09,Lacazette,7,7,8,7,8,8,7,7,8,6,9,Lacazette,8,8,7,6
10/7/2018 7:55:12,Lacazette,7,6,8,6,7,9,9,8,8,8,9,Lacazette,4,9,8,6
10/7/2018 7:55:26,Lacazette,8,7,8,8,7,9,7,7,9,8,10,Torreira,9,10,8,7
10/7/2018 7:55:32,Lacazette,8,9,9,8,9,10,8,8,8,8,9,Lacazette,7,9,8,7
10/7/2018 7:55:34,Lacazette,6,6,7,7,7,9,7,7,8,8,9,Torreira,7,8,7,6
10/7/2018 7:55:40,Lacazette,7,6,8,7,4,8,8,7,7,7,9,Lacazette,5,9,8,6
10/7/2018 7:55:48,Lacazette,8,7,8,7,6,9,8,7,7,7,9,Torreira,7,9,9,8
10/7/2018 7:55:52,Lacazette,7,6,7,8,7,8,0,6,7,6,10,Lacazette,8,9,8,6
10/7/2018 7:55:52,Lacazette,8,6,6,7,7,9,7,7,9,8,9,Torreira,6,9,8,8
10/7/2018 7:56:01,Lacazette,7,3,7,6,5,7,5,5,6,6,9,Lacazette,7,9,6,6
10/7/2018 7:56:16,Lacazette,,,,,,,,,,,,,,10,,
10/7/2018 7:56:19,Lacazette,7,7,7,9,8,9,9,9,8,7,9,Lacazette,8,9,9,9
10/7/2018 7:56:27,Lacazette,7,7,8,7,8,7,7,8,7,8,10,Lacazette,8,10,9,9
10/7/2018 7:56:36,Lacazette,8,7,8,8,8,10,9,8,10,8,10,Aubameyang,3,10,10,8
10/7/2018 7:56:37,Lacazette,7,8,7,8,9,9,9,7,8,8,10,Lacazette,5,9,7,6
10/7/2018 7:56:39,Lacazette,7,7,6,7,8,8,8,6,9,7,9,Iwobi,6,8,7,6
10/7/2018 7:56:52,Lacazette,7,6,7,7,7,7,7,7,7,7,9,Lacazette,7,8,8,7
10/7/2018 7:56:59,Lacazette,8,8,9,9,7,10,8,7,9,9,10,Torreira,6,9,9,8
10/7/2018 7:57:06,Lacazette,8,6,9,8,7,8,8,7,8,7,10,Mustafi,5,9,9,6
10/7/2018 7:57:15,Lacazette,8,8,8,6,8,7,7,7,9,8,9,Lacazette,8,9,8,7
10/7/2018 7:57:21,Lacazette,6,4,7,6,5,5,5,6,6,5,8,Lacazette,3,8,7,5
10/7/2018 7:57:23,Lacazette,8,5,7,7,8,9,8,7,8,8,10,Lacazette,7,10,8,7
10/7/2018 7:57:25,Lacazette,7,7,7,7,8,9,9,7,8,8,10,Lacazette,7,10,10,7
10/7/2018 7:57:30,Lacazette,8,7,8,7,7,9,8,7,8,8,9,Torreira,7,9,9,8
10/7/2018 7:57:31,Lacazette,7,5,8,8,6,4,8,7,9,7,10,Lacazette,8,10,9,8
10/7/2018 7:57:34,Lacazette,10,6,9,7,9,10,6,6,6,6,10,Lacazette,7,10,8,5
10/7/2018 7:57:42,Lacazette,10,7,9,9,8,10,10,9,10,9,10,Lacazette,8,10,9,8
10/7/2018 7:57:44,Lacazette,7,6,8,8,7,9,9,7,8,7,9,Torreira,,10,10,8
10/7/2018 7:57:44,Lacazette,8,9,9,9,7,7,7,8,9,8,10,Lacazette,8,10,10,8
10/7/2018 7:57:54,Lacazette,7,7,9,6,7,,10,7,8,6,10,Lacazette,5,10,8,6
10/7/2018 7:57:54,Lacazette,8,6,6,7,7,9,8,8,9,8,10,Lacazette,6,9,8,6
10/7/2018 7:57:56,Lacazette,8,7,7,7,8,8,8,7,8,7,8,Torreira,7,8,7,7
10/7/2018 7:57:59,Lacazette,8,9,10,9,8,10,7,9,9,9,10,Lacazette,8,9,9,9
10/7/2018 7:58:01,Lacazette,8,5,9,7,8,9,6,7,8,7,9,Lacazette,4,9,9,6
10/7/2018 7:58:09,Lacazette,7,7,8,7,8,8,7,8,8,8,9,Lacazette,7,8,7,6
10/7/2018 7:58:24,Lacazette,7,7,7,7,8,8,7,7,7,7,10,Lacazette,8,10,8,6
10/7/2018 7:58:26,Lacazette,8,6,8,7,9,9,7,7,8,7,9,Aubameyang,7,9,7,7
10/7/2018 7:58:29,Lacazette,9,9,10,10,10,10,10,10,10,10,10,Torreira,7,10,10,10
10/7/2018 7:58:31,Lacazette,7,8,8,7,9,10,9,10,9,8,10,Lacazette,9,10,10,8
10/7/2018 7:58:32,Lacazette,,,,,,,,,8,,10,Lacazette,,9,,
10/7/2018 7:58:36,Lacazette,,,,,,,,,,,10,Lacazette,,,,
10/7/2018 7:59:39,Lacazette,6,7,7,7,7,8,7,7,7,7,9,Lacazette,6,9,8,6
10/7/2018 7:58:43,Lacazette,7,7,7,7,8,8,6,7,7,7,9,Lacazette,8,9,9,6
10/7/2018 7:58:46,Lacazette,8,8,8,8,9,10,8,8,8,7,10,Torreira,9,9,9,7
10/7/2018 7:58:52,Lacazette,7,8,8,8,8,8,6,7,9,7,10,Lacazette,7,9,9,8
10/7/2018 7:59:02,Lacazette,7,5,8,8,7,9,9,7,7,7,10,Lacazette,7,9,8,7
10/7/2018 7:59:14,Lacazette,8,8,8,7,8,9,7,7,8,7,10,Lacazette,7,9,8,7
10/7/2018 7:59:15,Lacazette,8,7,9,8,8,9,7,7,9,8,10,Lacazette,9,9,8,6
10/7/2018 7:59:38,Lacazette,8,7,7,7,6,7,6,7,8,7,8,Lacazette,7,8,7,7
10/7/2018 7:59:51,Lacazette,8,6,8,8,7,9,9,7,8,8,10,Lacazette,7,10,9,8
10/7/2018 7:59:52,Lacazette,7,4,7,7,6,8,5,6,8,8,5,Lacazette,,8,8,8
10/7/2018 8:00:13,Lacazette,8,8,8,8,8,9,8,8,7,7,9,Lacazette,4,7,8,6
10/7/2018 8:00:30,Lacazette,8,6,6,6,8,9,8,7,8,8,9,Torreira,8,9,8,7
10/7/2018 8:00:46,Lacazette,7,6,7,7,7,9,8,7,8,7,10,Lacazette,8,10,8,7
10/7/2018 8:00:46,Lacazette,8,8,9,8,8,8,7,7,8,8,10,Lacazette,10,10,9,8
10/7/2018 8:00:49,Lacazette,7,7,8,8,7,9,8,8,8,7,9,Lacazette,5,9,8,7
10/7/2018 8:00:49,Lacazette,8,7,9,8,8,9,8,9,9,8,10,Lacazette,5,10,10,9
10/7/2018 8:01:07,Lacazette,,,,,,,,,,,,,,,,
10/7/2018 8:01:27,Lacazette,7,6,7,6,6,6,6,7,9,6,10,Lacazette,6,9,9,7
10/7/2018 8:01:28,Lacazette,6,7,7,7,7,8,7,7,8,8,9,Lacazette,5,8,8,7
10/7/2018 8:01:39,Lacazette,6,7,8,6,8,8,7,7,8,7,9,Lacazette,7,8,8,7
10/7/2018 8:01:41,Lacazette,7,3,8,8,9,9,6,6,7,7,10,Lacazette,5,9,9,8
10/7/2018 8:01:54,Lacazette,7,6,8,8,8,10,8,8,9,8,10,Lacazette,0,10,9,8
10/7/2018 8:02:00,Lacazette,8,5,8,8,8,8,8,8,9,7,10,Lacazette,7,9,8,7
10/7/2018 8:02:08,Lacazette,9,7,8,8,9,9,8,8,8,7,10,Lacazette,8,10,9,8
10/7/2018 8:02:11,Lacazette,7,8,9,8,8,8,7,8,8,7,10,Lacazette,8,9,8,7
10/7/2018 8:02:41,Lacazette,8,5,5,10,10,10,8,10,10,8,10,Aubameyang,8,10,9,7
10/7/2018 8:02:53,Lacazette,7,6,9,7,8,10,8,7,8,7,10,Lacazette,7,10,8,7
10/7/2018 8:02:58,Lacazette,7,7,8,7,8,8,7,8,8,7,10,Lacazette,7,9,9,7
10/7/2018 8:03:07,Lacazette,8,9,9,8,8,9,7,8,8,8,10,Aubameyang,9,10,9,7
10/7/2018 8:03:07,Lacazette,,,,,,,,,,,,,,,,
10/7/2018 8:03:18,Lacazette,7,5,7,7,8,9,7,8,8,6,10,Aubameyang,7,10,8,8
10/7/2018 8:03:31,Lacazette,7,8,8,8,9,9,8,8,10,10,10,Iwobi,8,10,9,7
10/7/2018 8:04:03,Lacazette,8,7,9,9,8,10,8,8,9,8,10,Lacazette,7,10,10,8
10/7/2018 8:04:04,Lacazette,7,6,6,6,6,8,6,6,8,7,9,Lacazette,6,8,8,6
10/7/2018 8:04:08,Lacazette,8,7,9,7,8,10,8,8,9,7,10,,9,10,9,7
10/7/2018 8:04:37,Lacazette,7,5,7,5,9,9,8,8,10,7,10,Iwobi,5,9,9,7
10/7/2018 8:04:39,Lacazette,7,6,7,6,7,7,7,7,8,7,9,,3,8,8,7
10/7/2018 8:04:40,Lacazette,7,8,7,8,7,8,7,7,8,7,9,Lacazette,8,8,8,7
10/7/2018 8:05:03,Lacazette,7,5,8,8,7,9,6,6,7,7,10,Lacazette,9,9,7,6
10/7/2018 8:05:42,Lacazette,7,5,8,7,7,7,6,8,7,7,9,Lacazette,7,8,8,6
10/7/2018 8:05:45,Lacazette,,,,,,,,,,,10,Lacazette,,,,
10/7/2018 8:05:53,Lacazette,7,6,7,7,6,8,7,7,8,7,9,Lacazette,8,8,8,7
10/7/2018 8:05:55,Lacazette,8,7,8,7,8,10,7,8,7,7,10,,7,9,8,7
10/7/2018 8:06:03,Lacazette,8,9,9,8,8,9,7,8,8,8,10,Lacazette,9,10,10,8
10/7/2018 8:06:03,Lacazette,8,4,8,6,8,9,6,6,8,7,10,Lacazette,8,9,9,7
10/7/2018 8:06:13,Lacazette,9,7,9,8,8,9,9,8,10,9,10,Lacazette,8,10,10,8
10/7/2018 8:06:17,Lacazette,7,5,8,7,7,7,6,8,7,7,9,Lacazette,7,8,8,6
10/7/2018 8:06:21,Lacazette,7,7,8,7,7,9,8,7,8,8,10,Lacazette,6,10,8,5
10/7/2018 8:06:27,Lacazette,10,10,10,10,10,10,10,10,10,10,10,Lacazette,5,10,10,10
10/7/2018 8:06:27,Lacazette,7,6,6,7,6,8,6,7,9,6,9,Iwobi,6,8,7,6
10/7/2018 8:06:53,Lacazette,7,6,8,8,8,9,7,8,9,7,9,Lacazette,6,9,9,
10/7/2018 8:07:13,Lacazette,7,7,7,7,8,9,8,8,9,9,10,Lacazette,6,10,10,8
10/7/2018 8:07:44,Lacazette,7,2,6,7,4,8,8,8,8,7,10,Lacazette,4,9,9,5
10/7/2018 8:08:04,Lacazette,7,6,6,6,6,9,5,9,8,7,10,Mkhitaryan,7,10,8,8
10/7/2018 8:08:08,Lacazette,,,,,,,,,,,,,,,,
10/7/2018 8:08:22,Lacazette,7,5,7,7,7,8,6,6,9,5,10,Lacazette,5,8,7,7
10/7/2018 8:08:27,Lacazette,6,6,7,7,8,9,8,8,9,8,10,Lacazette,9,10,9,6
10/7/2018 8:08:36,Lacazette,,,,,,,,,,,,,,,,
10/7/2018 8:08:50,Lacazette,5,3,8,9,7,9,2,4,5,2,7,Torreira,3,7,10,5
10/7/2018 8:09:16,Lacazette,8,7,8,8,8,9,8,7,9,8,10,Lacazette,8,9,9,8
10/7/2018 8:10:16,Lacazette,7,8,7,7,8,8,7,7,7,7,9,Lacazette,8,9,9,7
10/7/2018 8:10:39,Lacazette,7,8,8,7,8,8,8,7,8,7,10,Lacazette,10,9,9,7
10/7/2018 8:11:17,Lacazette,9,8,8,7,7,9,9,7,7,7,9,Torreira,8,9,8,7
10/7/2018 8:11:31,Lacazette,8,4,5,6,,8,7,7,7,5,9,Lacazette,6,8,7,6
10/7/2018 8:11:45,Lacazette,8,8,8,8,9,9,9,8,9,10,10,Lacazette,8,10,10,8
10/7/2018 8:12:05,Lacazette,7,8,7,7,8,8,7,7,7,7,9,Lacazette,8,9,9,7
10/7/2018 8:12:14,Lacazette,8,7,8,7,7,7,8,9,9,8,10,Lacazette,,,,
10/7/2018 8:12:19,Lacazette,8,7,10,8,8,9,10,10,9,9,10,Lacazette,8,10,10,7
10/7/2018 8:12:50,Lacazette,8,6,8,6,8,7,7,6,6,4,9,Lacazette,8,9,9,7
10/7/2018 8:13:34,Lacazette,6,6,6,6,7,7,7,6,7,6,9,,6,8,8,6
10/7/2018 8:13:46,Lacazette,8,6,9,8,8,9,7,8,8,6,9,Torreira,7,9,8,7
10/7/2018 8:13:57,Lacazette,8,7,8,8,8,9,9,8,9,9,10,Lacazette,7,10,9,8
10/7/2018 8:14:01,Lacazette,8,7,8,8,8,9,9,8,9,9,10,Lacazette,7,10,9,8
10/7/2018 8:14:08,Lacazette,7,6,8,7,8,8,7,8,8,6,10,Lacazette,,10,10,7
10/7/2018 8:14:11,Lacazette,6,5,8,7,7,9,6,7,8,7,10,Lacazette,3,9,8,5
10/7/2018 8:14:40,Lacazette,8,7,8,8,8,8,8,8,8,8,10,Lacazette,8,10,10,8
10/7/2018 8:14:50,Lacazette,6,6,6,7,7,8,6,6,7,6,9,Lacazette,8,9,9,7
10/7/2018 8:14:50,Lacazette,8,6,8,8,6,10,6,7,9,8,10,Lacazette,9,9,8,6
10/7/2018 8:14:54,Lacazette,7,6,7,6,7,8,7,6,6,5,8,Lacazette,7,8,7,5
10/7/2018 8:15:47,Lacazette,7,7,7,8,6,8,7,6,7,6,9,Lacazette,,8,8,6
10/7/2018 8:16:14,Lacazette,8,6,7,7,8,8,7,6,7,6,9,Lacazette,6,,,
10/7/2018 8:16:18,Lacazette,7,6,7,6,8,8,7,7,7,6,9,Lacazette,7,8,9,7
10/7/2018 8:16:56,Lacazette,9,6,8,8,9,10,8,7,8,8,9,Torreira,8,9,9,7
10/7/2018 8:17:04,Lacazette,6,6,7,8,9,9,9,8,9,8,10,Lacazette,9,10,10,8
10/7/2018 8:17:23,Lacazette,7,6,7,6,8,8,7,7,7,6,9,Lacazette,7,8,9,7
10/7/2018 8:17:43,Lacazette,8,7,8,8,9,9,8,8,9,9,10,Lacazette,8,9,9,7
10/7/2018 8:17:57,Lacazette,6,5,7,7,7,9,7,6,8,8,10,Lacazette,7,9,9,7
10/7/2018 8:17:59,Lacazette,7,6,8,7,8,9,7,7,8,7,9,Lacazette,4,9,8,7
10/7/2018 8:18:01,Lacazette,5,7,6,6,7,7,6,6,8,6,9,Lacazette,9,8,8,6
10/7/2018 8:18:07,Lacazette,8,6,7,7,7,8,7,7,8,7,9,Lacazette,5,9,8,7
10/7/2018 8:18:13,Lacazette,6,4,6,7,7,8,5,6,7,6,9,Lacazette,6,8,8,6
10/7/2018 8:18:42,Lacazette,7,8,7,8,9,9,8,6,9,6,10,Lacazette,7,9,9,7
10/7/2018 8:19:00,Lacazette,8,8,9,9,8,10,9,8,9,8,10,Lacazette,6,9,9,8
10/7/2018 8:19:02,Lacazette,7,7,8,8,7,8,6,7,7,7,9,Lacazette,7,8,8,6
10/7/2018 8:19:19,Lacazette,8,8,7,7,8,9,7,7,7,7,10,Lacazette,5,10,10,7
10/7/2018 8:19:21,Lacazette,7,7,7,7,8,9,7,7,8,8,10,Lacazette,6,10,8,7
10/7/2018 8:19:30,Lacazette,,,,,,,,,,,,,,,,
10/7/2018 8:19:33,Lacazette,8,7,9,9,9,10,8,8,10,9,10,Torreira,7,10,10,9
10/7/2018 8:19:50,Lacazette,6,8,7,7,9,9,8,8,8,8,10,Lacazette,7,8,8,7
10/7/2018 8:20:09,Lacazette,8,7,8,8,8,9,7,7,8,7,9,Lacazette,10,10,8,7
10/7/2018 8:20:41,Lacazette,8,8,9,9,9,9,8,8,9,8,9,Lacazette,8,9,8,7
10/7/2018 8:20:45,Lacazette,7,6,7,7,7,7,7,7,7,6,8,Lacazette,7,8,7,7
10/7/2018 8:20:57,Lacazette,8,7,8,8,8,10,7,7,8,7,10,Lacazette,10,10,8,7
10/7/2018 8:21:14,Lacazette,7,6,8,7,8,9,8,8,8,6,9,Torreira,5,8,8,7
10/7/2018 8:22:14,Lacazette,7,6,8,7,7,7,7,7,7,7,9,Lacazette,6,8,7,6
10/7/2018 8:22:20,Lacazette,8,7,7,8,7,9,7,6,8,7,9,Lacazette,9,9,9,8
10/7/2018 8:23:35,Lacazette,8,6,7,8,7,8,7,6,7,7,9,Lacazette,6,9,8,7
10/7/2018 8:24:10,Lacazette,8,7,8,9,8,10,9,7,9,7,10,Lacazette,7,9,9,7
10/7/2018 8:24:25,Lacazette,10,7,8,8,7,10,8,7,9,9,10,Torreira,8,10,7,8
10/7/2018 8:24:51,Lacazette,7,7,8,7,6,8,8,7,9,8,10,Lacazette,5,8,10,7
10/7/2018 8:25:24,Lacazette,6,5,6,7,7,6,6,5,6,6,8,Lacazette,8,8,8,6
10/7/2018 8:26:12,Lacazette,7,8,6,7,8,10,8,8,9,8,10,Lacazette,7,10,9,8
10/7/2018 8:27:24,Lacazette,8,6,7,7,7,9,8,7,8,6,10,Lacazette,8,9,7,7
10/7/2018 8:28:09,Lacazette,6,6,7,6,8,7,6,6,7,5,9,Lacazette,5,9,8,6
10/7/2018 8:28:15,Lacazette,8,7,9,8,7,9,5,6,7,5,10,Lacazette,8,9,8,7
10/7/2018 8:28:16,Lacazette,8,8,8,8,9,9,7,6,9,7,10,Lacazette,6,9,8,7
10/7/2018 8:29:33,Lacazette,7,7,7,7,9,8,7,7,8,8,10,Lacazette,,10,9,6
10/7/2018 8:29:36,Lacazette,8,6,9,7,7,8,9,8,9,8,9,Lacazette,6,9,9,7
10/7/2018 8:30:44,Lacazette,7,7,8,6,7,9,7,8,8,8,10,Lacazette,5,10,9,7
10/7/2018 8:30:50,Lacazette,8,7,9,8,9,10,9,9,10,8,10,Lacazette,10,9,9,7
10/7/2018 8:32:51,Lacazette,10,10,8,8,8,10,8,8,10,8,10,Leno,0,10,9,9
10/7/2018 8:33:43,Lacazette,8,6,7,9,5,9,8,5,10,8,10,Iwobi,8,10,6,8
10/7/2018 8:33:50,Lacazette,8,5,7,8,6,8,7,7,7,7,9,Lacazette,10,8,6,6
10/7/2018 8:34:19,Lacazette,7,7,6,8,8,8,7,7,7,6,9,,,7,7,6
10/7/2018 8:34:47,Lacazette,,,,,,,,,,,,,,,,
10/7/2018 8:34:50,Lacazette,7,7,8,8,8,9,8,7,8,7,10,Lacazette,7,9,8,7
10/7/2018 8:35:30,Lacazette,,,,,,,,,,,,,,,,
10/7/2018 8:35:40,Lacazette,7,6,7,7,7,8,7,7,8,8,9,Lacazette,7,9,8,7
10/7/2018 8:35:40,Lacazette,7,6,7,6,8,8,7,7,8,7,10,Lacazette,7,10,9,7
10/7/2018 8:36:09,Lacazette,7,6,8,8,8,8,8,8,9,8,10,Lacazette,7,9,8,7
10/7/2018 8:37:28,Lacazette,7,6,7,7,7,7,7,6,7,7,8,Lacazette,7,8,7,7
10/7/2018 8:38:38,Lacazette,7,6,8,8,9,9,8,8,7,7,10,Lacazette,0,9,9,7
10/7/2018 8:39:30,Lacazette,7,7,7,7,8,10,7,8,9,7,9,Torreira,7,9,8,7
10/7/2018 8:40:00,Lacazette,7,4,6,6,7,8,7,7,8,7,9,Lacazette,5,9,8,7
10/7/2018 8:41:04,Lacazette,,,,,,,,,,,,,,,,
10/7/2018 8:41:11,Lacazette,7,6,6,7,8,7,6,7,7,6,9,Beller√≠n,7,9,8,7
10/7/2018 8:41:23,Lacazette,9,7,9,9,10,10,10,10,10,10,10,Lacazette,10,10,10,10
10/7/2018 8:45:18,Lacazette,8,6,7,7,7,8,7,7,8,6,8,Lacazette,7,8,7,6
10/7/2018 8:46:15,Lacazette,7,5,9,6,8,10,9,7,9,6,9,Torreira,6,10,9,7
10/7/2018 8:52:26,Lacazette,8,8,7,7,9,7,7,9,10,8,10,Lacazette,9,10,10,6
10/7/2018 8:52:59,Lacazette,7,6,9,8,7,10,8,8,10,10,10,Iwobi,7,10,10,7
10/7/2018 8:53:11,Lacazette,8,7,7,8,8,9,7,8,9,8,10,Lacazette,6,10,9,7
10/7/2018 8:53:21,Lacazette,9,8,8,9,7,9,9,7,9,8,10,Lacazette,7,9,9,8
10/7/2018 8:56:47,Lacazette,7,6,7,7,7,7,7,7,7,7,9,Lacazette,7,8,8,7
10/7/2018 8:56:55,Lacazette,8,7,9,9,9,9,9,8,9,9,10,Lacazette,9,9,9,7
10/7/2018 8:58:02,Lacazette,7,7,8,7,8,8,7,7,7,7,10,Lacazette,7,10,9,8
10/7/2018 9:01:42,Lacazette,7,5,7,7,8,10,7,7,8,8,10,Lacazette,9,10,9,7
10/7/2018 9:03:06,Lacazette,8,6,7,7,8,8,7,8,8,6,9,Lacazette,7,9,8,6
10/7/2018 9:03:44,Lacazette,8,6,7,7,8,8,7,8,8,6,9,Lacazette,7,9,8,6
10/7/2018 9:10:33,Lacazette,8,6,7,7,7,9,8,8,9,7,10,Aubameyang,3,10,9,7
10/7/2018 9:11:41,Lacazette,,,,,,,,,,,,,,,,
10/7/2018 9:13:01,Lacazette,7,6,7,7,7,7,5,6,7,6,8,Aubameyang,6,9,7,6
10/7/2018 9:15:14,Lacazette,7,7,8,8,8,10,8,8,8,7,10,Lacazette,8,10,9,8
10/7/2018 9:16:08,Lacazette,,,,,,,,,,,,,,,,
10/7/2018 9:16:24,Lacazette,8,8,8,7,8,10,8,8,9,8,10,Lacazette,7,10,10,7
10/7/2018 9:17:09,Lacazette,7,7,8,8,8,8,7,7,8,8,9,Lacazette,7,9,9,7
10/7/2018 9:22:36,Lacazette,8,8,8,8,8,9,9,8,8,8,10,Lacazette,6,10,8,8
10/7/2018 9:23:22,Lacazette,8,8,9,9,8,10,8,7,10,7,10,Lacazette,5,10,8,7
10/7/2018 9:24:15,Lacazette,7,6,7,6,8,8,8,7,8,8,10,Lacazette,7,10,9,7
10/7/2018 9:24:32,Lacazette,8,7,8,7,8,9,9,7,8,8,10,Lacazette,7,9,8,7
10/7/2018 9:25:47,Lacazette,8,8,9,9,7,9,8,7,9,8,10,Lacazette,7,10,8,8
10/7/2018 9:30:52,Lacazette,7,6,7,8,8,9,7,7,8,7,9,Lacazette,7,8,10,6
10/7/2018 9:36:16,Lacazette,8,5,8,7,8,9,8,7,9,7,10,Lacazette,7,9,9,7
10/7/2018 9:38:11,Lacazette,10,10,10,10,10,10,10,10,10,10,10,Lacazette,10,10,10,10
10/7/2018 9:38:20,Lacazette,10,10,10,10,10,10,10,10,10,10,10,Lacazette,10,10,10,10
10/7/2018 9:40:41,Lacazette,9,8,8,8,8,9,7,7,8,7,10,Lacazette,8,9,8,8
10/7/2018 9:44:45,Lacazette,8,6,8,8,9,9,8,7,7,7,10,Lacazette,8,9,9,7
10/7/2018 9:45:27,Lacazette,7,6,7,7,8,9,8,7,7,6,9,Lacazette,,9,8,6
10/7/2018 9:47:48,Lacazette,8,6,9,8,8,8,7,6,9,8,10,Lacazette,8,9,8,6
10/7/2018 9:49:22,Lacazette,7,8,7,7,8,8,9,7,8,7,8,Lacazette,8,9,7,7
10/7/2018 9:50:10,Lacazette,,,,,,,,,,,,,,,,
10/7/2018 9:52:07,Lacazette,8,4,8,7,8,7,8,9,8,7,10,Lacazette,6,9,9,7
10/7/2018 9:52:36,Lacazette,7,6,7,7,7,8,7,7,8,7,10,Lacazette,7,10,8,7
10/7/2018 9:53:28,Lacazette,7,8,7,7,8,9,7,8,9,8,10,Lacazette,7,9,9,7
10/7/2018 10:01:00,Lacazette,7,7,8,8,7,8,8,7,9,8,10,Iwobi,10,8,8,7
10/7/2018 10:02:15,Lacazette,8,7,8,8,8,8,8,7,9,7,9,Lacazette,7,9,7,7
10/7/2018 10:02:40,Lacazette,8,5,7,9,9,10,6,5,9,7,10,Lacazette,8,9,8,8
10/7/2018 10:03:52,Lacazette,7,7,8,8,8,8,7,7,9,8,9,Iwobi,5,9,9,7
10/7/2018 10:08:31,Lacazette,,,,,,,,,,,,,,,,
10/7/2018 10:09:05,Lacazette,9,9,9,8,7,9,7,8,9,9,10,Lacazette,7,10,9,7
10/7/2018 10:11:29,Lacazette,8,8,9,7,8,10,8,7,8,7,10,Lacazette,7,9,7,6
10/7/2018 10:18:47,Lacazette,10,10,10,10,10,10,10,10,10,10,10,Lacazette,5,10,10,10
10/7/2018 10:20:24,Lacazette,6,6,7,7,7,8,7,7,8,7,10,Lacazette,7,10,10,6
10/7/2018 10:20:57,Lacazette,8,7,8,7,9,10,8,8,10,9,10,Iwobi,9,9,8,7
10/7/2018 10:21:58,Lacazette,8,10,10,7,9,10,10,10,10,10,10,Lacazette,8,10,10,6
10/7/2018 10:24:16,Lacazette,7,7,6,7,7,8,7,7,7,7,10,Lacazette,8,9,9,6
10/7/2018 10:24:56,Lacazette,8,7,8,7,7,9,7,8,9,8,10,Lacazette,7,9,8,7
10/7/2018 10:27:16,Lacazette,8,7,8,7,7,8,8,7,8,7,9,Lacazette,5,9,8,7
10/7/2018 10:28:59,Lacazette,6,5,8,7,7,8,7,6,8,7,9,Lacazette,7,9,8,6
10/7/2018 10:32:41,Lacazette,,,,,,,,,,,,,,,,
10/7/2018 10:35:33,Lacazette,7,8,8,6,7,7,7,7,8,6,10,Lacazette,,9,8,
10/7/2018 10:40:02,Lacazette,,,,,,,,,,,,,,,,
10/7/2018 10:41:45,Lacazette,9,5,7,9,8,10,8,7,9,8,10,Lacazette,8,10,9,8
10/7/2018 10:44:01,Lacazette,7,6,7,8,6,9,8,8,8,7,9,Lacazette,5,8,8,6
10/7/2018 10:46:52,Lacazette,7,6,8,7,8,9,7,8,9,8,10,Torreira,6,9,9,7
10/7/2018 10:47:53,Lacazette,8,7,8,8,7,9,7,7,8,7,10,Lacazette,7,8,8,7
10/7/2018 10:50:22,Lacazette,8,7,8,8,7,9,7,7,8,7,10,Lacazette,7,8,8,7
10/7/2018 10:53:09,Lacazette,8,8,7,7,9,8,8,8,9,8,10,Lacazette,9,9,8,8
10/7/2018 11:07:26,Lacazette,6,5,7,6,6,7,7,6,9,6,9,Lacazette,7,9,8,6
10/7/2018 11:08:02,Lacazette,6,5,7,6,6,7,7,6,9,6,9,Lacazette,7,9,8,6
10/7/2018 11:18:17,Lacazette,7,5,8,6,7,7,7,7,7,7,9,Lacazette,,9,8,7
10/7/2018 11:31:37,Lacazette,7,6,8,7,9,9,8,8,9,6,10,Lacazette,8,8,10,8
10/7/2018 11:36:57,Lacazette,8,6,8,10,9,10,8,8,8,7,10,Torreira,7,9,7,7
10/7/2018 11:38:21,Guendouzi,,,,,,,,,,,,,,,,
10/7/2018 11:42:01,Lacazette,7,7,9,7,8,8,8,7,7,8,10,Lacazette,8,10,8,7
10/7/2018 11:52:26,Lacazette,7,7,8,7,8,8,7,8,8,7,10,Lacazette,6,10,8,7
10/7/2018 11:55:06,Lacazette,7,6,8,6,7,9,7,7,9,8,10,Lacazette,7,9,9,6
10/7/2018 12:13:10,Lacazette,7,6,7,6,8,9,6,7,8,7,10,Lacazette,6,10,8,7
10/7/2018 12:21:31,Lacazette,10,8,10,10,10,10,10,10,10,10,10,Lacazette,5,10,10,10
10/7/2018 12:35:56,Lacazette,7,6,7,7,7,9,8,7,9,7,9,Lacazette,7,9,9,8
10/7/2018 12:46:17,Lacazette,7,8,9,8,8,8,7,6,9,8,10,Lacazette,7,8,7,6
10/7/2018 12:55:12,Lacazette,7,4,7,7,6,7,2,6,7,6,8,Lacazette,7,8,7,6
10/7/2018 12:59:25,Lacazette,,,,,,,,,,,,,,,,
10/7/2018 13:07:16,Lacazette,7,6,6,6,7,8,7,6,7,7,9,Lacazette,5,8,9,6
10/7/2018 13:14:24,Lacazette,7,7,7,7,7,8,7,7,8,7,10,Lacazette,7,9,8,6
10/7/2018 13:23:33,Lacazette,8,7,7,7,8,8,7,6,9,6,10,Lacazette,8,9,8,7
10/7/2018 13:28:12,Lacazette,8,6,7,7,8,8,7,8,8,6,10,Lacazette,7,9,8,6
10/7/2018 14:00:05,Lacazette,7,5,6,6,7,8,6,7,8,6,10,Lacazette,6,9,8,6
10/7/2018 14:02:01,Lacazette,7,7,8,8,8,9,7,7,9,8,9,Lacazette,6,9,8,8
10/7/2018 14:03:11,Lacazette,9,7,7,8,7,9,8,6,7,6,10,Lacazette,8,9,8,7
10/7/2018 14:43:56,Lacazette,0,0,10,10,9,10,0,0,0,0,10,Welbeck,10,10,0,5
10/7/2018 14:44:12,Lacazette,7,6,7,6,5,9,8,7,9,6,10,Lacazette,4,8,8,6
10/7/2018 14:58:04,Lacazette,7,5,6,7,7,7,6,6,7,7,9,Lacazette,6,9,8,6
10/7/2018 15:25:55,Lacazette,7,6,7,8,8,9,7,6,8,7,10,Lacazette,0,9,8,6
10/7/2018 15:31:07,Lacazette,10,10,10,10,10,10,10,10,10,10,10,Lacazette,10,10,10,10
10/7/2018 15:38:30,Lacazette,,,,,,,,,,,,,,,,
10/7/2018 15:44:14,Lacazette,9,9,9,9,10,10,9,9,9,9,10,Lacazette,9,10,9,9
10/7/2018 15:50:54,Lacazette,7,8,9,8,8,9,7,7,7,7,10,Lacazette,7,10,9,8
10/7/2018 16:02:10,Lacazette,8,7,9,9,8,9,8,8,10,,10,Lacazette,5,10,8,7
10/7/2018 16:19:58,Lacazette,8,8,9,8,9,10,8,8,10,9,10,Iwobi,8,9,9,7
10/7/2018 16:25:54,Lacazette,6,5,7,8,7,7,6,7,8,7,9,Lacazette,5,8,7,6
10/7/2018 16:44:46,Lacazette,7,7,7,8,7,8,7,7,7,7,9,Aubameyang,,10,8,
10/7/2018 16:55:54,Lacazette,7,6,7,6,7,8,7,7,8,7,9,Lacazette,7,9,8,7
10/7/2018 17:05:19,Lacazette,7,5,7,7,8,7,6,6,8,6,10,Lacazette,6,9,8,6
10/7/2018 18:22:58,Lacazette,8,7,8,9,8,10,8,9,10,9,10,Lacazette,9,10,8,8
10/7/2018 18:26:06,Lacazette,9,7,8,9,8,10,8,9,10,9,10,Lacazette,8,10,8,8
10/7/2018 19:09:50,Lacazette,8,6,9,8,7,9,9,8,9,7,10,Mustafi,6,9,9,7
10/7/2018 19:12:38,Lacazette,7,6,7,7,7,8,7,7,7,6,9,Lacazette,,9,8,6
10/7/2018 19:13:22,Lacazette,7,7,8,8,8,9,7,7,10,8,9,Lacazette,8,10,9,9
10/7/2018 20:09:56,Lacazette,8,7,9,9,9,9,8,7,8,7,10,Lacazette,7,10,8,7
10/7/2018 21:08:49,Lacazette,6,5,7,7,8,8,7,8,8,6,9,Lacazette,6,7,9,8
10/7/2018 21:11:37,Lacazette,9,5,9,8,9,10,7,9,9,9,10,Lacazette,8,10,9,7
10/7/2018 21:59:01,Lacazette,7,7,7,7,8,9,7,7,8,7,10,Lacazette,9,9,8,7
10/7/2018 22:04:16,Lacazette,8,7,7,8,8,9,8,8,9,8,10,Lacazette,8,9,9,8
10/8/2018 0:00:54,Lacazette,7,6,7,7,8,9,8,8,8,7,9,Lacazette,8,8,8,7
10/8/2018 0:43:40,Lacazette,9,6,7,7,9,10,7,8,10,7,10,Lacazette,6,10,9,7
10/8/2018 3:03:50,Lacazette,8,6,8,8,9,9,9,8,8,8,10,Lacazette,8,8,8,7
10/8/2018 3:23:40,Lacazette,7,7,8,8,8,8,7,7,8,8,10,Lacazette,6,10,10,7
10/8/2018 4:25:51,Lacazette,8,7,8,7,7,9,0,7,9,9,10,Lacazette,8,8,8,10
10/8/2018 8:02:49,Lacazette,,,,,,,,,,,,,,,,
10/8/2018 8:17:23,Lacazette,6,6,7,8,7,9,7,8,8,7,10,Lacazette,,8,9,6
10/8/2018 12:02:11,Lacazette,7,6,8,8,7,10,8,8,10,8,10,Lacazette,9,10,9,7
10/8/2018 12:38:39,Lacazette,6,8,7,7,8,9,8,7,9,7,10,Lacazette,7,9,9,6
10/8/2018 12:53:21,Lacazette,7,6,7,8,6,8,6,7,7,7,9,Torreira,5,8,8,8
10/8/2018 13:54:20,Lacazette,,,,,,,,,,,,,,,,
10/8/2018 21:15:16,Lacazette,7,7,7,7,8,8,7,7,8,7,9,Lacazette,7,9,8,6
10/9/2018 7:34:29,Lacazette,8,6,7,6,8,9,7,8,8,7,8,Torreira,7,8,8,8
,,,,,,,,,,,,,,,,,
,,7.45,6.56,7.68,7.45,7.68,8.61,7.35,7.27,8.20,7.28,9.55,,6.91,9.11,8.41,7.04
,,,,,,,,,,,,,Lacazette has 77% after 100 votes,,,,