Timestamp,Who scored Arsenal's first goal?,Leno,Beller√≠n,Mustafi,Sokratis,Lichtsteiner,Kola≈°inac,Xhaka,Torreira ‚öΩÔ∏è,Guendouzi,Lacazette,Aubameyang üÖê,Man of the Match,Referee Paul Tierney,Iwobi  (on at 45'),Mkhitaryan (on at 45'),Monreal (on at 66')
12/8/2018 10:16:24,Lacazette,6,6,6,6,6,6,6,6,6,6,6,Lacazette,0,6,6,6
12/8/2018 10:59:25,Monreal,,,,,,,,,,,,,,,,
12/8/2018 11:00:30,Lacazette,8,8,3,6,5,8,6,9,6,7,8,Torreira,0,5,4,6
12/8/2018 10:59:46,Lacazette,8,7,7,8,7,6,6,9,6,7,7,Torreira,0,1,3,7
12/8/2018 11:00:01,Lacazette,9,9,7,8,8,8,6,10,7,7,8,Torreira,5,7,7,10
12/8/2018 11:00:09,Lacazette,7,8,7,9,7,7,4,9,7,5,7,,1,3,6,6
12/8/2018 11:00:17,Lacazette,8,8,6,9,6,8,8,10,9,7,8,Torreira,0,8,6,6
12/8/2018 11:00:19,Lacazette,6,7,6,6,6,7,7,10,7,7,7,Torreira,0,6,5,6
12/8/2018 11:00:19,Lacazette,8,8,7,8,6,7,7,9,8,7,9,Torreira,1,7,7,7
12/8/2018 11:00:34,Lacazette,7,8,6,6,,5,5,8,6,6,5,,0,6,6,8
12/8/2018 11:00:37,Lacazette,6,7,6,6,6,7,7,10,9,6,7,Torreira,0,6,4,7
12/8/2018 11:00:45,Lacazette,7,8,7,8,8,7,4,8,8,7,8,Lichtsteiner,0,3,9,7
12/8/2018 11:01:16,Monreal,,,,,,,,,,,,,,,,
12/8/2018 11:01:24,Lacazette,7,7,,7,6,6,6,8,7,6,7,Torreira,8,6,6,6
12/8/2018 11:01:34,Lacazette,7,6,5,6,6,6,7,8,7,8,8,Torreira,0,7,6,7
12/8/2018 11:01:38,Lacazette,8,7,6,7,6,6,6,10,5,8,7,Torreira,0,7,6,7
12/8/2018 11:02:10,Lacazette,8,7,7,8,7,7,7,9,7,6,7,Torreira,2,6,7,7
12/8/2018 11:02:26,Lacazette,7,6,7,7,6,7,7,9,8,6,7,Torreira,1,6,5,6
12/8/2018 11:02:31,Lacazette,7,7,7,8,8,6,6,9,8,7,6,Torreira,6,6,5,7
12/8/2018 11:02:33,Lacazette,7,7,6,7,6,7,7,8,7,6,7,Torreira,1,5,6,6
12/8/2018 11:02:38,Lacazette,7,8,6,8,6,7,6,10,8,7,7,Torreira,0,6,4,6
12/8/2018 11:02:48,Lacazette,8,7,7,8,6,6,7,9,6,6,7,Torreira,0,5,6,6
12/8/2018 11:03:05,Lacazette,6,8,6,7,6,7,6,9,7,6,8,Torreira,0,7,6,10
12/8/2018 11:03:19,Torreira,8,8,8,8,8,8,8,10,8,7,8,Torreira,0,6,6,8
12/8/2018 11:03:28,Torreira,8,8,7,9,8,8,8,10,8,8,7,Torreira,0,8,9,8
12/8/2018 11:03:35,Torreira,5,4,5,5,5,5,4,10,5,4,6,Torreira,0,5,4,4
12/8/2018 11:03:41,Torreira,7,7,6,6,5,6,7,9,5,5,8,Torreira,0,7,6,7
12/8/2018 11:03:47,Lacazette,8,7,6,9,7,7,7,9,6,7,8,Torreira,0,7,7,6
12/8/2018 11:03:56,Torreira,7,7,6,8,6,7,7,9,6,7,7,Torreira,3,5,5,7
12/8/2018 11:04:19,Torreira,7,7,6,6,6,7,7,7,6,7,7,Xhaka,4,6,6,6
12/8/2018 11:04:20,Torreira,7,7,7,8,7,7,7,9,7,7,7,Torreira,0,6,7,7
12/8/2018 11:04:26,Torreira,8,7,6,8,7,7,7,9,7,6,7,Torreira,4,5,6,7
12/8/2018 11:04:49,Torreira,7,7,6,7,6,6,6,9,7,6,7,Torreira,0,7,6,6
12/8/2018 11:04:50,Torreira,7,7,7,8,7,8,7,7,8,6,6,Holding,0,3,4,6
12/8/2018 11:04:59,Torreira,6,7,6,7,6,7,6,6,6,6,6,Kola≈°inac,2,6,6,6
12/8/2018 11:05:34,Torreira,8,8,7,7,7,8,7,10,7,7,8,Torreira,3,6,6,8
12/8/2018 11:05:40,Torreira,8,6,5,8,7,7,6,8,7,6,7,Torreira,5,5,5,10
12/8/2018 11:06:40,Torreira,7,6,6,8,7,7,7,8,6,5,5,Torreira,0,1,4,6
12/8/2018 11:06:42,Torreira,7,7,6,8,7,9,8,10,9,6,6,Torreira,4,8,7,8
12/8/2018 11:06:54,Torreira,7,6,7,7,5,6,5,9,7,9,8,Torreira,0,6,5,7
12/8/2018 11:07:37,Torreira,7,7,6,8,6,6,6,8,6,6,7,Torreira,4,5,5,6
12/8/2018 11:07:55,Torreira,8,8,8,8,6,7,7,9,7,7,7,Torreira,5,7,7,7
12/8/2018 11:08:18,Torreira,8,9,8,9,8,9,7,9,6,8,8,Torreira,4,5,7,8
12/8/2018 11:08:38,Torreira,7,7,6,7,7,8,7,10,8,7,5,Torreira,5,6,4,6
12/8/2018 11:09:07,Torreira,8,7,6,8,8,7,6,9,6,6,6,Torreira,0,3,3,6
12/8/2018 11:09:14,Torreira,7,8,6,7,4,7,6,10,6,7,7,Torreira,0,4,6,7
12/8/2018 11:09:16,Torreira,6,7,7,7,7,8,7,9,8,6,6,Torreira,3,6,6,6
12/8/2018 11:09:18,Torreira,8,9,8,10,9,9,8,10,7,6,8,Holding,0,5,5,5
12/8/2018 11:09:44,Torreira,7,8,7,9,7,6,6,10,7,8,8,Torreira,3,0,0,7
12/8/2018 11:09:44,Torreira,9,10,8,8,6,6,5,9,9,6,10,Beller√≠n,5,6,5,7
12/8/2018 11:10:02,Torreira,7,8,7,9,7,7,7,10,7,7,8,Torreira,0,5,6,6
12/8/2018 11:10:07,Torreira,8,8,7,8,8,7,8,8,7,7,7,Holding,0,5,6,7
12/8/2018 11:10:28,Torreira,8,7,6,8,7,5,6,9,9,5,6,Torreira,0,4,5,6
12/8/2018 11:10:39,Torreira,8,7,6,8,5,7,4,9,8,8,7,Torreira,2,7,7,7
12/8/2018 11:11:06,Torreira,,,,,,,,,,,,,,,,
12/8/2018 11:11:07,Torreira,7,7,7,7,7,7,7,8,7,7,7,Torreira,1,7,7,7
12/8/2018 11:11:46,Torreira,7,5,5,7,5,5,5,7,8,6,6,Guendouzi,1,3,3,5
12/8/2018 11:13:22,Torreira,7,7,6,9,7,7,7,8,7,6,7,Torreira,4,7,6,7
12/8/2018 11:13:27,Torreira,7,6,7,8,7,7,7,9,8,7,7,Torreira,0,6,6,6
12/8/2018 11:13:37,Torreira,6,6,5,6,4,5,5,8,5,5,5,Torreira,4,2,3,4
12/8/2018 11:13:46,Torreira,7,5,6,8,6,6,5,9,6,7,5,Torreira,1,,5,6
12/8/2018 11:13:52,Torreira,6,6,6,8,6,7,4,8,6,6,6,Torreira,0,5,5,6
12/8/2018 11:14:10,Torreira,7,8,7,8,7,6,7,10,7,6,7,Torreira,1,5,4,6
12/8/2018 11:14:15,Torreira,7,9,7,8,7,6,8,9,7,7,8,Beller√≠n,1,6,5,7
12/8/2018 11:14:53,Torreira,8,8,6,6,7,8,8,10,6,7,7,Torreira,0,4,8,8
12/8/2018 11:15:06,Torreira,8,8,6,9,7,7,7,9,7,6,7,Torreira,4,6,6,7
12/8/2018 11:15:21,Torreira,7,8,7,10,7,7,7,9,8,7,8,,0,0,0,0
12/8/2018 11:17:35,Torreira,7,7,6,9,6,8,8,8,7,6,7,Holding,0,5,6,7
12/8/2018 11:18:53,Torreira,7,7,7,7,7,7,7,10,7,7,7,Torreira,0,5,4,7
12/8/2018 11:19:10,Torreira,7,7,6,7,6,6,5,9,6,4,6,Torreira,8,7,3,6
12/8/2018 11:19:51,Torreira,6,6,6,7,6,6,7,8,6,5,6,Torreira,4,5,6,6
12/8/2018 11:21:05,Torreira,7,6,5,7,6,6,6,9,7,7,8,Lichtsteiner,3,7,5,7
12/8/2018 11:22:35,Torreira,7,6,7,8,6,7,6,10,8,6,7,Torreira,0,5,6,6
12/8/2018 11:24:00,Torreira,8,8,8,8,8,8,7,10,8,7,8,Torreira,5,6,6,8
12/8/2018 11:24:23,Torreira,8,8,7,8,7,9,8,10,8,7,8,Torreira,0,7,6,7
12/8/2018 11:25:24,Torreira,8,7,7,6,6,6,6,10,,9,8,Torreira,0,5,5,6
12/8/2018 11:27:06,Torreira,7,7,7,9,7,6,6,8,6,6,5,Torreira,0,4,4,7
12/8/2018 11:28:09,Torreira,8,,7,8,7,7,8,9,7,8,8,,,,,
12/8/2018 11:28:15,Torreira,,,,,,,,,,,,,,,,
12/8/2018 11:29:43,Torreira,6,5,5,7,7,5,3,8,7,6,7,Torreira,6,6,6,6
12/8/2018 11:33:25,Torreira,9,8,8,9,7,7,8,10,9,7,7,,3,9,6,6
12/8/2018 11:38:17,Torreira,7,7,7,7,6,7,6,8,7,6,7,Torreira,3,5,6,5
12/8/2018 11:39:28,Torreira,7,7,6,9,7,6,8,10,9,5,6,Torreira,8,4,5,6
12/8/2018 11:40:05,Torreira,7,8,7,8,6,7,10,9,7,7,6,Xhaka,6,4,5,6
12/8/2018 11:40:18,Torreira,7,8,7,8,6,7,6,8,8,6,7,Torreira,0,5,6,6
12/8/2018 11:41:08,Torreira,7,4,6,7,5,6,8,9,6,5,8,Torreira,6,3,4,6
12/8/2018 11:41:36,Monreal,,,,,,,,,,,,,,,,
12/8/2018 11:42:16,Torreira,7,7,8,8,7,7,8,8,7,8,6,Torreira,4,5,6,7
12/8/2018 11:43:55,Torreira,8,10,7,7,8,9,9,10,9,9,9,Torreira,0,7,7,7
12/8/2018 11:49:53,Torreira,8,8,9,9,8,9,8,10,8,8,9,Torreira,0,7,8,8
12/8/2018 11:59:16,Torreira,10,7,7,10,8,9,8,9,9,7,9,Torreira,5,9,9,10
12/8/2018 11:59:58,Torreira,8,8,8,9,7,8,9,10,9,7,8,Torreira,0,6,7,7
12/8/2018 12:05:30,Torreira,6,7,6,6,6,6,5,7,6,5,6,Torreira,7,5,6,6
12/8/2018 12:09:32,Torreira,9,5,6,5,5,7,8,10,6,7,7,Torreira,,6,7,5
12/8/2018 12:15:36,Torreira,6,7,6,6,6,6,7,8,7,6,6,Torreira,3,,6,7
12/8/2018 12:26:46,Torreira,7,6,6,7,5,6,6,9,7,8,7,Torreira,3,4,3,6
12/8/2018 12:32:27,Torreira,,,,,,,,,,,,,,,,
12/8/2018 12:38:14,Torreira,7,8,6,8,6,7,10,10,8,10,8,Torreira,0,6,5,7
12/8/2018 12:41:00,Torreira,7,7,7,7,6,8,8,10,8,7,8,Torreira,6,5,6,6
12/8/2018 12:43:36,Torreira,7,7,7,8,7,6,7,9,6,7,7,Torreira,0,1,3,7
12/8/2018 12:46:33,Torreira,7,7,7,7,6,7,7,8,8,7,6,Torreira,0,6,6,6
12/8/2018 12:51:26,Torreira,,,,,,,,,,,,,,,,
12/8/2018 13:04:58,Torreira,9,7,7,8,7,7,9,10,8,6,7,Xhaka,0,5,6,6
12/8/2018 13:06:46,Torreira,8,7,7,7,5,5,5,9,6,6,7,Torreira,3,6,6,6
12/8/2018 13:10:42,Torreira,6,6,7,7,6,5,7,9,5,5,7,Torreira,3,6,5,6
12/8/2018 13:16:39,Torreira,6,7,5,7,6,6,7,9,9,6,7,Torreira,3,6,6,7
12/8/2018 13:24:59,Torreira,7,7,7,8,6,7,8,8,6,6,7,Sokratis,2,5,5,6
12/8/2018 13:52:27,Torreira,8,7,6,10,7,8,6,10,6,7,7,Torreira,4,1,6,7
12/8/2018 14:25:38,Torreira,7,7,7,7,7,7,8,9,8,8,7,Torreira,4,6,6,8
12/8/2018 15:00:47,Torreira,7,8,7,7,6,6,9,9,7,7,7,Xhaka,7,7,7,7
12/8/2018 15:00:55,Torreira,8,7,7,8,7,7,9,10,8,8,9,Torreira,8,7,7,7
12/8/2018 15:01:02,Torreira,8,7,7,8,7,7,9,10,8,8,9,Torreira,8,7,7,7
12/8/2018 15:04:10,Torreira,,,,,,,,,,,,,,,,
12/8/2018 15:22:53,Torreira,7,7,6,8,6,6,7,8,7,7,6,Sokratis,2,4,7,6
12/8/2018 15:39:10,Torreira,9,8,8,9,7,7,9,10,8,7,8,Torreira,5,6,6,7
12/8/2018 15:54:25,Torreira,6,7,7,7,7,6,8,9,6,7,7,Torreira,0,6,7,7
12/8/2018 16:07:24,Torreira,7,7,6,7,5,6,8,9,6,6,6,Torreira,1,7,6,6
12/8/2018 16:20:24,Torreira,6,7,7,8,5,6,8,6,8,7,9,Guendouzi,5,5,7,7
12/8/2018 16:41:25,Torreira,6,6,6,7,6,7,7,8,6,7,7,Xhaka,4,7,6,6
12/8/2018 20:13:09,Torreira,,,,,,,,,,,,,,,,
12/8/2018 20:14:30,Torreira,6,7,5,7,6,7,8,8,7,6,6,Torreira,0,4,5,6
12/8/2018 20:21:26,Torreira,7,7,7,8,7,8,9,10,9,7,8,Torreira,0,6,7,7
12/8/2018 20:43:34,Torreira,8,8,8,8,8,9,9,10,8,9,9,Torreira,9,10,10,10
12/8/2018 20:55:41,Torreira,,,,,,,,10,,,,,,,,
12/8/2018 23:30:46,Torreira,8,7,6,8,6,7,7,9,7,7,6,Torreira,2,6,7,8
12/9/2018 1:01:39,Torreira,7,7,6,8,7,7,6,9,9,7,8,Torreira,4,4,6,7
12/9/2018 4:56:18,Torreira,,,,,,,,,,,,,,,,
12/9/2018 5:03:02,Torreira,7,7,7,7,6,6,8,7,6,7,7,Xhaka,1,6,5,6
12/9/2018 5:14:48,Torreira,7,6,6,8,6,6,7,7,7,6,6,Sokratis,7,5,6,7
12/9/2018 9:28:55,Torreira,,,,,,,,,,,,,,,,
12/9/2018 9:32:01,Torreira,6,7,6,7,6,6,9,8,7,6,6,Xhaka,2,6,7,7
12/9/2018 9:32:58,Torreira,6,7,6,7,6,7,10,9,7,6,6,Xhaka,2,6,7,7
12/9/2018 10:25:37,Torreira,7,7,6,7,7,6,6,7,7,6,6,Torreira,4,5,5,6
12/9/2018 10:35:38,Torreira,7,7,7,7,7,7,9,10,9,7,8,Torreira,6,6,6,6
12/9/2018 11:05:51,Torreira,6,5,5,6,5,5,7,8,8,5,6,Torreira,5,3,3,6
12/9/2018 11:45:50,Torreira,6,5,6,7,6,7,3,8,7,6,8,Torreira,6,6,5,6
12/9/2018 22:31:19,Torreira,7,8,7,7,7,7,9,9,8,8,9,Xhaka,0,4,6,7
12/10/2018 1:36:07,Torreira,7,7,6,7,6,6,7,8,8,5,6,Guendouzi,2,4,5,6
,,,,,,,,,,,,,,,,,
,,7.21,7.10,6.50,7.59,6.46,6.81,6.93,8.90,7.15,6.62,7.09,,2.31,5.41,5.66,6.61