Timestamp,Who scored Arsenal's first goal?,Čech,Monreal,Sokratis,Mustafi,Bellerín,Guendouzi,Xhaka ⚽️,Özil ⚽️,Ramsey,Aubameyang,Lacazette,Man of the Match,Referee Lee Probert,Torreira (on at 45'),Mkhitaryan (on at 69'),Welbeck (on at 80')
9/15/2018 10:20:21,Xhaka,6,6,6,6,6,6,6,6,6,6,6,,6,6,6,6
9/15/2018 10:51:46,Xhaka,7,7,7,7,7,6,8,8,6,6,7,Sokratis,7,8,6,6
9/15/2018 10:51:54,Xhaka,8,6,10,5,6,5,7,8,5,6,8,Sokratis,6,8,6,7
9/15/2018 10:51:54,Xhaka,,,,,,,,,,,,,,,,
9/15/2018 10:52:02,Xhaka,7,7,9,2,6,6,8,7,5,4,8,Sokratis,5,9,7,7
9/15/2018 10:52:03,Xhaka,8,7,7,3,7,6,8,8,7,5,8,Čech,8,9,7,7
9/15/2018 10:52:05,Xhaka,5,7,6,4,5,5,7,8,4,6,8,Xhaka,5,6,5,5
9/15/2018 10:52:06,Xhaka,5,5,6,4,5,6,7,7,6,6,7,Özil,7,7,6,5
9/15/2018 10:52:17,Xhaka,8,6,8,5,7,6,7,8,3,5,5,Özil,4,7,5,5
9/15/2018 10:52:26,Xhaka,8,8,8,6,7,6,10,9,6,6,7,Xhaka,8,8,7,8
9/15/2018 10:52:33,Xhaka,6,6,7,4,7,5,6,7,2,4,5,Özil,6,7,3,4
9/15/2018 10:52:33,Xhaka,5,5,9,5,6,5,7,8,5,5,6,Sokratis,4,7,7,6
9/15/2018 10:52:47,Xhaka,6,6,7,4,6,7,7,7,5,6,7,Torreira,8,9,7,7
9/15/2018 10:52:48,Xhaka,7,7,7,6,7,6,8,7,5,6,7,Xhaka,7,8,7,6
9/15/2018 10:52:52,Xhaka,4,3,7,4,4,6,7,5,2,5,5,Sokratis,7,6,6,10
9/15/2018 10:52:55,Xhaka,8,7,7,7,6,7,8,8,7,6,7,Torreira,9,10,7,8
9/15/2018 10:52:57,Xhaka,7,7,8,7,8,7,9,9,7,7,8,Xhaka,7,8,7,7
9/15/2018 10:53:08,Xhaka,7,7,8,6,7,,7,7,7,6,7,Sokratis,8,8,7,7
9/15/2018 10:53:18,Xhaka,6,6,8,6,6,5,9,7,6,6,7,Xhaka,8,8,6,6
9/15/2018 10:53:23,Xhaka,7,7,7,6,6,6,8,8,5,5,7,Özil,,7,6,6
9/15/2018 10:54:06,Xhaka,7,8,9,3,4,7,8,7,5,4,6,Torreira,6,9,6,
9/15/2018 10:54:08,Xhaka,7,8,8,7,7,5,9,9,7,6,7,Sokratis,7,8,7,7
9/15/2018 10:54:08,Xhaka,8,9,10,6,7,6,9,9,6,6,8,Sokratis,8,9,6,5
9/15/2018 10:54:18,Xhaka,6,6,8,4,5,6,7,7,5,6,7,Sokratis,7,7,6,6
9/15/2018 10:54:52,Xhaka,7,7,8,6,6,5,9,8,5,4,6,Xhaka,8,7,6,7
9/15/2018 10:55:13,Xhaka,6,6,8,5,7,6,8,7,5,5,7,Sokratis,7,7,6,6
9/15/2018 10:55:24,Xhaka,6,7,9,5,5,5,7,6,2,4,5,Sokratis,6,8,6,7
9/15/2018 10:55:35,Xhaka,6,6,8,6,6,6,8,6,6,5,7,Xhaka,8,7,6,6
9/15/2018 10:56:05,Xhaka,6,6,7,5,6,7,7,8,6,6,6,Özil,8,8,7,6
9/15/2018 10:56:07,Xhaka,6,7,8,6,7,6,8,8,6,5,7,Torreira,6,8,7,7
9/15/2018 10:56:12,Xhaka,5,5,5,5,6,5,10,8,5,5,7,Xhaka,8,8,6,5
9/15/2018 10:56:14,Xhaka,8,7,9,4,5,6,8,8,5,5,7,Sokratis,7,8,7,6
9/15/2018 10:56:28,Xhaka,6,6,8,4,7,6,7,7,3,5,7,Sokratis,5,8,6,5
9/15/2018 10:56:32,Xhaka,5,6,8,3,5,6,9,8,6,5,7,Xhaka,6,8,7,6
9/15/2018 10:56:42,Xhaka,6,6,8,6,6,5,7,7,4,6,7,Sokratis,8,7,6,6
9/15/2018 10:56:46,Xhaka,7,7,9,7,7,6,9,9,6,6,8,Sokratis,7,7,,
9/15/2018 10:56:52,Xhaka,6,6,9,6,8,7,10,9,7,7,8,Xhaka,7,9,9,8
9/15/2018 10:57:03,Xhaka,6,7,7,6,5,6,7,7,6,5,6,Torreira,6,8,6,6
9/15/2018 10:57:13,Xhaka,5,3,9,2,3,5,8,7,6,6,8,Xhaka,8,9,6,4
9/15/2018 10:57:15,Xhaka,6,6,8,6,7,6,7,7,5,5,6,Sokratis,7,8,7,7
9/15/2018 10:57:17,Xhaka,8,6,8,6,6,6,8,8,6,6,8,Sokratis,5,10,10,8
9/15/2018 10:57:18,Xhaka,4,7,8,3,5,6,6,6,4,5,6,Sokratis,9,7,7,6
9/15/2018 10:57:22,Xhaka,7,7,8,6,6,6,7,6,6,6,8,Xhaka,7,7,6,5
9/15/2018 10:57:24,Xhaka,7,7,9,5,3,6,8,8,4,4,8,Sokratis,8,9,7,4
9/15/2018 10:57:50,Xhaka,6,6,7,7,5,6,9,7,0,6,7,Xhaka,6,7,5,5
9/15/2018 10:57:59,Xhaka,5,6,8,5,6,6,7,8,0,3,6,Özil,6,7,6,6
9/15/2018 10:58:02,Xhaka,5,5,6,6,7,7,8,7,4,3,6,Xhaka,,8,7,6
9/15/2018 10:58:02,Xhaka,7,6,6,6,6,6,5,7,4,5,5,,4,8,6,7
9/15/2018 10:58:20,Xhaka,7,5,8,4,6,7,9,10,7,6,6,Özil,8,8,6,5
9/15/2018 10:58:39,Xhaka,9,8,9,5,6,6,8,9,2,3,7,Sokratis,8,9,7,7
9/15/2018 10:58:48,Xhaka,,,,,,,,,,,,,,,,
9/15/2018 10:58:56,Xhaka,7,6,7,6,6,6,7,7,5,5,6,Xhaka,6,9,7,6
9/15/2018 10:58:57,Xhaka,6,5,8,6,6,7,9,8,6,6,8,Xhaka,9,8,6,7
9/15/2018 10:59:01,Xhaka,7,6,8,7,7,6,9,8,6,5,7,Xhaka,8,7,6,6
9/15/2018 10:59:05,Xhaka,6,5,8,6,6,7,9,8,6,6,8,Xhaka,9,8,6,7
9/15/2018 10:59:45,Xhaka,7,8,9,6,7,4,9,9,5,6,7,Xhaka,5,7,7,6
9/15/2018 10:59:50,Xhaka,7,8,9,6,7,4,9,9,5,6,7,Xhaka,5,7,7,6
9/15/2018 11:00:02,Xhaka,9,9,10,3,8,10,8,10,7,6,10,Özil,9,10,7,7
9/15/2018 11:00:15,Xhaka,7,6,8,4,6,6,9,8,4,7,8,Xhaka,7,9,7,7
9/15/2018 11:01:17,Xhaka,8,8,9,7,8,6,7,7,6,7,8,Torreira,7,10,7,7
9/15/2018 11:01:23,Xhaka,9,8,9,6,7,6,9,9,6,7,8,Xhaka,8,8,7,7
9/15/2018 11:01:53,Xhaka,7,6,9,7,6,7,9,8,6,6,7,Sokratis,10,7,7,6
9/15/2018 11:01:56,Xhaka,5,6,7,5,6,6,7,7,2,5,7,Torreira,8,8,6,6
9/15/2018 11:02:01,Xhaka,7,8,9,6,8,6,8,8,4,7,8,Xhaka,6,9,7,7
9/15/2018 11:02:31,Xhaka,7,7,8,6,8,6,8,8,5,6,9,Lacazette,7,8,7,6
9/15/2018 11:02:33,Xhaka,7,7,8,7,8,6,9,9,5,7,8,Xhaka,6,8,7,7
9/15/2018 11:02:35,Xhaka,7,7,8,5,7,6,8,6,6,5,6,Xhaka,6,7,7,6
9/15/2018 11:03:01,Xhaka,8,5,9,3,7,4,7,6,3,2,7,Sokratis,10,7,7,6
9/15/2018 11:03:08,Xhaka,7,7,8,7,8,8,9,9,3,5,7,Özil,7,8,6,6
9/15/2018 11:03:10,Xhaka,7,7,8,6,7,6,7,8,6,6,8,Lacazette,8,8,7,5
9/15/2018 11:03:18,Xhaka,8,7,8,5,7,6,7,7,6,6,7,Sokratis,10,7,6,6
9/15/2018 11:03:21,Xhaka,8,7,8,5,5,6,8,8,3,5,8,Özil,5,8,8,6
9/15/2018 11:03:29,Xhaka,8,6,7,6,5,5,10,9,6,5,8,Xhaka,4,9,6,6
9/15/2018 11:03:38,Xhaka,7,6,7,6,7,6,8,8,5,6,8,Lacazette,7,8,6,6
9/15/2018 11:03:48,Xhaka,6,8,7,4,6,5,9,8,7,6,8,Xhaka,7,9,7,7
9/15/2018 11:03:53,Xhaka,6,5,6,6,6,5,7,7,4,6,6,Özil,6,6,5,5
9/15/2018 11:04:01,Xhaka,7,7,8,7,7,7,9,8,6,6,7,Xhaka,8,8,6,6
9/15/2018 11:04:23,Xhaka,8,7,9,6,7,7,8,6,5,5,8,Sokratis,9,9,7,8
9/15/2018 11:04:26,Xhaka,5,5,8,5,4,5,7,6,4,4,8,Sokratis,5,8,5,5
9/15/2018 11:04:38,Xhaka,4,6,8,5,5,6,8,7,3,4,5,,3,8,5,5
9/15/2018 11:05:08,Xhaka,6,6,7,6,6,6,8,8,7,7,7,Xhaka,5,8,6,6
9/15/2018 11:06:35,Xhaka,7,7,9,4,6,6,7,7,5,5,7,Sokratis,7,8,6,6
9/15/2018 11:07:27,Xhaka,6,6,7,6,6,5,7,7,5,5,7,Lacazette,6,7,6,6
9/15/2018 11:07:48,Xhaka,7,7,8,6,6,6,8,7,5,6,7,Xhaka,7,7,6,7
9/15/2018 11:08:16,Xhaka,7,6,8,5,8,5,7,10,6,5,7,Özil,4,10,7,6
9/15/2018 11:08:21,Xhaka,6,6,8,5,6,6,7,7,3,3,7,Sokratis,5,8,7,6
9/15/2018 11:08:29,Xhaka,6,6,8,5,6,6,7,7,3,3,7,Sokratis,5,8,7,6
9/15/2018 11:08:44,Xhaka,6,6,7,5,0,4,6,4,3,5,6,Torreira,6,10,5,10
9/15/2018 11:09:09,Xhaka,7,7,7,7,8,7,7,7,7,7,8,Lacazette,,7,7,7
9/15/2018 11:09:56,Xhaka,6,7,8,7,7,4,7,7,6,6,7,Lacazette,6,8,7,
9/15/2018 11:10:14,Xhaka,6,6,8,4,5,5,7,7,4,5,7,Sokratis,,8,5,5
9/15/2018 11:10:20,Xhaka,6,6,8,4,5,5,7,7,4,5,7,Sokratis,,8,5,5
9/15/2018 11:10:53,Xhaka,7,8,10,6,7,6,8,8,7,6,8,Sokratis,7,9,6,7
9/15/2018 11:10:54,Xhaka,6,8,9,6,5,6,7,7,3,5,7,Sokratis,7,8,6,6
9/15/2018 11:11:15,Xhaka,6,6,8,6,5,3,7,7,3,3,6,Sokratis,7,7,5,4
9/15/2018 11:11:24,Xhaka,6,6,8,5,5,7,9,9,5,7,7,Xhaka,8,7,6,6
9/15/2018 11:11:49,Xhaka,7,7,9,7,7,8,7,8,6,6,7,Sokratis,8,9,6,6
9/15/2018 11:13:52,Xhaka,5,6,8,5,6,6,8,7,5,6,6,Sokratis,6,7,6,6
9/15/2018 11:16:08,Xhaka,7,6,8,5,4,7,7,8,5,5,6,Xhaka,8,9,6,5
9/15/2018 11:16:23,Xhaka,8,8,8,6,7,7,8,7,7,6,8,Torreira,9,9,7,6
9/15/2018 11:18:03,Xhaka,7,7,8,6,7,6,8,8,6,6,6,Torreira,9,9,7,7
9/15/2018 11:18:57,Xhaka,7,7,8,6,7,7,9,8,6,6,8,Xhaka,8,9,7,7
9/15/2018 11:21:19,Xhaka,6,7,8,5,6,3,10,9,7,6,8,Xhaka,6,8,6,5
9/15/2018 11:21:45,Xhaka,5,5,7,6,7,7,7,8,6,6,6,Xhaka,5,7,5,5
9/15/2018 11:21:49,Xhaka,7,7,8,6,7,6,8,9,7,7,8,Xhaka,7,9,7,6
9/15/2018 11:21:57,Xhaka,7,7,8,5,6,6,7,7,7,7,7,Özil,7,7,6,6
9/15/2018 11:22:01,Xhaka,6,7,7,6,6,7,9,8,5,5,7,Xhaka,8,7,6,6
9/15/2018 11:22:46,Welbeck,,,,,,,,,,,,,,,,
9/15/2018 11:23:11,Xhaka,,,,,,,1,,,,,,,,,
9/15/2018 11:23:27,Xhaka,7,7,9,6,7,6,8,8,6,6,7,Sokratis,7,7,6,5
9/15/2018 11:24:45,Xhaka,3,4,6,1,2,5,6,5,2,2,2,Torreira,4,7,2,2
9/15/2018 11:25:46,Xhaka,6,6,7,6,6,6,7,7,5,5,5,Torreira,5,8,5,5
9/15/2018 11:25:54,Xhaka,6,6,8,6,6,7,8,8,6,7,7,Sokratis,7,8,7,6
9/15/2018 11:27:08,Xhaka,7,7,8,6,7,6,7,6,5,6,7,Xhaka,7,8,6,6
9/15/2018 11:29:08,Xhaka,7,7,9,7,7,6,8,8,6,6,7,Xhaka,8,8,5,5
9/15/2018 11:30:36,Xhaka,7,7,9,5,3,7,8,8,5,5,5,Sokratis,0,8,6,6
9/15/2018 11:31:08,Xhaka,,,,,,,,,0,,,,,,,
9/15/2018 11:32:07,Xhaka,6,6,7,5,5,5,8,8,5,5,6,Özil,5,6,6,6
9/15/2018 11:32:30,Xhaka,5,6,8,5,6,6,9,8,6,6,7,Xhaka,7,7,5,6
9/15/2018 11:33:29,Xhaka,7,8,7,6,7,7,7,8,6,8,9,Özil,8,8,7,5
9/15/2018 11:34:58,Xhaka,7,7,9,2,7,7,9,7,5,6,8,Sokratis,4,9,7,7
9/15/2018 11:36:43,Xhaka,7,6,6,6,6,7,8,7,6,6,6,Xhaka,,,,
9/15/2018 11:38:14,Xhaka,6,7,8,6,7,6,8,7,6,7,7,Xhaka,7,8,6,6
9/15/2018 11:38:51,Xhaka,6,6,8,5,6,7,7,8,5,5,7,Torreira,5,9,7,7
9/15/2018 11:43:27,Xhaka,7,7,7,6,6,6,7,8,6,6,7,Özil,7,7,7,6
9/15/2018 11:43:34,Xhaka,5,7,9,5,5,5,7,8,3,5,7,Sokratis,7,9,5,6
9/15/2018 11:46:14,Xhaka,7,6,6,7,6,6,8,8,5,6,7,Xhaka,7,4,7,7
9/15/2018 11:47:49,Xhaka,7,7,8,6,6,6,10,8,4,5,6,Xhaka,8,8,6,6
9/15/2018 11:49:55,Xhaka,6,4,5,5,3,3,8,5,4,5,5,Xhaka,6,7,6,4
9/15/2018 11:50:29,Xhaka,6,7,7,5,6,5,7,8,1,6,7,Özil,7,7,6,6
9/15/2018 11:50:33,Xhaka,5,7,7,5,7,6,9,9,6,7,8,Xhaka,,8,6,6
9/15/2018 11:50:58,Xhaka,0,10,10,5,3,10,10,7,5,10,10,Sokratis,0,10,8,10
9/15/2018 11:51:09,Xhaka,,,,,,,,,,,,,,,,
9/15/2018 11:51:18,Xhaka,7,8,8,6,7,7,8,8,7,6,7,Özil,6,8,6,6
9/15/2018 11:51:31,Xhaka,4,5,9,6,6,5,6,6,5,5,6,Sokratis,6,7,6,8
9/15/2018 11:52:33,Xhaka,6,6,7,5,6,5,8,7,6,5,6,Xhaka,7,7,5,6
9/15/2018 11:53:56,Xhaka,7,7,9,6,5,6,8,7,5,6,7,Sokratis,5,8,6,7
9/15/2018 12:00:03,Xhaka,,,,,,,10,,,,,,,,,
9/15/2018 12:00:31,Xhaka,8,7,10,6,7,7,9,9,7,6,8,Sokratis,6,8,,
9/15/2018 12:02:22,Xhaka,7,8,9,6,6,7,7,7,6,6,8,Sokratis,8,9,7,7
9/15/2018 12:03:03,Xhaka,6,7,9,6,6,6,8,8,4,5,6,Sokratis,8,8,6,6
9/15/2018 12:03:27,Xhaka,7,8,9,3,3,5,7,6,3,4,6,Sokratis,4,9,6,6
9/15/2018 12:07:10,Xhaka,7,7,8,7,6,6,7,8,6,6,8,Sokratis,8,8,8,5
9/15/2018 12:07:48,Xhaka,6,6,8,4,5,6,7,8,6,6,8,Sokratis,6,8,6,6
9/15/2018 12:08:38,Xhaka,7,7,9,7,7,7,8,8,6,6,8,Sokratis,5,8,7,7
9/15/2018 12:09:17,Xhaka,10,10,1,1,1,7,1,0,0,10,10,Aubameyang,0,8,8,8
9/15/2018 12:11:01,Xhaka,6,7,8,7,6,4,9,9,3,5,7,Xhaka,9,8,6,6
9/15/2018 12:11:36,Xhaka,4,7,7,4,3,5,3,3,3,4,5,Torreira,9,9,9,3
9/15/2018 12:13:33,Xhaka,7,6,9,6,8,5,7,8,1,2,6,Sokratis,6,6,5,5
9/15/2018 12:18:07,Xhaka,6,6,9,4,6,6,9,8,3,4,8,Sokratis,8,8,5,5
9/15/2018 12:18:35,Xhaka,6,6,9,4,6,6,9,8,3,4,8,Sokratis,8,8,5,5
9/15/2018 12:20:26,Xhaka,6,7,8,6,6,6,7,8,5,5,7,Sokratis,6,7,6,6
9/15/2018 12:23:47,Xhaka,7,6,8,6,6,5,8,6,7,7,7,Torreira,6,9,6,6
9/15/2018 12:25:18,Xhaka,8,7,7,5,7,8,7,9,6,7,7,Özil,10,10,7,7
9/15/2018 12:28:39,Xhaka,8,7,9,7,8,7,8,7,6,7,8,Xhaka,9,8,7,7
9/15/2018 12:29:16,Xhaka,8,7,10,6,7,6,8,8,7,6,8,Sokratis,8,8,7,7
9/15/2018 12:30:46,Xhaka,5,5,9,5,6,5,8,8,5,5,7,Sokratis,7,8,6,5
9/15/2018 12:32:13,Xhaka,5,6,8,3,6,6,8,7,4,4,6,Sokratis,5,7,6,6
9/15/2018 12:32:45,Xhaka,6,7,8,7,8,7,8,8,5,5,5,Xhaka,7,7,5,5
9/15/2018 12:32:52,Xhaka,,,,,,,,,,,,,,,,
9/15/2018 12:33:06,Xhaka,7,7,6,7,7,6,9,8,5,6,7,Xhaka,8,8,7,7
9/15/2018 12:33:55,Xhaka,6,7,8,7,7,7,8,8,6,7,8,Lacazette,5,8,7,6
9/15/2018 12:36:23,Xhaka,7,7,8,6,7,6,8,7,6,7,7,Sokratis,7,8,7,6
9/15/2018 12:44:24,Xhaka,6,6,8,5,6,6,7,7,6,6,8,Lacazette,6,7,6,6
9/15/2018 12:49:20,Xhaka,5,6,9,4,5,5,8,8,4,6,7,Sokratis,7,7,4,5
9/15/2018 12:54:05,Xhaka,,,,,,,,,,,,,,,,
9/15/2018 12:58:59,Xhaka,7,6,10,6,7,7,10,9,4,4,5,Xhaka,7,9,7,7
9/15/2018 13:03:34,Xhaka,7,7,9,5,7,6,9,9,6,6,9,Xhaka,7,9,6,5
9/15/2018 13:07:47,Xhaka,0,7,8,4,2,6,6,6,3,6,7,Torreira,9,9,4,4
9/15/2018 13:13:24,Xhaka,5,7,8,5,6,6,8,7,5,6,7,Xhaka,7,8,6,6
9/15/2018 13:19:55,Xhaka,6,7,8,7,8,6,10,8,6,6,7,Xhaka,8,7,7,6
9/15/2018 13:22:13,Xhaka,6,6,7,7,6,6,8,8,5,5,6,Xhaka,6,8,6,6
9/15/2018 13:28:44,Xhaka,,,,,,,,,,,,,,,,
9/15/2018 13:33:08,Xhaka,8,8,8,8,8,8,10,9,8,8,8,Xhaka,7,9,7,7
9/15/2018 13:36:47,Xhaka,7,7,8,6,7,8,8,8,3,5,7,Xhaka,8,8,6,5
9/15/2018 13:40:28,Xhaka,6,6,8,5,5,6,8,7,4,4,6,Sokratis,6,7,6,6
9/15/2018 13:50:06,Xhaka,5,5,7,6,6,6,8,7,6,5,7,Torreira,8,7,6,6
9/15/2018 13:50:40,Xhaka,7,8,9,6,6,6,8,7,5,4,8,Sokratis,8,7,5,5
9/15/2018 13:51:15,Xhaka,,,,,,,,,,,,,,,,
9/15/2018 13:58:46,Xhaka,7,7,8,7,7,5,9,9,6,8,7,Xhaka,5,8,7,6
9/15/2018 13:58:59,Xhaka,5,6,5,6,5,6,8,7,6,6,7,Xhaka,6,7,5,4
9/15/2018 13:59:40,Xhaka,6,5,8,4,6,5,7,7,4,5,7,Sokratis,8,7,5,7
9/15/2018 14:21:58,Xhaka,6,7,9,4,6,6,7,7,6,7,9,Sokratis,6,8,7,6
9/15/2018 14:22:06,Xhaka,5,5,6,2,2,5,6,7,2,5,5,Guendouzi,5,6,2,0
9/15/2018 14:22:10,Xhaka,7,7,9,6,6,7,9,9,5,7,8,Sokratis,8,8,7,6
9/15/2018 14:36:57,Xhaka,4,6,8,4,6,6,7,6,3,5,5,,5,9,7,5
9/15/2018 14:48:05,Xhaka,6,6,8,6,6,7,8,8,5,5,8,Sokratis,10,7,6,6
9/15/2018 14:50:56,Xhaka,,,,,,,,,,,,,,,,
9/15/2018 14:57:05,Xhaka,7,6,7,5,6,6,8,8,6,6,7,Lacazette,7,8,7,6
9/15/2018 15:23:17,Xhaka,6,6,8,6,7,6,7,8,6,6,7,Özil,7,7,6,5
9/15/2018 15:23:42,Xhaka,3,5,7,4,6,5,7,10,6,6,8,Özil,8,8,5,7
9/15/2018 15:26:32,Xhaka,,,,,,,,,,,,,,,,
9/15/2018 15:26:56,Xhaka,6,7,8,5,5,6,,8,,,,Torreira,,8,,
9/15/2018 15:28:41,Xhaka,8,7,8,6,5,8,7,7,6,5,5,Sokratis,7,7,7,6
9/15/2018 15:41:11,Xhaka,,,,,,,,,,,,,,,,
9/15/2018 15:41:31,Xhaka,,,,,,,,,,,,,,,,
9/15/2018 15:41:41,Xhaka,7,7,8,7,8,6,9,8,5,6,8,Xhaka,6,7,6,6
9/15/2018 16:19:04,Xhaka,6,7,9,7,7,7,8,9,6,7,8,Sokratis,9,9,6,6
9/15/2018 16:21:05,Xhaka,6,6,7,6,7,6,8,7,4,5,8,Xhaka,8,9,7,6
9/15/2018 16:54:32,Xhaka,7,7,10,6,7,7,8,8,6,6,6,Sokratis,7,8,7,7
9/15/2018 17:08:28,Xhaka,7,6,9,7,7,7,9,8,6,7,7,Xhaka,5,7,6,5
9/15/2018 17:26:27,Xhaka,7,8,9,3,4,6,7,7,5,6,8,Sokratis,5,7,5,5
9/15/2018 17:31:54,Xhaka,7,6,8,6,7,7,9,7,4,5,7,Xhaka,7,7,7,7
9/15/2018 17:39:32,Xhaka,6,6,7,6,6,6,7,7,6,6,7,Lacazette,6,7,5,5
9/15/2018 17:44:23,Xhaka,7,5,8,6,5,3,8,7,2,4,6,Sokratis,8,8,5,5
9/15/2018 17:44:47,Xhaka,,,,,,,,,,,,,,,,
9/15/2018 17:47:04,Xhaka,5,5,7,5,6,4,8,6,5,5,7,Xhaka,4,8,6,5
9/15/2018 17:48:55,Xhaka,7,5,9,6,6,5,8,7,3,4,6,Sokratis,8,9,5,5
9/15/2018 18:01:37,Xhaka,7,5,8,6,5,4,7,7,3,4,7,Sokratis,3,8,5,5
9/15/2018 18:17:44,Xhaka,4,6,9,5,5,6,7,7,4,5,7,Sokratis,7,7,5,5
9/15/2018 18:36:29,Xhaka,6,5,8,6,6,5,9,8,3,5,8,Xhaka,5,6,4,5
9/15/2018 18:40:16,Xhaka,7,6,8,7,6,6,8,8,5,5,7,Xhaka,8,8,7,7
9/15/2018 18:42:27,Xhaka,,,,,,,,,,,,,,,,
9/15/2018 20:45:37,Xhaka,6,6,8,4,6,10,8,7,,6,7,Özil,6,10,6,6
9/15/2018 20:54:47,Xhaka,6,6,6,5,7,6,7,8,4,4,7,Özil,7,7,6,6
9/15/2018 21:23:00,Xhaka,,,,,,,,,,,,,,,,
9/15/2018 23:00:52,Xhaka,7,7,8,7,6,8,9,9,5,7,7,Xhaka,,8,7,7
9/15/2018 23:07:25,Xhaka,7,6,10,8,6,6,8,9,7,7,8,Sokratis,7,8,6,6
9/15/2018 23:13:07,Xhaka,8,8,8,8,9,8,9,9,6,8,8,Bellerín,6,8,8,8
9/15/2018 23:32:54,Xhaka,6,6,7,6,5,6,7,8,3,6,7,Özil,6,7,6,6
9/16/2018 0:13:09,Xhaka,6,6,7,7,7,7,9,8,7,6,6,Xhaka,5,7,5,6
9/16/2018 0:21:13,Xhaka,6,6,8,6,6,6,9,7,6,5,7,Xhaka,6,7,6,5
9/16/2018 0:31:54,Xhaka,6,6,7,6,6,6,8,7,6,6,7,Xhaka,6,7,5,6
9/16/2018 0:38:51,Xhaka,7,7,9,7,8,7,6,9,6,6,7,Özil,6,10,6,5
9/16/2018 1:55:20,Xhaka,5,5,8,4,5,4,7,7,2,4,7,Sokratis,4,6,5,4
9/16/2018 2:25:43,Xhaka,6,7,9,7,7,6,8,9,6,7,8,Özil,9,9,7,8
9/16/2018 2:34:25,Xhaka,5,6,7,5,5,7,7,6,5,5,6,Sokratis,5,7,5,4
9/16/2018 3:08:18,Xhaka,6,6,9,5,7,7,8,7,7,6,7,Sokratis,7,8,6,6
9/16/2018 3:11:34,Xhaka,7,7,10,6,6,6,7,8,7,7,8,Sokratis,7,8,7,7
9/16/2018 3:12:02,Xhaka,7,7,10,6,6,6,7,8,7,7,8,Sokratis,7,8,7,7
9/16/2018 4:12:32,Xhaka,6,7,8,7,7,6,7,7,6,6,7,Sokratis,6,7,6,6
9/16/2018 4:48:42,Xhaka,6,6,7,5,5,6,7,7,5,6,7,Xhaka,6,6,5,5
9/16/2018 5:00:11,Xhaka,6,6,6,6,6,5,7,7,5,5,5,Torreira,6,8,5,5
9/16/2018 5:14:42,Xhaka,,,,,,,,,,,,,,,,
9/16/2018 5:19:15,Xhaka,,,,,,,,,,,,,,,,
9/16/2018 7:30:04,Xhaka,,,,,,,,,,,,,,,,
9/16/2018 7:30:39,Xhaka,,,,,,,,,,,,,,,,
9/16/2018 8:05:13,Xhaka,7,7,9,7,8,7,8,9,5,6,8,,7,9,6,7
9/16/2018 8:32:53,Xhaka,,,,,,,,,,,,,,,,
9/16/2018 8:35:03,Xhaka,,,,,,,,,,,,,,,,
9/16/2018 11:31:20,Xhaka,6,7,8,6,7,5,8,7,6,6,8,Lacazette,7,8,7,7
9/16/2018 12:22:29,Xhaka,6,7,9,7,6,6,8,9,7,8,8,Sokratis,,9,6,6
9/16/2018 13:20:07,Xhaka,6,6,7,5,6,6,8,6,5,5,7,Xhaka,6,6,5,6
9/16/2018 13:57:44,Xhaka,,,,,,,,,,,,,,,,
9/16/2018 14:44:31,Xhaka,7,6,8,6,6,6,7,7,6,6,7,Sokratis,5,7,6,6
9/16/2018 14:48:37,Xhaka,,,,,,,,,,,,,,,,
9/16/2018 15:44:01,Xhaka,7,6,8,5,7,6,8,8,5,5,7,,7,7,5,5
9/16/2018 18:05:39,Xhaka,5,6,8,6,6,5,6,6,4,4,6,Torreira,,8,6,6
9/16/2018 22:59:27,Xhaka,6,6,7,7,5,6,8,8,6,6,6,Xhaka,6,7,6,6
9/17/2018 0:17:21,Xhaka,7,,,,,,,,,,,,,,,
9/17/2018 5:06:18,Xhaka,,,,,,,,,,,,,,,,
9/17/2018 5:59:21,Xhaka,6,7,8,6,6,6,7,7,5,6,7,Xhaka,7,8,6,7
,,,,,,,,,,,,,,,,,
,,6.37,6.49,7.95,5.50,6.08,6.02,7.76,7.55,5.00,5.58,7.02,Sokratis,6.66,7.84,6.19,6.00
Link to Google Form Responses,,,,,,,,,,,,,38.20%,,,,
,,,,,,,,,,,,,,,,,
,,,,,,,,,,,,,Xhaka,,,,
,,,,,,,,,,,,,34.00%,,,,