Timestamp,Who started at left back?,Čech,Jenkinson,Sokratis,Holding,Lichtsteiner ,Ramsey,Guendouzi,Mkhitaryan ,Smith-Rowe,Iwobi,Welbeck (off at 30'),Man of the Match,Referee Gediminas Mazeika (LI),Aubameyang (on at 30'),Kolašinac (on at 61'),Maitland-Niles (on at 61')
11/08/2018 13:14,Jenkinson,6,6,6,6,6,6,6,6,6,6,6,Iwobi,6,6,6,
11/08/2018 13:23,Jenkinson,,,,,,,,,,,,,,,,
11/08/2018 15:59,Jenkinson,,10,,,,,,,,,,,,,,
11/08/2018 15:59,Jenkinson,6,6,6,6,6,4,6,6,6,6,6,Mkhitaryan,7,6,6,6
11/08/2018 15:59,Jenkinson,6,6,7,6,6,3,7,1,5,6,6,Sokratis,6,6,6,6
11/08/2018 15:59,Jenkinson,7,6,8,8,7,6,6,6,6,5,8,Holding,6,6,5,5
11/08/2018 15:59,Jenkinson,6,6,6,6,6,5,7,6,6,6,6,Guendouzi,6,6,6,6
11/08/2018 16:00,Jenkinson,6,3,6,6,5,4,7,4,5,6,6,Guendouzi,6,6,6,6
11/08/2018 16:00,Jenkinson,6,3,6,6,5,4,7,4,5,6,6,Guendouzi,6,6,6,6
11/08/2018 16:00,Jenkinson,7,6,10,10,8,3,8,7,7,8,7,,,6,,
11/08/2018 16:00,Jenkinson,6,5,7,6,6,6,6,5,4,6,5,Ramsey,,5,,
11/08/2018 16:00,Jenkinson,6,6,7,7,6,5,5,6,6,6,6,Holding,6,5,7,6
11/08/2018 16:01,Jenkinson,6,6,7,7,5,3,7,7,6,6,6,Mkhitaryan,,5,,
11/08/2018 16:01,Jenkinson,7,7,7,8,8,6,7,10,7,5,6,Mkhitaryan,8,7,7,7
11/08/2018 16:02,Jenkinson,6,8,8,7,7,5,6,6,7,6,6,Sokratis,7,6,6,7
11/08/2018 16:02,Jenkinson,5,6,6,6,6,2,7,5,5,6,5,Guendouzi,,4,5,7
11/08/2018 16:02,Jenkinson,6,6,7,7,6,6,8,7,6,6,6,Guendouzi,5,5,6,7
11/08/2018 16:02,Jenkinson,7,6,8,7,3,5,6,3,3,3,8,Sokratis,8,4,6,5
11/08/2018 16:03,Jenkinson,6,6,7,7,7,0,6,5,6,6,6,Guendouzi,4,6,6,6
11/08/2018 16:03,Jenkinson,6,5,8,7,7,3,8,7,6,6,5,Guendouzi,2,5,5,5
11/08/2018 16:03,Jenkinson,7,5,7,7,7,2,7,2,3,5,5,Čech,5,4,6,6
11/08/2018 16:03,Jenkinson,5,6,7,7,6,3,9,5,7,8,7,Guendouzi,,5,,
11/08/2018 16:03,Jenkinson,,,,,,,,,,,,,,,,
11/08/2018 16:04,Jenkinson,6,6,6,6,6,7,7,6,6,6,6,Guendouzi,,6,7,7
11/08/2018 16:04,Jenkinson,6,5,6,7,6,6,6,6,6,6,10,Welbeck,6,6,6,6
11/08/2018 16:04,Jenkinson,7,7,7,7,7,4,6,7,7,7,7,Mkhitaryan,5,8,7,7
11/08/2018 16:04,Jenkinson,7,6,7,7,7,4,7,6,6,6,7,Guendouzi,7,6,7,7
11/08/2018 16:05,Jenkinson,7,6,8,7,7,2,8,3,6,4,7,Guendouzi,6,4,6,7
11/08/2018 16:05,Jenkinson,7,6,8,8,9,6,8,7,7,9,8,Iwobi,,7,8,7
11/08/2018 16:05,Jenkinson,6,4,7,7,7,5,7,7,6,5,8,Welbeck,7,6,7,6
11/08/2018 16:05,Jenkinson,6,7,6,6,6,5,8,6,6,7,7,Guendouzi,6,7,6,6
11/08/2018 16:06,Jenkinson,7,6,6,6,6,4,6,6,6,6,6,Guendouzi,5,5,7,6
11/08/2018 16:08,Jenkinson,6,6,7,8,7,5,8,5,5,7,7,Guendouzi,4,6,5,7
11/08/2018 16:08,Jenkinson,8,7,9,9,8,1,8,5,5,6,8,Sokratis,0,6,7,7
11/08/2018 16:08,Jenkinson,5,5,7,7,7,2,6,3,8,7,5,Smith-Rowe,5,5,6,7
11/08/2018 16:08,Jenkinson,5,5,6,7,6,2,8,2,5,6,6,Guendouzi,6,6,6,6
11/08/2018 16:09,Jenkinson,6,6,7,7,7,6,8,5,8,8,8,Guendouzi,7,7,8,7
11/08/2018 16:09,Jenkinson,6,6,7,8,7,2,7,5,7,6,7,Holding,3,7,6,7
11/08/2018 16:09,Jenkinson,6,6,7,7,6,6,7,7,6,6,6,Guendouzi,8,4,7,6
11/08/2018 16:09,Jenkinson,7,8,8,7,7,5,8,7,7,7,7,Guendouzi,6,5,6,6
11/08/2018 16:09,Monreal,,,,,,,,,,,,,,,,
11/08/2018 16:10,Jenkinson,8,7,7,8,7,2,8,3,7,7,10,Welbeck,10,7,8,7
11/08/2018 16:10,Jenkinson,7,5,8,8,7,5,8,6,6,7,10,Sokratis,,7,9,9
11/08/2018 16:10,Jenkinson,,,,,,,,,,,,,,,,
11/08/2018 16:10,Jenkinson,6,6,7,7,6,4,6,5,5,6,6,Sokratis,8,4,6,6
11/08/2018 16:11,Jenkinson,6,6,7,7,7,5,6,6,5,6,10,Welbeck,6,6,6,
11/08/2018 16:12,Jenkinson,7,5,8,7,6,3,6,4,6,6,10,Welbeck,4,5,6,6
11/08/2018 16:12,Jenkinson,8,5,8,8,7,6,9,6,7,7,7,Guendouzi,6,7,6,6
11/08/2018 16:12,Jenkinson,7,6,7,6,6,5,8,7,6,7,8,Guendouzi,7,6,7,7
11/08/2018 16:12,Jenkinson,7,3,7,8,6,3,7,8,7,6,5,Mkhitaryan,5,5,8,6
11/08/2018 16:13,Jenkinson,8,7,8,8,8,6,7,7,7,7,8,Welbeck,7,7,7,7
11/08/2018 16:13,Jenkinson,6,6,7,7,6,6,8,4,6,5,6,Guendouzi,0,7,6,7
11/08/2018 16:15,Jenkinson,5,3,7,7,5,5,7,5,6,7,7,Guendouzi,,6,,
11/08/2018 16:15,Jenkinson,7,6,8,8,8,7,8,6,6,7,7,Guendouzi,6,7,8,7
11/08/2018 16:17,Jenkinson,8,7,8,8,7,9,7,7,7,8,7,Ramsey,0,7,8,8
11/08/2018 16:18,Jenkinson,8,6,8,7,6,4,10,4,7,7,7,Guendouzi,9,6,8,9
11/08/2018 16:19,Jenkinson,6,6,7,6,6,6,7,7,7,7,10,Welbeck,7,8,7,6
11/08/2018 16:19,Jenkinson,7,4,8,5,8,3,7,6,7,8,7,Iwobi,,6,7,5
11/08/2018 16:20,Jenkinson,7,7,7,8,8,0,10,3,6,8,7,Guendouzi,7,6,6,8
11/08/2018 16:21,Jenkinson,6,5,6,6,6,6,7,6,6,5,10,Guendouzi,5,5,5,6
11/08/2018 16:21,Jenkinson,,,,,,,,,,,,,,,,
11/08/2018 16:23,Jenkinson,6,6,8,8,7,7,7,7,7,7,8,Sokratis,7,6,7,6
11/08/2018 16:24,Jenkinson,7,7,8,7,6,8,8,3,5,6,5,Ramsey,5,6,5,6
11/08/2018 16:25,Jenkinson,7,7,8,9,8,5,6,4,5,6,6,Holding,7,7,6,6
11/08/2018 16:34,Jenkinson,7,7,8,7,5,6,8,6,6,6,7,Guendouzi,6,6,6,6
11/08/2018 16:35,Jenkinson,6,5,7,7,6,6,7,8,6,7,6,Mkhitaryan,5,6,5,5
11/08/2018 16:35,Jenkinson,7,6,7,7,7,0,6,4,4,7,7,Iwobi,5,6,8,7
11/08/2018 16:37,Jenkinson,6,6,7,7,7,5,7,8,6,6,6,Mkhitaryan,5,6,6,6
11/08/2018 16:39,Jenkinson,,,,,,,,,,,,,,,,
11/08/2018 16:39,Jenkinson,7,6,7,7,7,6,7,6,7,6,7,Guendouzi,,6,7,7
11/08/2018 16:41,Jenkinson,6,3,5,5,5,4,7,2,6,6,10,Guendouzi,0,6,5,6
11/08/2018 16:42,Jenkinson,6,6,7,7,6,5,8,4,7,7,6,Guendouzi,5,6,7,7
11/08/2018 16:45,Jenkinson,7,6,8,8,7,6,7,10,9,8,7,Mkhitaryan,,8,7,8
11/08/2018 16:46,Jenkinson,7,7,7,6,5,3,10,6,8,6,8,Guendouzi,,6,6,6
11/08/2018 16:47,Jenkinson,7,7,7,8,7,5,6,7,6,6,8,Holding,7,6,7,7
11/08/2018 16:48,Jenkinson,7,7,8,8,7,5,8,7,6,6,10,Guendouzi,4,6,6,6
11/08/2018 16:49,Jenkinson,6,8,7,7,7,3,9,6,6,7,6,Guendouzi,5,6,7,7
11/08/2018 16:49,Jenkinson,,,,,,,,,,,,,,,,
11/08/2018 16:50,Jenkinson,6,2,6,6,6,3,9,4,5,6,6,Guendouzi,5,5,6,6
11/08/2018 16:52,Jenkinson,,,,,,,,,,,,Welbeck,,,,
11/08/2018 16:56,Jenkinson,,,,,,,,,,,,,,,,
11/08/2018 16:59,Jenkinson,8,5,8,10,8,2,4,3,6,5,7,Holding,5,7,6,6
11/08/2018 16:59,Jenkinson,6,6,7,6,6,3,7,7,6,8,6,Iwobi,5,7,6,6
11/08/2018 17:05,Jenkinson,7,7,8,7,7,5,7,7,6,5,5,Guendouzi,5,5,7,5
11/08/2018 17:05,Jenkinson,,,,,,,,,,,,,,,,
11/08/2018 17:06,Jenkinson,5,3,5,6,5,0,8,4,4,5,10,Guendouzi,5,5,5,5
11/08/2018 17:06,Jenkinson,6,6,8,8,7,3,9,6,6,5,7,Guendouzi,5,6,6,6
11/08/2018 17:12,Jenkinson,7,7,8,8,7,6,6,6,8,7,7,,6,6,6,6
11/08/2018 17:14,Jenkinson,7,5,6,7,6,4,8,7,7,7,7,Guendouzi,,5,,
11/08/2018 17:14,Jenkinson,7,6,8,8,6,5,6,5,5,6,5,Guendouzi,,5,,
11/08/2018 17:17,Jenkinson,,,,,,,,,,,,,,,,
11/08/2018 17:17,Jenkinson,,,,,,0,,,,,,,,,,
11/08/2018 17:23,Jenkinson,6,10,7,7,6,5,7,6,6,6,6,Jenkinson,4,6,6,6
11/08/2018 17:26,Jenkinson,7,7,7,8,7,7,9,6,7,7,6,Guendouzi,5,7,7,7
11/08/2018 17:26,Jenkinson,6,6,9,9,7,5,7,5,6,7,7,Holding,,6,6,6
11/08/2018 17:26,Jenkinson,8,7,6,8,7,7,8,8,6,7,10,Welbeck,6,6,5,5
11/08/2018 17:27,Jenkinson,,,,,,,,,,,,,,,,
11/08/2018 17:38,Jenkinson,6,6,6,7,6,7,7,6,6,6,10,,,7,,
11/08/2018 17:46,Jenkinson,6,5,7,8,6,5,7,6,6,7,6,,6,7,6,6
11/08/2018 17:49,Monreal,,,,,,,,,,,,,,,,
11/08/2018 17:52,Jenkinson,6,8,7,7,10,5,8,5,6,,5,Lichtsteiner,8,5,6,7
11/08/2018 18:02,Jenkinson,9,7,9,9,6,6,10,5,6,6,8,Guendouzi,0,9,7,7
11/08/2018 18:30,Jenkinson,7,6,7,7,6,5,8,5,7,7,7,Guendouzi,6,6,7,7
11/08/2018 18:36,Jenkinson,8,5,7,7,9,10,5,8,8,7,10,Ramsey,,8,,
11/08/2018 18:39,Jenkinson,6,7,7,7,6,7,7,5,6,7,6,Iwobi,5,7,7,6
11/08/2018 18:42,Jenkinson,,,,,,,,,,,,,,,,
11/08/2018 19:00,Jenkinson,7,7,7,7,6,5,8,6,7,7,6,Guendouzi,,6,7,7
11/08/2018 19:09,Jenkinson,6,6,7,7,6,5,7,5,6,6,10,Welbeck,8,6,6,7
11/08/2018 19:22,Jenkinson,6,5,7,7,5,6,7,6,5,6,4,Kolašinac,6,5,9,7
11/08/2018 19:52,Jenkinson,7,7,7,7,6,6,8,6,6,6,6,Guendouzi,7,7,6,6
11/08/2018 21:51,Jenkinson,6,5,6,8,7,6,7,6,5,6,10,Welbeck,,6,,
11/08/2018 22:37,Jenkinson,,,,,,,,,,,10,,,,,
11/08/2018 22:50,Jenkinson,8,6,8,8,7,3,8,8,7,7,10,Mkhitaryan,5,7,5,5
11/08/2018 22:57,Jenkinson,7,6,8,8,7,6,6,7,6,6,7,Holding,,6,6,7
11/08/2018 22:58,Jenkinson,,,,,,,,,,,,,,,,
11/08/2018 23:21,Jenkinson,7,7,8,9,9,6,8,6,7,8,8,Holding,7,6,7,7
11/08/2018 23:56,Jenkinson,,,,,,,,,,,,,,,,
11/08/2018 23:57,Jenkinson,5,9,7,8,8,4,6,7,7,8,9,,,7,7,7
11/09/2018 00:17,Jenkinson,7,6,7,7,6,6,9,6,5,6,6,Guendouzi,,6,7,6
11/09/2018 00:27,Jenkinson,7,6,7,7,6,6,7,7,7,7,,Holding,5,7,7,6
11/09/2018 00:45,Jenkinson,8,7,8,7,6,4,8,7,7,6,9,Guendouzi,,6,7,7
11/09/2018 01:14,Jenkinson,6,6,6,6,6,6,7,6,6,6,6,Guendouzi,6,6,6,6
11/09/2018 01:22,Jenkinson,6,6,8,7,6,5,7,5,5,5,10,Sokratis,7,5,6,6
11/09/2018 01:45,Jenkinson,5,10,6,6,6,6,8,5,5,6,7,Jenkinson,0,5,5,5
11/09/2018 01:57,Jenkinson,6,6,6,7,7,6,6,6,7,7,,Smith-Rowe,,6,,
11/09/2018 02:51,Jenkinson,6,5,6,6,6,5,7,6,6,6,10,Guendouzi,4,5,7,6
11/09/2018 03:00,Jenkinson,6,6,7,7,6,7,8,5,6,6,7,Guendouzi,6,6,,
11/09/2018 03:07,Monreal,,,,,,,,,,,,,,,,
11/09/2018 03:24,Jenkinson,7,6,7,7,7,6,9,6,7,6,7,Guendouzi,4,6,7,7
11/09/2018 03:25,Jenkinson,,,,,,,,,,,,,,,,
11/09/2018 03:41,Jenkinson,6,5,7,7,7,6,7,8,6,6,7,Mkhitaryan,8,6,7,6
,,,,,,,,,,,,,,,,,
,,6.52,6.02,7.14,7.16,6.55,4.7,7.28,5.7,6.12,6.36,7.17,,5.48,6,6.44,6.4