Timestamp,Who scored Arsenal's goal?,Leno,Lichtsteiner,Mustafi,Sokratis,Maitland-Niles ‚öΩÔ∏è,Torreira,Xhaka,Kola≈°inac,Ramsey,Iwobi üÖê,Aubameyang,Man of the Match,Referee Michael Oliver,Koscielny (on at 46'),Lacazette (on at 71'),Guendouzi (on at 80'),Emery
12/29/2018 8:36:33,Lacazette,6,6,6,6,6,6,6,6,6,6,6,,6,6,6,6,6
12/29/2018 8:41:43,Lacazette,6,6,6,6,6,6,6,6,6,6,6,7,6,6,6,6,6
12/29/2018 13:24:12,Maitland-Niles,4,0,0,4,7,5,6,3,4,6,5,Maitland-Niles,0,5,5,5,0
12/29/2018 13:24:24,Maitland-Niles,4,0,3,4,7,4,6,5,4,7,3,Iwobi,0,6,5,5,3
12/29/2018 13:24:37,Maitland-Niles,6,4,4,3,5,1,6,2,4,3,1,No one,0,2,6,6,0
12/29/2018 13:24:40,Maitland-Niles,2,0,0,2,6,2,1,2,1,4,1,No one,0,7,1,1,3
12/29/2018 13:24:45,Maitland-Niles,5,2,1,3,5,4,2,3,3,6,2,Iwobi,0,4,3,3,2
12/29/2018 13:24:46,Maitland-Niles,4,1,1,2,2,3,2,2,1,2,2,No one,0,3,4,3,3
12/29/2018 13:24:46,Maitland-Niles,0,0,0,0,1,0,0,0,0,0,0,No one,0,0,0,0,0
12/29/2018 13:24:47,Maitland-Niles,6,3,4,5,7,6,6,3,5,6,5,Maitland-Niles,6,6,6,6,7
12/29/2018 13:24:53,Maitland-Niles,7,0,3,5,6,6,7,5,5,6,4,Iwobi,0,5,4,5,3
12/29/2018 13:25:01,Maitland-Niles,3,0,0,0,6,3,1,3,1,6,4,Iwobi,0,0,1,1,0
12/29/2018 13:25:04,Maitland-Niles,3,3,3,3,3,3,3,3,3,5,3,Iwobi,3,3,4,4,4
12/29/2018 13:25:11,Maitland-Niles,5,3,4,5,6,4,4,5,6,7,5,Iwobi,2,5,5,5,5
12/29/2018 13:25:14,Maitland-Niles,4,2,2,4,5,3,6,5,5,7,5,Iwobi,3,5,5,5,4
12/29/2018 13:25:44,Maitland-Niles,5,3,3,3,6,6,6,5,4,6,5,Iwobi,0,4,5,5,4
12/29/2018 13:25:48,Maitland-Niles,3,1,1,1,6,3,3,1,3,5,1,No one,6,3,5,5,3
12/29/2018 13:25:52,Maitland-Niles,2,1,2,1,6,2,3,2,3,6,3,Iwobi,6,5,3,3,3
12/29/2018 13:25:53,Maitland-Niles,5,5,2,2,7,4,5,5,6,8,4,Iwobi,4,7,5,5,3
12/29/2018 13:25:54,Maitland-Niles,0,0,0,0,1,0,0,0,0,1,0,Lichtsteiner,10,0,0,0,0
12/29/2018 13:26:12,Maitland-Niles,4,0,0,0,7,4,4,4,5,7,5,Maitland-Niles,0,5,5,5,2
12/29/2018 13:26:21,Maitland-Niles,0,0,0,0,6,,1,0,4,4,0,No one,0,0,0,0,0
12/29/2018 13:26:29,Maitland-Niles,6,3,5,3,6,4,5,3,2,6,4,Iwobi,4,6,7,5,5
12/29/2018 13:26:30,Maitland-Niles,3,0,0,0,4,3,5,2,0,7,0,Iwobi,0,3,4,2,0
12/29/2018 13:26:36,Maitland-Niles,5,5,2,2,7,4,5,5,6,8,4,Iwobi,4,7,5,5,3
12/29/2018 13:26:40,Maitland-Niles,5,3,3,5,6,5,4,5,5,6,5,No one,2,5,4,5,5
12/29/2018 13:26:47,Maitland-Niles,4,0,0,2,8,5,6,2,4,8,4,No one,3,4,4,4,5
12/29/2018 13:26:54,Maitland-Niles,0,1,1,1,5,3,6,2,3,4,0,Xhaka,5,4,2,3,1
12/29/2018 13:26:55,Maitland-Niles,4,1,0,1,6,3,2,1,0,5,1,Iwobi,0,3,6,6,
12/29/2018 13:27:05,Maitland-Niles,5,6,6,5,7,5,5,4,5,6,5,Iwobi,0,6,6,5,3
12/29/2018 13:27:14,Maitland-Niles,3,0,0,0,6,3,3,0,2,5,4,,0,2,6,5,4
12/29/2018 13:27:17,Maitland-Niles,6,0,0,0,8,5,6,0,5,7,1,No one,0,6,5,,5
12/29/2018 13:27:21,Maitland-Niles,1,0,0,1,8,5,6,4,6,8,5,Maitland-Niles,0,0,5,0,0
12/29/2018 13:27:25,Maitland-Niles,4,0,3,3,7,4,4,3,2,6,4,Maitland-Niles,4,5,5,5,3
12/29/2018 13:27:34,Maitland-Niles,6,4,2,4,9,6,7,4,5,9,6,Iwobi,6,5,7,6,7
12/29/2018 13:27:38,Maitland-Niles,6,1,1,1,6,1,7,2,2,7,3,Iwobi,0,5,3,3,3
12/29/2018 13:27:39,Maitland-Niles,7,1,1,3,4,3,0,1,2,1,2,Leno,0,4,4,3,0
12/29/2018 13:27:56,Maitland-Niles,2,7,1,1,1,1,2,0,1,4,3,No one,1,4,4,3,1
12/29/2018 13:27:58,Maitland-Niles,0,0,0,0,5,0,0,0,0,3,0,Maitland-Niles,0,0,0,3,0
12/29/2018 13:27:58,Maitland-Niles,1,0,2,2,2,2,1,1,1,1,0,Maitland-Niles,3,2,3,2,1
12/29/2018 13:27:59,Maitland-Niles,2,0,1,3,6,3,4,3,2,6,2,Maitland-Niles,0,3,4,2,
12/29/2018 13:28:14,Maitland-Niles,4,1,1,3,7,3,6,3,5,7,4,Maitland-Niles,0,5,3,4,5
12/29/2018 13:28:17,Maitland-Niles,4,0,0,2,4,4,3,3,0,4,1,Koscielny,3,5,0,0,0
12/29/2018 13:28:26,Maitland-Niles,4,3,1,2,6,5,5,4,4,5,4,Maitland-Niles,3,5,5,5,2
12/29/2018 13:28:28,Maitland-Niles,,,,,,,,,,,,,,,,,
12/29/2018 13:28:46,Maitland-Niles,5,0,5,5,7,5,7,3,5,7,3,Xhaka,2,6,5,5,0
12/29/2018 13:28:54,Maitland-Niles,,,,10,,,,,,,,Sokratis,,,,,
12/29/2018 13:29:03,Maitland-Niles,6,3,3,4,5,4,3,3,2,6,3,Iwobi,2,5,4,4,3
12/29/2018 13:29:05,Maitland-Niles,5,3,5,6,7,8,4,5,4,6,5,Torreira,3,5,5,5,4
12/29/2018 13:29:21,Maitland-Niles,5,2,4,4,7,3,5,3,5,6,5,Maitland-Niles,1,5,4,4,4
12/29/2018 13:29:26,Maitland-Niles,4,3,4,5,6,5,5,3,5,6,4,Iwobi,4,5,5,5,3
12/29/2018 13:29:26,Maitland-Niles,2,0,0,1,4,1,4,1,0,6,0,Iwobi,0,5,5,5,0
12/29/2018 13:29:26,Maitland-Niles,8,2,3,3,9,4,9,5,5,7,5,Maitland-Niles,,3,7,,4
12/29/2018 13:29:28,Maitland-Niles,0,1,1,1,7,2,6,1,1,7,1,Iwobi,0,5,3,3,4
12/29/2018 13:29:29,Maitland-Niles,3,0,2,1,7,0,1,0,0,3,0,Maitland-Niles,0,3,3,3,2
12/29/2018 13:29:29,Maitland-Niles,5,0,1,2,5,5,4,2,4,6,2,,0,4,3,2,2
12/29/2018 13:29:42,Maitland-Niles,6,1,6,6,7,5,5,3,5,7,4,No one,7,6,6,6,5
12/29/2018 13:29:50,Maitland-Niles,6,3,4,5,7,6,6,3,5,6,5,Maitland-Niles,3,6,6,6,7
12/29/2018 13:30:03,Maitland-Niles,10,1,2,0,4,6,2,2,4,6,5,Leno,3,3,4,5,4
12/29/2018 13:30:12,Maitland-Niles,5,0,0,2,7,4,4,0,0,10,7,Iwobi,0,0,10,7,5
12/29/2018 13:30:14,Maitland-Niles,3,0,0,1,4,0,0,0,3,3,0,Maitland-Niles,3,3,3,3,2
12/29/2018 13:30:49,Maitland-Niles,4,0,3,4,7,5,6,4,2,4,5,No one,1,2,3,2,3
12/29/2018 13:30:32,Maitland-Niles,,,,,,,,,,,,,,,,,
12/29/2018 13:30:45,Maitland-Niles,5,2,3,3,6,5,5,3,5,6,5,Iwobi,3,4,5,4,3
12/29/2018 13:30:47,Maitland-Niles,5,4,4,5,8,4,6,5,7,8,6,Maitland-Niles,1,6,6,7,4
12/29/2018 13:30:52,Maitland-Niles,3,0,0,1,5,2,4,2,3,7,3,Iwobi,3,5,4,4,2
12/29/2018 13:30:55,Maitland-Niles,2,0,1,1,5,1,1,0,2,10,3,Iwobi,2,5,5,5,2
12/29/2018 13:31:00,Maitland-Niles,3,0,0,0,4,2,1,1,0,5,0,Iwobi,0,0,0,0,0
12/29/2018 13:31:18,Maitland-Niles,8,3,2,3,7,4,6,3,2,7,5,Iwobi,4,7,7,5,5
12/29/2018 13:31:19,Maitland-Niles,5,3,4,5,7,5,4,4,4,6,5,No one,5,6,5,5,4
12/29/2018 13:31:24,Maitland-Niles,6,5,5,6,6,5,6,6,5,7,5,Iwobi,1,5,5,5,5
12/29/2018 13:31:34,Maitland-Niles,9,4,6,8,8,6,7,7,7,6,7,Leno,0,6,7,6,6
12/29/2018 13:32:27,Maitland-Niles,5,3,0,0,6,2,0,0,0,6,4,Iwobi,8,0,0,0,
12/29/2018 13:32:37,Maitland-Niles,7,0,3,3,4,5,8,6,5,7,6,Xhaka,0,7,7,5,0
12/29/2018 13:32:53,Maitland-Niles,7,1,0,3,3,2,5,3,5,4,3,No one,2,6,,,5
12/29/2018 13:32:55,Maitland-Niles,7,3,6,5,7,7,6,6,5,7,5,Iwobi,2,6,5,5,3
12/29/2018 13:33:15,Maitland-Niles,6,5,0,6,5,5,8,6,6,8,5,Iwobi,0,7,3,3,7
12/29/2018 13:33:58,Maitland-Niles,6,0,3,2,6,5,6,5,3,5,3,No one,0,6,5,5,0
12/29/2018 13:34:25,Maitland-Niles,6,2,2,2,6,6,6,3,4,6,3,Iwobi,5,4,4,4,4
12/29/2018 13:35:21,Maitland-Niles,5,3,5,5,6,5,5,4,6,7,5,Iwobi,4,6,6,6,5
12/29/2018 13:35:23,Maitland-Niles,4,2,3,3,5,3,3,3,4,4,3,Maitland-Niles,4,4,5,3,1
12/29/2018 13:35:33,Maitland-Niles,6,0,0,0,7,2,4,0,6,8,5,Iwobi,0,3,5,5,0
12/29/2018 13:35:44,Maitland-Niles,6,3,4,5,7,3,5,4,5,8,5,Iwobi,1,6,5,5,2
12/29/2018 13:35:58,Maitland-Niles,6,0,3,2,6,3,5,4,2,6,2,Maitland-Niles,0,2,1,1,2
12/29/2018 13:36:03,Maitland-Niles,5,3,2,4,6,3,4,3,2,4,3,Maitland-Niles,4,3,4,5,3
12/29/2018 13:36:20,Maitland-Niles,7,1,2,3,7,3,4,4,4,7,3,Iwobi,,4,3,3,5
12/29/2018 13:36:46,Maitland-Niles,5,4,4,4,6,6,7,6,6,7,6,Xhaka,6,5,6,6,6
12/29/2018 13:36:51,Maitland-Niles,10,10,10,10,10,10,10,10,10,10,10,,10,10,10,10,10
12/29/2018 13:37:19,Maitland-Niles,7,1,2,3,7,3,4,4,4,7,3,Iwobi,,4,3,3,5
12/29/2018 13:37:21,Maitland-Niles,3,0,0,1,5,5,4,2,1,6,1,Iwobi,8,3,5,5,3
12/29/2018 13:37:22,Maitland-Niles,4,3,3,4,6,3,4,3,3,4,3,Maitland-Niles,3,3,4,5,3
12/29/2018 13:38:01,Maitland-Niles,5,1,4,4,5,5,5,4,3,6,5,Maitland-Niles,2,5,6,5,4
12/29/2018 13:38:05,Maitland-Niles,6,3,2,4,6,5,3,1,4,7,4,Iwobi,2,3,3,3,4
12/29/2018 13:38:30,Maitland-Niles,3,1,1,2,7,5,5,3,3,3,1,Maitland-Niles,5,3,4,7,3
12/29/2018 13:39:27,Maitland-Niles,,,,10,,,,,,,,Sokratis,,,,,
12/29/2018 13:39:36,Maitland-Niles,,,,,,,,,,,,,,,,,
12/29/2018 13:40:07,Maitland-Niles,4,3,4,6,6,4,5,4,4,5,3,Maitland-Niles,2,5,5,5,2
12/29/2018 13:41:05,Maitland-Niles,2,4,3,5,6,5,4,3,6,8,5,Iwobi,0,6,6,4,6
12/29/2018 13:42:04,Maitland-Niles,5,3,3,3,6,4,4,4,5,7,5,No one,4,4,4,4,4
12/29/2018 13:42:08,Maitland-Niles,7,3,3,4,8,5,6,5,5,9,5,Iwobi,2,5,5,5,3
12/29/2018 13:42:11,Maitland-Niles,4,1,1,1,7,3,2,1,1,7,1,Iwobi,0,4,3,3,3
12/29/2018 13:42:12,Maitland-Niles,4,3,3,4,5,5,4,3,3,3,2,No one,2,2,3,2,2
12/29/2018 13:42:51,Maitland-Niles,4,3,4,4,5,3,4,3,4,6,3,Iwobi,7,4,5,5,3
12/29/2018 13:42:56,Maitland-Niles,5,4,1,3,5,2,6,4,1,7,1,Iwobi,0,7,5,5,5
12/29/2018 13:43:47,Monreal,,,,,,,,,,,,,,,,,
12/29/2018 13:44:14,Maitland-Niles,5,1,2,2,7,3,3,3,3,7,5,Iwobi,5,4,5,5,0
12/29/2018 13:44:15,Monreal,,,,,,,,,,,,,,,,,
12/29/2018 13:44:15,Maitland-Niles,5,2,2,2,6,4,4,2,3,6,3,No one,5,5,5,5,
12/29/2018 13:44:16,Maitland-Niles,5,1,0,2,5,4,3,1,6,7,5,Iwobi,0,5,5,5,0
12/29/2018 13:44:54,Maitland-Niles,6,4,5,4,7,5,6,3,7,8,4,Iwobi,5,6,6,5,5
12/29/2018 13:45:21,Maitland-Niles,7,2,2,3,6,5,3,4,5,6,4,Leno,3,6,6,6,3
12/29/2018 13:45:29,Maitland-Niles,5,2,2,2,5,4,6,2,4,7,5,Iwobi,5,4,6,6,2
12/29/2018 13:45:39,Maitland-Niles,5,3,4,3,7,5,6,4,6,7,6,Iwobi,8,6,6,6,6
12/29/2018 13:45:43,Maitland-Niles,0,0,0,0,0,0,0,0,0,0,0,No one,0,0,0,0,0
12/29/2018 13:45:48,Maitland-Niles,5,3,3,4,7,6,6,4,4,7,4,,,,,,
12/29/2018 13:45:49,Maitland-Niles,3,2,2,3,4,3,3,4,3,4,3,Maitland-Niles,2,3,3,3,4
12/29/2018 13:46:11,Maitland-Niles,5,2,3,3,5,4,5,4,5,6,5,Leno,0,6,5,5,1
12/29/2018 13:46:18,Maitland-Niles,4,4,0,1,5,1,2,3,4,4,4,Maitland-Niles,5,5,5,5,0
12/29/2018 13:46:20,Maitland-Niles,,,,,,,,,,,,,,,,,
12/29/2018 13:46:20,Maitland-Niles,0,0,0,0,2,0,0,0,0,1,0,Maitland-Niles,7,0,0,0,1
12/29/2018 13:46:29,Maitland-Niles,5,2,3,3,5,4,5,4,5,6,5,Leno,0,6,5,5,1
12/29/2018 13:46:31,Maitland-Niles,,,,,,,,,,,,,,,,,
12/29/2018 13:46:33,Maitland-Niles,8,2,3,5,6,4,6,3,4,8,4,Leno,0,4,6,5,2
12/29/2018 13:46:34,Maitland-Niles,6,2,4,6,8,4,6,5,6,7,5,Maitland-Niles,4,7,6,6,4
12/29/2018 13:47:37,Maitland-Niles,5,1,1,1,2,1,1,1,1,1,1,,1,1,1,1,0
12/29/2018 13:48:03,Maitland-Niles,4,3,3,4,6,3,5,4,4,6,3,Iwobi,0,4,4,4,0
12/29/2018 13:49:03,Maitland-Niles,3,2,2,3,6,5,2,5,6,7,4,Maitland-Niles,2,6,5,4,3
12/29/2018 13:49:28,Maitland-Niles,6,1,1,2,6,4,5,1,5,7,0,Iwobi,6,5,5,5,1
12/29/2018 13:49:52,Maitland-Niles,5,5,4,4,7,4,6,5,7,7,5,Iwobi,2,5,6,5,4
12/29/2018 13:50:38,Maitland-Niles,7,1,2,3,7,5,6,4,6,7,5,Maitland-Niles,0,7,6,5,3
12/29/2018 13:51:01,Maitland-Niles,4,3,6,3,5,3,6,4,4,6,2,Iwobi,4,5,6,4,3
12/29/2018 13:51:12,Maitland-Niles,4,4,2,2,7,5,4,3,5,7,3,,0,4,6,5,5
12/29/2018 13:51:24,Maitland-Niles,4,4,2,2,7,5,4,3,5,7,3,,0,4,6,5,5
12/29/2018 13:51:44,Maitland-Niles,6,5,5,5,7,6,5,5,6,6,6,No one,3,5,7,6,7
12/29/2018 13:51:47,Maitland-Niles,5,1,3,3,6,1,8,3,2,8,1,Iwobi,1,7,,3,3
12/29/2018 13:51:57,Maitland-Niles,5,1,3,3,6,1,8,3,2,8,1,Iwobi,1,7,,3,3
12/29/2018 13:52:02,Maitland-Niles,6,2,2,3,6,5,5,4,5,6,3,Iwobi,5,3,5,5,3
12/29/2018 13:52:55,Maitland-Niles,2,1,0,2,5,5,4,5,5,4,3,Maitland-Niles,0,4,4,3,1
12/29/2018 13:54:54,Maitland-Niles,3,0,0,1,7,3,6,3,2,7,3,Iwobi,1,3,5,5,2
12/29/2018 13:55:04,Maitland-Niles,7,3,3,3,6,5,4,5,5,6,5,No one,4,6,6,6,3
12/29/2018 13:55:15,Maitland-Niles,7,2,3,4,7,4,4,5,5,6,3,Maitland-Niles,3,7,7,6,3
12/29/2018 13:55:19,Maitland-Niles,0,0,0,0,0,0,0,0,0,0,0,No one,0,0,0,0,0
12/29/2018 13:55:31,Maitland-Niles,2,0,0,1,3,0,0,0,4,6,2,Iwobi,5,5,5,5,2
12/29/2018 13:56:56,Maitland-Niles,4,0,2,2,7,4,5,4,4,6,2,Maitland-Niles,6,3,4,4,3
12/29/2018 13:57:18,Maitland-Niles,5,5,1,2,2,3,2,3,1,5,1,No one,1,5,5,5,3
12/29/2018 13:57:48,Maitland-Niles,4,2,1,1,7,4,4,3,3,7,4,Iwobi,1,6,6,6,1
12/29/2018 13:58:20,Maitland-Niles,6,2,3,3,5,4,6,6,6,7,6,Iwobi,5,6,6,6,4
12/29/2018 14:00:51,Maitland-Niles,4,2,3,3,7,5,6,5,6,7,5,Maitland-Niles,6,5,5,4,6
12/29/2018 14:00:57,Maitland-Niles,6,1,3,5,8,6,6,6,5,10,5,Iwobi,3,7,7,7,4
12/29/2018 14:01:38,Maitland-Niles,7,2,3,4,7,5,2,5,4,5,4,,0,3,2,2,4
12/29/2018 14:02:05,Maitland-Niles,6,3,3,3,7,4,6,3,7,9,5,Iwobi,3,2,6,5,5
12/29/2018 14:02:31,Maitland-Niles,5,0,5,5,7,3,6,4,3,5,3,Maitland-Niles,1,4,4,4,1
12/29/2018 14:03:43,Maitland-Niles,3,0,0,0,5,2,2,0,3,3,4,No one,0,2,2,3,3
12/29/2018 14:03:46,Maitland-Niles,7,1,3,3,7,4,5,3,5,7,4,Iwobi,4,5,6,5,5
12/29/2018 14:03:54,Maitland-Niles,5,3,3,4,6,5,4,3,5,6,4,Maitland-Niles,4,4,5,5,3
12/29/2018 14:04:51,Maitland-Niles,5,3,4,4,5,5,2,1,2,2,2,No one,6,6,5,5,0
12/29/2018 14:05:57,Maitland-Niles,4,1,2,2,4,2,6,3,3,6,3,Iwobi,1,3,5,4,2
12/29/2018 14:06:08,Maitland-Niles,4,1,2,2,6,3,4,1,4,5,3,Maitland-Niles,4,4,4,4,4
12/29/2018 14:06:28,Maitland-Niles,8,2,4,2,5,4,4,1,4,4,1,Maitland-Niles,0,0,0,0,10
12/29/2018 14:06:39,Maitland-Niles,8,7,7,7,9,8,8,8,7,8,9,Maitland-Niles,8,8,8,8,9
12/29/2018 14:08:10,Maitland-Niles,5,4,0,4,8,5,7,4,4,8,7,Iwobi,0,8,7,6,5
12/29/2018 14:09:01,Maitland-Niles,5,2,3,4,5,4,6,4,5,6,4,Iwobi,5,4,5,5,6
12/29/2018 14:09:01,Maitland-Niles,6,3,3,3,6,2,5,2,3,6,2,Iwobi,1,4,5,5,3
12/29/2018 14:09:58,Maitland-Niles,5,4,2,3,8,5,4,6,6,7,4,Maitland-Niles,4,6,5,5,5
12/29/2018 14:11:30,Maitland-Niles,,,,,,,,,,,,,,,,,
12/29/2018 14:12:40,Maitland-Niles,10,10,8,10,8,0,0,10,4,5,0,Lacazette,10,10,10,10,10
12/29/2018 14:12:56,Maitland-Niles,6,5,2,2,6,2,2,0,3,5,0,Iwobi,0,3,3,3,0
12/29/2018 14:14:15,Maitland-Niles,0,,,,,,,,,,,,,,,,
12/29/2018 14:15:02,Maitland-Niles,6,4,4,5,8,5,4,3,6,7,5,Maitland-Niles,7,5,5,5,6
12/29/2018 14:15:16,Maitland-Niles,6,0,4,4,6,5,5,4,5,6,5,Maitland-Niles,0,4,5,5,5
12/29/2018 14:15:36,Maitland-Niles,6,4,8,6,6,7,6,5,3,7,4,Lichtsteiner,10,9,4,5,1
12/29/2018 14:16:33,Maitland-Niles,7,3,4,5,7,5,6,5,5,7,6,Iwobi,6,5,6,5,5
12/29/2018 14:17:03,Maitland-Niles,7,4,2,4,8,5,7,5,5,8,6,Maitland-Niles,1,8,,,4
12/29/2018 14:17:36,Maitland-Niles,7,6,6,5,8,7,6,6,7,7,6,Maitland-Niles,6,8,7,7,7
12/29/2018 14:18:02,Maitland-Niles,5,4,10,1,7,0,10,2,5,6,0,,10,0,10,0,0
12/29/2018 14:18:36,Maitland-Niles,6,3,3,3,5,4,4,3,3,4,3,Leno,4,5,5,5,4
12/29/2018 14:19:18,Maitland-Niles,7,0,0,0,6,3,6,2,5,5,0,No one,3,4,5,5,3
12/29/2018 14:19:25,Maitland-Niles,4,0,0,5,5,2,4,4,5,4,3,No one,4,3,4,4,6
12/29/2018 14:21:47,Maitland-Niles,4,1,2,2,3,2,3,2,2,4,1,Iwobi,3,2,4,4,3
12/29/2018 14:21:53,Maitland-Niles,1,0,0,1,3,2,0,0,0,3,0,No one,0,0,0,1,1
12/29/2018 14:22:38,Maitland-Niles,5,0,0,0,6,3,0,0,0,6,0,No one,4,5,5,5,0
12/29/2018 14:23:05,Maitland-Niles,5,0,0,3,6,3,5,4,4,6,4,Maitland-Niles,0,5,5,5,0
12/29/2018 14:23:07,Maitland-Niles,5,2,3,4,5,6,4,5,6,6,5,No one,4,,,,3
12/29/2018 14:23:47,Maitland-Niles,3,2,1,4,6,3,2,2,1,5,3,No one,0,4,3,5,5
12/29/2018 14:24:34,Maitland-Niles,,,,,,,,,,,,,,,,,
12/29/2018 14:25:45,Maitland-Niles,5,3,2,0,6,3,5,4,2,6,0,No one,0,3,3,2,4
12/29/2018 14:25:48,Maitland-Niles,3,0,0,1,5,2,2,3,2,5,2,No one,7,5,2,3,2
12/29/2018 14:26:05,Maitland-Niles,,,,,,,,,,,,,,,,,
12/29/2018 14:26:08,Maitland-Niles,,,,,,,,,,,,,,,,,
12/29/2018 14:26:13,Maitland-Niles,5,2,3,2,6,3,3,2,3,6,3,Iwobi,2,3,3,3,3
12/29/2018 14:26:19,Maitland-Niles,6,2,3,2,5,2,3,3,4,6,2,Iwobi,10,4,4,4,6
12/29/2018 14:27:20,Maitland-Niles,6,4,5,4,7,4,6,4,5,8,5,Iwobi,3,4,6,5,4
12/29/2018 14:30:52,Maitland-Niles,6,2,3,4,5,4,4,3,5,5,5,No one,5,6,4,6,3
12/29/2018 14:31:33,Maitland-Niles,0,0,0,0,7,0,0,0,5,7,0,Iwobi,0,0,5,5,0
12/29/2018 14:31:38,Maitland-Niles,5,4,0,2,7,7,4,4,4,5,3,Maitland-Niles,0,5,5,5,5
12/29/2018 14:35:53,Maitland-Niles,8,1,2,5,8,3,4,6,6,8,5,Iwobi,5,,,,2
12/29/2018 14:38:53,Maitland-Niles,9,2,4,2,8,6,6,4,6,8,7,Leno,1,6,8,6,2
12/29/2018 14:39:41,Maitland-Niles,9,2,4,2,8,6,6,3,6,8,7,Leno,1,6,7,6,2
12/29/2018 14:40:11,Maitland-Niles,2,0,0,0,4,0,0,0,0,1,0,No one,1,0,1,1,5
12/29/2018 14:41:24,Maitland-Niles,5,1,3,4,6,4,7,5,5,7,5,Iwobi,4,5,5,6,2
12/29/2018 14:42:27,Maitland-Niles,,,,,,,,,,,,,,,,,
12/29/2018 14:46:29,Maitland-Niles,,,,,,,,,,,,,,,,,
12/29/2018 14:49:44,Maitland-Niles,,,,,,,,,,,,,,,,,
12/29/2018 14:54:24,Maitland-Niles,6,3,4,3,7,4,6,4,6,7,4,Iwobi,1,5,4,4,3
12/29/2018 14:54:46,Maitland-Niles,4,3,4,5,7,5,7,6,6,6,5,Maitland-Niles,5,10,6,5,0
12/29/2018 14:55:56,Maitland-Niles,6,2,2,2,8,4,6,4,5,7,5,Maitland-Niles,1,6,6,6,2
12/29/2018 14:58:27,Maitland-Niles,6,0,0,1,7,4,5,1,1,8,0,Iwobi,0,4,7,5,0
12/29/2018 14:58:46,Maitland-Niles,3,3,2,2,6,3,0,0,2,5,3,No one,1,1,4,4,8
12/29/2018 14:59:12,Maitland-Niles,4,2,2,3,6,4,3,2,3,4,3,Maitland-Niles,2,3,2,2,4
12/29/2018 14:59:51,Maitland-Niles,6,0,5,6,7,6,6,6,6,7,5,Maitland-Niles,0,5,6,6,4
12/29/2018 15:01:08,Maitland-Niles,2,0,1,2,6,2,2,0,3,3,2,Maitland-Niles,0,3,3,3,2
12/29/2018 15:01:43,Maitland-Niles,5,4,3,3,7,5,3,1,5,7,4,Iwobi,5,4,5,5,3
12/29/2018 15:06:02,Maitland-Niles,5,,4,3,6,4,2,4,5,7,4,Iwobi,6,6,7,7,4
12/29/2018 15:08:58,Maitland-Niles,5,0,4,6,7,5,5,4,6,6,5,Ramsey,1,5,6,6,4
12/29/2018 15:12:30,Maitland-Niles,4,0,3,0,8,7,5,3,5,7,0,Iwobi,4,5,5,5,4
12/29/2018 15:12:53,Maitland-Niles,6,5,5,3,6,3,7,4,6,8,4,Iwobi,1,6,5,5,3
12/29/2018 15:16:37,Maitland-Niles,4,3,3,4,5,4,4,4,5,5,5,No one,5,5,5,5,3
12/29/2018 15:21:25,Maitland-Niles,4,2,4,4,5,5,4,4,4,5,2,Iwobi,2,4,4,5,4
12/29/2018 15:22:52,Maitland-Niles,1,0,1,3,3,2,0,1,1,0,5,Maitland-Niles,5,4,5,1,0
12/29/2018 15:22:55,Maitland-Niles,7,2,3,4,6,5,1,5,5,6,5,No one,5,6,6,4,6
12/29/2018 15:23:17,Maitland-Niles,,,,,,,,,,,,,,,,,
12/29/2018 15:24:01,Monreal,,,,,,,,,,,,,,,,,
12/29/2018 15:29:23,Maitland-Niles,8,3,2,4,8,4,4,4,3,7,3,Maitland-Niles,4,4,7,4,4
12/29/2018 15:29:49,Maitland-Niles,10,1,4,7,10,7,7,6,6,9,7,Maitland-Niles,1,5,5,4,1
12/29/2018 15:33:28,Maitland-Niles,7,1,1,3,7,4,5,3,5,6,4,Leno,2,1,0,0,2
12/29/2018 15:36:20,Maitland-Niles,8,9,8,5,4,8,10,2,2,6,6,Lichtsteiner,10,5,5,5,10
12/29/2018 15:39:52,Maitland-Niles,10,10,10,10,0,10,10,10,10,10,10,Lichtsteiner,10,10,10,10,10
12/29/2018 15:40:50,Maitland-Niles,0,0,0,0,5,0,0,0,0,4,0,Mustafi,0,0,0,0,0
12/29/2018 15:43:29,Maitland-Niles,7,3,8,2,8,6,6,4,6,7,5,Maitland-Niles,5,6,6,6,7
12/29/2018 15:44:41,Maitland-Niles,6,3,2,2,6,4,4,3,5,6,5,Iwobi,4,4,5,5,4
12/29/2018 15:45:29,Maitland-Niles,3,3,3,5,6,4,5,3,5,7,2,Iwobi,0,5,5,5,4
12/29/2018 15:47:19,Maitland-Niles,5,3,4,3,5,3,4,3,3,5,3,Maitland-Niles,5,5,5,6,3
12/29/2018 15:56:12,Maitland-Niles,4,2,4,4,5,3,3,4,4,5,4,Iwobi,5,5,5,5,4
12/29/2018 15:58:57,Maitland-Niles,4,0,0,0,7,3,5,5,5,7,5,Maitland-Niles,0,5,5,5,3
12/29/2018 16:08:26,Maitland-Niles,0,0,0,0,0,0,0,0,0,0,0,Maitland-Niles,0,0,0,0,0
12/29/2018 16:09:09,Maitland-Niles,5,3,3,3,7,5,5,3,3,7,5,Maitland-Niles,5,5,5,5,5
12/29/2018 16:09:35,Maitland-Niles,5,3,3,3,7,5,5,3,3,7,5,Maitland-Niles,5,5,5,5,5
12/29/2018 16:14:04,Maitland-Niles,7,1,2,3,7,4,5,3,6,8,5,Iwobi,3,4,5,5,5
12/29/2018 16:14:23,Maitland-Niles,7,1,2,3,7,4,5,3,6,8,5,Iwobi,3,4,5,5,5
12/29/2018 16:16:23,Maitland-Niles,,,,,,,,,,,,,,,,,
12/29/2018 16:24:28,Maitland-Niles,4,2,3,4,6,4,5,4,4,7,3,Iwobi,0,4,4,4,4
12/29/2018 16:30:52,Maitland-Niles,7,4,4,6,8,6,6,5,6,7,6,Iwobi,5,6,6,6,5
12/29/2018 16:32:29,Maitland-Niles,6,1,2,3,6,4,5,3,3,2,2,Maitland-Niles,5,6,7,6,6
12/29/2018 16:36:42,Maitland-Niles,,,,,,,,,,,,,,,,,
12/29/2018 16:42:58,Maitland-Niles,7,1,2,6,7,5,5,5,4,8,3,No one,4,7,1,1,7
12/29/2018 16:44:04,Maitland-Niles,5,3,4,5,6,5,5,5,4,6,4,Maitland-Niles,0,5,5,5,4
12/29/2018 16:49:31,Maitland-Niles,0,0,0,0,1,0,0,0,0,0,0,No one,0,0,0,0,0
12/29/2018 16:49:53,Maitland-Niles,6,6,5,6,7,6,6,5,6,7,6,Maitland-Niles,7,6,6,6,6
12/29/2018 16:49:55,Maitland-Niles,,,,,,,,,,,,,,,,,
12/29/2018 17:01:03,Maitland-Niles,6,4,4,4,7,5,4,5,6,7,4,Iwobi,4,5,5,5,3
12/29/2018 17:01:06,Maitland-Niles,5,0,2,2,6,4,3,2,3,5,3,Maitland-Niles,1,,,,1
12/29/2018 17:01:46,Maitland-Niles,4,0,0,0,6,0,0,0,0,5,0,Iwobi,7,0,3,3,0
12/29/2018 17:02:04,Maitland-Niles,4,0,0,0,6,0,0,0,0,5,0,Iwobi,7,0,3,3,0
12/29/2018 17:02:38,Maitland-Niles,5,3,4,4,7,5,5,5,5,7,5,Iwobi,4,6,6,6,4
12/29/2018 17:03:53,Maitland-Niles,3,1,2,2,5,3,2,2,3,5,3,Maitland-Niles,4,4,5,5,4
12/29/2018 17:15:01,Maitland-Niles,2,0,0,1,5,4,4,3,5,5,4,Maitland-Niles,5,5,5,10,1
12/29/2018 17:16:59,Maitland-Niles,4,0,2,4,4,3,6,4,5,5,5,Xhaka,1,6,9,6,8
12/29/2018 17:23:50,Maitland-Niles,4,0,0,1,7,1,2,2,1,4,1,No one,0,2,2,2,0
12/29/2018 17:24:18,Maitland-Niles,,,,,,,,,,,,,,,,,
12/29/2018 17:30:24,Maitland-Niles,6,2,3,3,5,5,5,4,4,5,4,Maitland-Niles,5,4,4,4,4
12/29/2018 17:34:05,Maitland-Niles,0,0,0,0,2,0,0,0,0,1,0,No one,0,0,0,0,0
12/29/2018 17:36:58,Maitland-Niles,3,0,2,2,5,2,1,2,4,5,4,Iwobi,1,4,4,5,3
12/29/2018 17:44:07,Maitland-Niles,,,,,,,,,,,,,,,,,
12/29/2018 17:45:01,Maitland-Niles,4,1,3,2,4,5,2,3,5,6,4,Iwobi,7,5,5,5,
12/29/2018 17:45:07,Maitland-Niles,3,1,2,2,5,3,3,3,3,5,3,Maitland-Niles,5,4,4,4,2
12/29/2018 17:46:07,Maitland-Niles,10,10,10,10,10,10,10,10,10,10,10,Lichtsteiner,10,10,10,10,10
12/29/2018 17:46:29,Maitland-Niles,3,1,1,1,4,2,2,2,2,3,0,No one,10,6,2,3,2
12/29/2018 17:49:50,Maitland-Niles,4,0,0,0,5,3,3,0,5,6,5,No one,5,4,5,5,5
12/29/2018 17:50:10,Maitland-Niles,5,3,5,4,7,5,5,5,6,6,5,Maitland-Niles,5,5,5,5,5
12/29/2018 17:54:58,Maitland-Niles,6,5,4,5,6,4,4,6,5,6,2,Maitland-Niles,0,5,5,4,4
12/29/2018 17:56:02,Maitland-Niles,4,2,0,1,5,2,2,0,4,5,3,,5,4,5,5,3
12/29/2018 17:59:43,Maitland-Niles,5,0,1,1,6,3,2,1,5,6,2,Iwobi,0,2,4,2,6
12/29/2018 18:04:29,Maitland-Niles,,,,,,,,,,,,,,,,,
12/29/2018 18:10:33,Maitland-Niles,2,0,3,3,6,4,4,4,5,6,4,Maitland-Niles,4,6,5,2,0
12/29/2018 18:16:55,Maitland-Niles,4,1,1,3,7,5,3,2,4,9,4,Iwobi,0,4,4,3,5
12/29/2018 18:23:26,Maitland-Niles,3,2,2,3,5,5,6,5,6,7,4,Iwobi,,,,,
12/29/2018 18:27:40,Maitland-Niles,3,0,,,10,3,6,4,5,7,6,Maitland-Niles,5,5,6,5,5
12/29/2018 18:39:18,Maitland-Niles,7,4,3,3,7,5,4,4,5,7,,Iwobi,5,6,6,6,6
12/29/2018 18:40:47,Maitland-Niles,6,5,4,6,7,6,6,6,6,7,5,,4,6,6,6,5
12/29/2018 18:43:44,Maitland-Niles,5,2,2,2,5,5,5,2,4,4,2,Maitland-Niles,0,3,4,3,3
12/29/2018 18:43:43,Maitland-Niles,6,2,4,5,6,5,5,4,4,6,4,Maitland-Niles,1,5,5,5,3
12/29/2018 18:56:40,Maitland-Niles,5,3,3,3,7,4,4,4,5,7,4,Iwobi,3,5,5,5,3
12/29/2018 18:57:54,Maitland-Niles,8,5,5,5,8,5,5,6,5,7,7,Maitland-Niles,4,7,7,7,4
12/29/2018 18:58:27,Maitland-Niles,10,10,10,10,10,10,10,10,10,10,10,Lichtsteiner,10,10,10,10,10
12/29/2018 19:14:30,Maitland-Niles,3,1,3,3,7,6,4,3,5,6,3,Iwobi,8,5,5,5,3
12/29/2018 19:20:38,Maitland-Niles,4,2,2,2,4,5,3,2,3,3,2,No one,,,,,3
12/29/2018 19:37:52,Maitland-Niles,6,2,3,2,6,3,3,3,4,7,3,Iwobi,0,5,5,5,3
12/29/2018 19:45:19,Maitland-Niles,5,3,4,4,6,5,4,3,6,6,5,Iwobi,5,6,5,5,5
12/29/2018 19:58:57,Maitland-Niles,5,2,3,3,5,3,5,4,4,6,4,Iwobi,0,3,4,4,3
12/29/2018 20:02:21,Maitland-Niles,,,,,,,,,,,,,,,,,
12/29/2018 20:12:02,Maitland-Niles,7,0,2,1,6,3,2,2,4,6,3,Iwobi,2,4,5,5,0
12/29/2018 20:12:47,Maitland-Niles,,,,,,,,,,,,,,,,,
12/29/2018 20:14:48,Maitland-Niles,5,3,5,4,8,4,7,4,5,9,5,Iwobi,7,4,7,7,5
12/29/2018 21:02:23,Maitland-Niles,5,3,5,4,6,3,6,3,4,6,3,Xhaka,3,5,5,4,3
12/29/2018 21:23:25,Maitland-Niles,6,4,4,4,6,6,5,5,4,5,5,Maitland-Niles,5,5,3,2,4
12/29/2018 21:32:48,Maitland-Niles,4,1,2,3,6,1,7,2,6,7,4,Xhaka,1,5,5,5,3
12/29/2018 21:54:33,Maitland-Niles,0,0,,,,,,,,,,,,,,,
12/29/2018 22:22:05,Maitland-Niles,5,2,3,4,7,4,4,4,6,6,5,Maitland-Niles,5,6,5,5,5
12/29/2018 23:13:32,Maitland-Niles,1,1,1,1,3,1,1,1,1,3,1,Guendouzi,10,0,0,0,0
12/29/2018 23:36:52,Maitland-Niles,5,2,3,4,8,5,5,6,6,7,6,Iwobi,0,5,5,5,2
12/29/2018 23:38:37,Maitland-Niles,10,10,10,10,10,10,10,10,10,10,10,Lichtsteiner,10,10,10,10,10
12/29/2018 23:40:17,Maitland-Niles,4,3,2,1,5,4,5,4,5,5,3,No one,7,4,4,4,3
12/29/2018 23:41:28,Maitland-Niles,4,4,3,1,5,2,4,3,5,6,4,No one,7,5,5,5,3
12/29/2018 23:54:34,Maitland-Niles,4,2,3,0,6,1,2,2,2,5,2,Iwobi,5,4,4,4,4
12/30/2018 0:46:56,Maitland-Niles,5,2,2,3,5,3,3,2,5,6,5,No one,3,5,5,5,3
12/30/2018 0:52:16,Maitland-Niles,4,3,3,4,7,6,6,5,4,7,6,Iwobi,1,4,6,5,6
12/30/2018 1:34:10,Maitland-Niles,,,,,,,,,,,,,,,,,
12/30/2018 1:56:10,Maitland-Niles,5,1,1,2,6,4,4,2,4,5,2,Maitland-Niles,0,4,4,4,2
12/30/2018 2:17:13,Maitland-Niles,7,2,0,1,5,4,3,3,1,7,2,Iwobi,0,0,5,5,0
12/30/2018 2:17:26,Maitland-Niles,7,2,0,1,5,4,3,3,1,7,2,Iwobi,0,0,5,5,0
12/30/2018 2:22:48,Maitland-Niles,,0,,,,,,,,,,,,,,5,
12/30/2018 2:26:09,Maitland-Niles,,10,,,,,,,,,10,,10,,,,
12/30/2018 2:48:53,Maitland-Niles,6,5,5,6,6,6,6,6,6,6,5,Iwobi,5,6,6,5,6
12/30/2018 2:56:32,Maitland-Niles,7,4,5,4,6,5,4,3,6,7,6,Iwobi,,6,6,6,5
12/30/2018 3:33:55,Maitland-Niles,6,2,3,3,7,4,4,6,5,7,5,Iwobi,3,5,5,5,4
12/30/2018 3:40:51,Maitland-Niles,3,1,1,1,5,1,1,1,4,5,1,No one,10,1,1,1,1
12/30/2018 4:27:40,Maitland-Niles,5,2,2,3,4,3,4,2,2,6,3,Iwobi,2,4,3,3,2
12/30/2018 4:41:13,Maitland-Niles,,,,,,,,,,,,,,,,,
12/30/2018 5:39:29,Maitland-Niles,5,1,2,2,5,1,5,1,3,6,3,No one,5,4,4,4,1
12/30/2018 8:03:15,Maitland-Niles,4,,,,,,,,,,,,,,,,
12/30/2018 8:06:16,Maitland-Niles,10,10,10,10,0,10,10,10,10,0,10,Lichtsteiner,10,10,10,10,10
12/30/2018 8:37:47,Maitland-Niles,,,,,,,,,,,,,,,,,
12/30/2018 8:58:55,Maitland-Niles,5,1,3,3,7,5,7,3,4,7,6,Maitland-Niles,2,5,5,5,5
12/30/2018 10:10:11,Maitland-Niles,4,2,2,3,5,2,2,2,5,2,5,Ramsey,3,4,5,5,4
12/30/2018 11:55:06,Maitland-Niles,6,3,4,4,7,5,6,5,4,6,4,Iwobi,3,5,5,5,4
12/30/2018 12:16:32,Maitland-Niles,5,0,0,0,6,3,4,5,3,7,1,Iwobi,6,6,4,4,1
12/30/2018 12:17:08,Maitland-Niles,,,,,,,,,,,,,,,,,
12/30/2018 12:17:19,Maitland-Niles,,,,,,,,,,,,,,,,,
12/30/2018 12:18:16,Maitland-Niles,,,,,,,,,,,,,,,,,
12/30/2018 12:19:27,Monreal,,,,,,,,,,,,,,,,,
12/30/2018 16:14:44,Maitland-Niles,6,5,4,5,7,4,5,5,6,7,5,,3,6,7,7,3
12/30/2018 18:22:31,Maitland-Niles,5,2,2,3,6,3,4,4,4,6,3,No one,1,5,6,5,5
12/30/2018 20:30:21,Maitland-Niles,,,,,,,,,,,,,,,,,
12/31/2018 1:36:44,Maitland-Niles,5,1,2,2,3,3,3,2,4,4,4,Iwobi,0,5,6,5,2
,,,,,,,,,,,,,,,,,,
,,4.84,2.16,2.59,3.05,5.91,3.86,4.3,3.28,3.99,5.9,3.6,,3.02,4.46,4.67,4.42,3.33