Timestamp,Who scored Arsenal's first goal?,Leno,Kolašinac,Holding,Mustafi,Bellerín,Torreira,Xhaka ,Iwobi,Özil ,Aubameyang,Lacazette,Man of the Match,Referee Stuart Atwell,Guendouzi (on at 46'),Mkhitaryan ⚽️ (on at 76'),Ramsey (on at 76')
11/11/2018 11:34,Lacazette,6,6,6,6,6,6,6,6,6,6,6,Leno,0,6,6,6
11/11/2018 12:27,Mkhitaryan,,,,,,,,,,,,,,,,
11/11/2018 12:27,Mkhitaryan,,,,,,,,,,,,,,,,
11/11/2018 12:29,Maitland-Niles,8,3,6,5,4,7,5,5,4,4,4,Leno,5,5,7,6
11/11/2018 12:28,Maitland-Niles,9,4,6,4,6,6,6,6,5,5,5,Leno,2,7,7,6
11/11/2018 12:28,Maitland-Niles,10,0,4,2,0,6,4,0,0,1,2,Leno,0,7,5,2
11/11/2018 12:29,Mkhitaryan,,,,,,,,,,,,,,,,
11/11/2018 12:29,Maitland-Niles,9,5,5,5,5,6,3,6,5,4,5,Leno,3,4,6,5
11/11/2018 12:29,Maitland-Niles,9,3,6,5,5,7,5,4,5,3,5,Leno,3,6,6,6
11/11/2018 12:29,Mkhitaryan,,,,,,,,,,,,,,,,
11/11/2018 12:29,Maitland-Niles,10,6,8,6,6,6,8,5,6,4,7,Leno,4,9,8,4
11/11/2018 12:29,Mkhitaryan,,,,,,,,,,,,,,,,
11/11/2018 12:29,Mkhitaryan,,,,,,,,,,,,,,,,
11/11/2018 12:29,Maitland-Niles,,,,,,,,,,,,Torreira,3,,,
11/11/2018 12:29,Maitland-Niles,9,6,6,5,6,6,5,5,6,6,7,Leno,5,7,8,7
11/11/2018 12:29,Maitland-Niles,10,4,3,3,5,4,3,4,3,3,4,Leno,3,4,5,5
11/11/2018 12:29,Maitland-Niles,9,6,7,7,6,7,3,6,5,4,4,Leno,5,5,7,6
11/11/2018 12:29,Maitland-Niles,9,4,6,6,4,8,6,6,7,6,6,Torreira,1,8,7,7
11/11/2018 12:30,Mkhitaryan,,,,,,,,,,,,,,,,
11/11/2018 12:30,Mkhitaryan,,,,,,,,,,,,,,,,
11/11/2018 12:30,Mkhitaryan,,,,,,,,,,,,,,,,
11/11/2018 12:30,Maitland-Niles,10,4,6,6,6,8,5,5,4,5,5,Mkhitaryan,2,5,9,7
11/11/2018 12:30,Maitland-Niles,8,5,6,6,6,6,6,6,6,4,5,Leno,6,6,6,6
11/11/2018 12:30,Maitland-Niles,10,6,7,7,8,9,4,6,6,7,7,Leno,1,8,8,6
11/11/2018 12:30,Maitland-Niles,8,5,6,6,6,7,7,7,7,7,6,Leno,4,8,7,6
11/11/2018 12:30,Maitland-Niles,8,6,6,7,6,6,6,6,6,6,6,Leno,0,6,6,0
11/11/2018 12:30,Maitland-Niles,10,0,4,4,4,6,0,2,0,0,0,Leno,0,6,7,5
11/11/2018 12:30,Maitland-Niles,10,4,7,7,6,7,5,5,5,5,5,Leno,0,8,8,8
11/11/2018 12:30,Mkhitaryan,,,,,,,,,,,,,,,,
11/11/2018 12:30,Maitland-Niles,8,4,6,6,6,7,5,5,5,5,5,Leno,3,7,7,7
11/11/2018 12:30,Maitland-Niles,10,0,8,0,6,7,8,2,3,0,2,Leno,0,8,6,3
11/11/2018 12:30,Maitland-Niles,,,,,,,,,,,,,,,,
11/11/2018 12:30,Maitland-Niles,9,3,4,3,3,7,3,5,4,2,2,Leno,0,4,5,4
11/11/2018 12:30,Maitland-Niles,9,4,6,5,6,8,6,6,6,4,6,Leno,0,6,6,5
11/11/2018 12:30,Mkhitaryan,,,,,,,,,,,,,,,,
11/11/2018 12:30,Mkhitaryan,,,,,,,,,,,,,,,,
11/11/2018 12:30,Mkhitaryan,,,,,,,,,,,,,,,,
11/11/2018 12:31,Maitland-Niles,10,4,7,4,5,7,0,4,5,4,4,Leno,0,6,6,5
11/11/2018 12:31,Maitland-Niles,8,5,5,5,5,6,4,5,4,5,6,Leno,3,6,7,6
11/11/2018 12:31,Maitland-Niles,9,5,5,5,5,6,4,5,6,4,2,Leno,,6,6,4
11/11/2018 12:31,Maitland-Niles,,,,,,,,,,,,Mkhitaryan,,,,
11/11/2018 12:31,Maitland-Niles,10,7,9,8,7,9,7,4,5,4,4,Leno,0,6,6,4
11/11/2018 12:31,Maitland-Niles,10,5,6,6,6,7,7,7,6,6,6,Leno,6,7,7,6
11/11/2018 12:31,Maitland-Niles,10,4,6,6,6,8,5,5,4,5,5,Mkhitaryan,2,5,9,7
11/11/2018 12:31,Mkhitaryan,,,,,,,,,,,,,,,,
11/11/2018 12:31,Maitland-Niles,9,5,6,6,6,7,6,6,6,5,5,Leno,5,6,7,6
11/11/2018 12:31,Maitland-Niles,10,5,7,6,7,7,6,6,6,5,5,Leno,6,6,7,6
11/11/2018 12:31,Mkhitaryan,,,,,,,,,,,,,,,,
11/11/2018 12:31,Maitland-Niles,10,5,5,5,5,9,0,4,4,8,5,Leno,0,6,6,6
11/11/2018 12:31,Maitland-Niles,9,5,6,6,6,7,6,7,6,6,6,Leno,6,6,7,6
11/11/2018 12:32,Maitland-Niles,9,4,4,4,5,6,3,4,5,2,4,Leno,,,,
11/11/2018 12:32,Mkhitaryan,,,,,,,,,,,,,,,,
11/11/2018 12:32,Maitland-Niles,10,5,7,6,6,6,4,5,5,3,5,Leno,0,9,7,5
11/11/2018 12:32,Maitland-Niles,8,5,6,6,6,6,3,5,5,4,5,Mkhitaryan,,6,6,5
11/11/2018 12:32,Maitland-Niles,10,6,6,6,5,7,6,5,6,5,6,,,7,7,6
11/11/2018 12:32,Maitland-Niles,9,4,4,3,5,6,4,0,0,0,6,Mkhitaryan,1,6,10,4
11/11/2018 12:32,Maitland-Niles,9,6,7,6,6,8,6,5,4,4,4,Leno,2,7,7,5
11/11/2018 12:32,Maitland-Niles,8,5,7,5,5,5,4,6,6,3,5,Leno,4,8,8,8
11/11/2018 12:32,Maitland-Niles,8,4,6,5,4,7,0,2,3,0,0,Leno,3,6,7,6
11/11/2018 12:32,Maitland-Niles,10,0,4,4,5,6,5,4,5,3,5,Leno,0,7,5,5
11/11/2018 12:33,Maitland-Niles,10,2,4,4,5,8,5,2,2,3,3,Leno,0,8,10,5
11/11/2018 12:34,Maitland-Niles,10,2,7,5,4,6,3,6,3,5,5,Leno,0,6,5,4
11/11/2018 12:33,Maitland-Niles,9,3,5,2,5,8,4,6,5,3,4,Leno,4,7,7,7
11/11/2018 12:33,Maitland-Niles,9,4,6,5,5,7,6,5,6,3,5,Leno,6,8,8,7
11/11/2018 12:34,Mkhitaryan,10,0,0,0,0,0,0,0,0,0,0,Leno,0,0,6,0
11/11/2018 12:34,Maitland-Niles,10,3,7,7,7,8,6,5,5,4,4,Leno,0,6,5,6
11/11/2018 12:34,Maitland-Niles,8,5,7,7,6,7,6,7,6,5,6,Leno,4,8,6,5
11/11/2018 12:34,Mkhitaryan,10,5,8,6,7,7,6,6,6,6,6,Leno,2,7,6,6
11/11/2018 12:34,Mkhitaryan,8,5,7,6,7,7,7,5,6,5,6,Leno,2,7,6,6
11/11/2018 12:34,Mkhitaryan,9,4,7,7,7,8,8,6,6,5,5,Leno,4,7,6,6
11/11/2018 12:35,Mkhitaryan,10,6,8,7,5,7,3,5,5,4,5,Leno,3,6,5,6
11/11/2018 12:35,Mkhitaryan,9,3,5,4,6,8,6,5,5,5,5,Leno,3,8,6,6
11/11/2018 12:35,Mkhitaryan,10,4,6,6,7,8,7,7,7,6,6,Leno,1,7,8,8
11/11/2018 12:35,Mkhitaryan,9,5,6,6,7,7,5,6,5,5,5,Leno,4,6,7,6
11/11/2018 12:35,Mkhitaryan,8,0,3,2,4,6,0,5,2,3,4,Leno,5,5,5,3
11/11/2018 12:35,Mkhitaryan,10,4,,,4,9,7,4,5,7,3,Mkhitaryan,,,10,
11/11/2018 12:36,Mkhitaryan,,,,,,,,,,,,,,,,
11/11/2018 12:37,Mkhitaryan,10,3,7,6,6,8,6,6,5,5,6,Leno,3,7,8,6
11/11/2018 12:37,Mkhitaryan,10,3,4,4,4,7,6,6,4,3,5,Leno,5,7,7,7
11/11/2018 12:37,Mkhitaryan,8,5,6,6,7,8,6,6,6,5,5,Mkhitaryan,,7,8,6
11/11/2018 12:37,Mkhitaryan,9,4,6,6,6,6,5,6,5,4,5,Leno,4,7,5,
11/11/2018 12:38,Mkhitaryan,9,7,7,6,8,8,8,8,6,5,6,Leno,4,5,7,8
11/11/2018 12:38,Mkhitaryan,10,6,9,5,8,9,6,5,8,7,7,Leno,0,7,9,7
11/11/2018 12:38,Mkhitaryan,9,5,7,5,6,7,4,6,5,5,5,Leno,6,7,6,5
11/11/2018 12:38,Mkhitaryan,9,4,6,5,6,7,6,5,5,4,5,Leno,6,6,6,6
11/11/2018 12:39,Mkhitaryan,10,4,5,5,6,8,3,6,5,5,5,Leno,3,6,7,5
11/11/2018 12:39,Mkhitaryan,10,4,6,6,6,7,4,5,6,6,6,Leno,5,5,7,5
11/11/2018 12:39,Mkhitaryan,8,6,7,6,5,7,4,4,6,5,5,Leno,2,6,6,4
11/11/2018 12:39,Mkhitaryan,8,5,6,5,6,7,4,5,5,6,6,Leno,1,5,6,5
11/11/2018 12:39,Mkhitaryan,9,4,6,6,5,6,5,6,5,3,4,Leno,7,6,7,7
11/11/2018 12:40,Mkhitaryan,9,5,5,5,5,8,5,5,5,4,5,Leno,4,7,7,6
11/11/2018 12:40,Mkhitaryan,10,5,6,6,6,6,4,6,5,6,6,Leno,4,6,6,6
11/11/2018 12:40,Mkhitaryan,8,6,6,5,5,6,4,5,5,5,5,Leno,0,5,5,5
11/11/2018 12:40,Mkhitaryan,9,5,8,6,7,8,9,,7,6,6,Xhaka,2,6,6,6
11/11/2018 12:40,Mkhitaryan,10,6,8,4,7,9,3,7,6,6,6,Leno,0,8,8,8
11/11/2018 12:41,Mkhitaryan,9,4,7,6,5,6,6,4,5,5,5,Leno,6,6,6,6
11/11/2018 12:42,Mkhitaryan,9,7,7,7,7,7,8,8,7,6,6,,7,7,8,7
11/11/2018 12:42,Mkhitaryan,10,6,5,3,5,7,7,7,4,5,5,Leno,5,6,6,5
11/11/2018 12:42,Mkhitaryan,10,5,7,5,6,7,3,4,4,4,7,Leno,6,6,4,5
11/11/2018 12:43,Mkhitaryan,10,3,6,7,5,9,6,7,3,3,3,Leno,4,7,7,8
11/11/2018 12:44,Mkhitaryan,10,5,5,6,6,8,8,6,6,6,6,Leno,0,7,7,6
11/11/2018 12:45,Mkhitaryan,9,6,6,6,6,7,5,5,5,5,5,Torreira,2,6,5,6
11/11/2018 12:46,Mkhitaryan,10,3,6,5,4,8,0,5,5,5,5,Leno,0,6,6,5
11/11/2018 12:46,Mkhitaryan,9,5,8,8,7,8,6,7,6,6,6,Leno,3,7,7,7
11/11/2018 12:46,Mkhitaryan,10,,,,,,,,,,,,,,,
11/11/2018 12:46,Mkhitaryan,10,,,,,,,,,,,,,,,
11/11/2018 12:46,Mkhitaryan,9,2,4,3,9,9,5,6,3,4,5,Torreira,4,7,7,7
11/11/2018 12:46,Mkhitaryan,9,5,6,5,6,7,6,4,5,5,4,Leno,3,7,6,5
11/11/2018 12:46,Mkhitaryan,9,6,6,6,5,7,7,5,6,5,5,Leno,3,6,6,5
11/11/2018 12:46,Mkhitaryan,,,,,,,,,,,,,,,,
11/11/2018 12:47,Mkhitaryan,10,6,6,5,6,6,5,5,5,4,4,Leno,2,6,5,5
11/11/2018 12:47,Mkhitaryan,10,5,7,6,8,8,3,6,6,5,6,Leno,5,7,7,6
11/11/2018 12:47,Mkhitaryan,9,6,6,6,6,8,6,6,6,6,6,Mkhitaryan,5,6,9,6
11/11/2018 12:47,Mkhitaryan,,,,,,,,,,,,,,,,
11/11/2018 12:48,Mkhitaryan,8,4,7,5,5,7,4,5,5,4,4,Leno,6,6,5,5
11/11/2018 12:49,Mkhitaryan,8,6,6,6,5,6,5,5,6,6,5,Mkhitaryan,3,7,7,6
11/11/2018 12:51,Mkhitaryan,9,3,5,4,5,8,6,6,6,5,5,Leno,3,7,7,6
11/11/2018 12:53,Mkhitaryan,10,5,7,7,5,8,6,7,7,7,8,Leno,6,8,8,7
11/11/2018 12:54,Mkhitaryan,9,6,7,3,5,7,6,8,5,3,4,Leno,0,6,6,5
11/11/2018 12:55,Mkhitaryan,10,3,6,5,5,7,6,6,5,5,5,Leno,0,6,7,6
11/11/2018 12:56,Mkhitaryan,10,3,8,5,6,9,4,5,5,2,4,Leno,3,8,6,7
11/11/2018 12:56,Mkhitaryan,10,3,8,7,5,6,5,6,5,4,6,Leno,6,6,7,6
11/11/2018 12:57,Mkhitaryan,9,1,7,5,5,9,2,6,6,4,3,Leno,2,6,7,6
11/11/2018 12:58,Mkhitaryan,9,6,7,5,6,7,3,6,4,4,5,Leno,2,5,6,5
11/11/2018 12:59,Mkhitaryan,7,5,4,4,6,7,0,3,5,4,4,Mkhitaryan,6,2,7,5
11/11/2018 12:59,Mkhitaryan,7,5,4,4,6,7,0,3,5,4,4,Mkhitaryan,6,2,7,5
11/11/2018 13:00,Mkhitaryan,9,5,5,5,5,6,4,6,2,3,4,Leno,0,5,7,5
11/11/2018 13:01,Mkhitaryan,10,3,7,5,5,7,6,4,4,5,5,Leno,0,5,7,5
11/11/2018 13:02,Mkhitaryan,,,,,,,,,,,,,,,,
11/11/2018 13:02,Mkhitaryan,10,3,7,6,6,10,4,6,6,6,6,Leno,0,6,6,5
11/11/2018 13:03,Mkhitaryan,10,6,7,7,6,8,7,7,6,5,5,Leno,0,6,6,6
11/11/2018 13:03,Mkhitaryan,9,5,5,5,5,6,4,5,5,5,5,Leno,0,5,7,5
11/11/2018 13:04,Mkhitaryan,9,6,7,5,5,7,5,6,5,5,5,Leno,0,6,7,6
11/11/2018 13:05,Mkhitaryan,9,5,7,3,4,7,3,6,4,3,4,Leno,2,7,6,5
11/11/2018 13:06,Mkhitaryan,9,3,6,5,6,7,4,7,5,5,6,Leno,4,5,6,5
11/11/2018 13:09,Mkhitaryan,10,4,7,6,6,9,4,5,5,4,5,Leno,3,6,7,6
11/11/2018 13:09,Mkhitaryan,8,0,3,2,4,6,0,5,3,3,4,Leno,5,6,6,4
11/11/2018 13:10,Mkhitaryan,10,4,6,3,5,7,4,3,6,3,5,Leno,1,7,7,5
11/11/2018 13:10,Mkhitaryan,5,4,6,4,4,7,3,3,6,4,4,,4,5,6,5
11/11/2018 13:14,Mkhitaryan,,,,,,,,,,,,,,,,
11/11/2018 13:14,Mkhitaryan,,,,,,,,,,,,,,,,
11/11/2018 13:15,Mkhitaryan,10,7,7,7,7,8,6,6,7,7,7,Leno,5,7,8,6
11/11/2018 13:15,Maitland-Niles,,,,,,,,,,,,,,,,
11/11/2018 13:16,Mkhitaryan,10,6,6,5,7,8,0,6,6,6,6,Leno,,7,8,6
11/11/2018 13:17,Mkhitaryan,,,,,,,,,,,,,,,7,5
11/11/2018 13:18,Mkhitaryan,10,6,6,5,7,8,0,6,6,6,6,Leno,,7,8,6
11/11/2018 13:20,Mkhitaryan,8,3,6,6,5,7,4,7,6,6,6,Leno,3,6,7,8
11/11/2018 13:20,Mkhitaryan,8,6,6,7,7,8,6,5,6,8,8,Mkhitaryan,6,6,10,8
11/11/2018 13:20,Mkhitaryan,10,7,6,5,6,7,5,6,5,4,5,Leno,0,6,7,6
11/11/2018 13:20,Mkhitaryan,9,4,5,5,5,6,4,7,5,4,5,Leno,3,6,6,5
11/11/2018 13:20,Mkhitaryan,10,5,7,7,6,8,4,4,5,4,6,Leno,6,6,6,5
11/11/2018 13:22,Mkhitaryan,10,4,6,5,6,6,4,8,6,5,5,Leno,,,,
11/11/2018 13:23,Mkhitaryan,9,3,6,2,6,5,5,4,7,6,5,Leno,6,6,8,7
11/11/2018 13:23,Mkhitaryan,9,2,5,5,4,6,4,4,3,2,5,Leno,,6,5,6
11/11/2018 13:23,Mkhitaryan,10,4,6,5,6,6,6,6,6,5,6,Leno,3,6,6,6
11/11/2018 13:24,Mkhitaryan,9,3,7,6,5,7,6,4,4,2,4,Leno,1,5,6,6
11/11/2018 13:25,Mkhitaryan,9,5,6,6,6,7,5,6,6,5,6,Leno,5,6,6,6
11/11/2018 13:26,Mkhitaryan,,,,,,,,,,,,,,,,
11/11/2018 13:26,Mkhitaryan,9,4,6,5,7,7,5,4,5,5,6,Leno,,7,7,5
11/11/2018 13:29,Mkhitaryan,10,4,7,6,6,8,5,6,5,4,4,Leno,6,7,6,6
11/11/2018 13:30,Mkhitaryan,8,3,4,4,5,7,4,3,5,4,5,Leno,,,,
11/11/2018 13:31,Mkhitaryan,10,3,5,4,9,8,4,7,7,5,5,,6,7,6,2
11/11/2018 13:33,Mkhitaryan,10,2,9,7,7,9,5,4,4,4,6,Leno,2,3,4,2
11/11/2018 13:33,Mkhitaryan,9,5,7,6,6,7,6,5,5,5,6,Leno,0,6,7,7
11/11/2018 13:34,Mkhitaryan,8,6,6,5,6,7,6,4,4,5,5,Mkhitaryan,6,6,8,8
11/11/2018 13:35,Mkhitaryan,9,3,6,3,3,8,4,5,4,4,5,Leno,5,7,7,6
11/11/2018 13:39,Mkhitaryan,10,5,6,6,6,7,6,5,5,4,4,Leno,5,6,5,5
11/11/2018 13:43,Mkhitaryan,10,4,6,4,6,8,3,5,5,5,5,Leno,3,6,7,5
11/11/2018 13:50,Mkhitaryan,9,5,6,6,5,6,3,6,5,5,6,Leno,1,6,6,6
11/11/2018 13:52,Mkhitaryan,9,7,6,6,6,6,5,6,6,6,6,Leno,6,6,7,6
11/11/2018 13:59,Mkhitaryan,8,5,6,5,7,7,7,7,6,6,6,Leno,1,6,6,6
,,,,,,,,,,,,,,,,,
,,9.19,4.34,6.06,5.19,5.63,7.09,4.67,5.24,5.03,4.5,4.99,,2.91,6.23,6.67,5.62