Timestamp,Who scored Arsenal's first goal?,Leno,Monreal üÖê,Koscielny,Xhaka,Lichtsteiner,Beller√≠n,Guendouzi,Torreira ,Mkhitaryan ‚öΩÔ∏è‚öΩÔ∏è,Iwobi,Aubameyang ,Man of the Match,Referee Chris Kavanagh,Lacazette üÖê (on at 45'),Maitland-Niles (on at 74'),√ñzil (on at 70')
12/16/2018 9:12:18,Mkhitaryan,6,6,6,6,6,6,6,6,6,6,6,Mkhitaryan,6,6,6,6
12/16/2018 9:25:24,Mkhitaryan,3,5,3,6,7,7,6,6,7,6,5,,7,7,7,7
12/16/2018 9:25:34,Mkhitaryan,4,6,0,5,5,4,4,8,8,5,4,Mkhitaryan,0,6,3,5
12/16/2018 9:25:36,Mkhitaryan,4,5,1,5,5,5,6,6,8,4,6,Mkhitaryan,0,7,6,6
12/16/2018 9:25:44,Mkhitaryan,4,6,7,6,6,6,6,8,8,7,6,Mkhitaryan,7,7,5,5
12/16/2018 9:26:03,Mkhitaryan,2,5,4,4,5,4,6,6,7,5,4,,2,4,5,2
12/16/2018 9:26:14,Mkhitaryan,6,5,2,4,5,6,6,7,7,7,5,Mkhitaryan,2,7,5,5
12/16/2018 9:26:15,Mkhitaryan,0,0,0,0,0,0,0,0,0,0,0,Mkhitaryan,0,0,0,0
12/16/2018 9:26:18,Mkhitaryan,6,7,5,6,5,5,7,7,9,7,6,Mkhitaryan,7,7,7,6
12/16/2018 9:26:23,Mkhitaryan,5,5,5,5,6,5,6,7,8,4,7,Mkhitaryan,0,7,5,6
12/16/2018 9:26:26,Mkhitaryan,1,6,1,5,5,6,6,7,9,5,5,Mkhitaryan,1,,5,4
12/16/2018 9:26:35,Mkhitaryan,6,7,6,6,6,6,6,8,8,6,7,Torreira,4,7,6,6
12/16/2018 9:26:38,Mkhitaryan,4,6,6,6,6,6,6,6,7,6,7,Mkhitaryan,6,6,6,7
12/16/2018 9:26:58,Mkhitaryan,5,5,4,6,5,7,4,7,9,6,6,Mkhitaryan,6,7,5,5
12/16/2018 9:26:59,Mkhitaryan,4,5,0,5,3,4,6,6,7,2,2,Mkhitaryan,1,4,6,5
12/16/2018 9:27:04,Mkhitaryan,4,5,3,6,5,5,5,6,7,5,4,Mkhitaryan,2,6,6,5
12/16/2018 9:27:13,Mkhitaryan,0,1,0,3,4,4,3,5,6,0,0,Mkhitaryan,4,4,4,0
12/16/2018 9:27:37,Mkhitaryan,3,4,3,3,3,6,7,7,6,4,4,Guendouzi,5,6,6,6
12/16/2018 9:27:44,Mkhitaryan,3,2,2,2,5,6,3,6,7,5,6,Lacazette,4,8,5,6
12/16/2018 9:27:44,Mkhitaryan,4,6,4,6,4,4,4,4,7,5,6,Mkhitaryan,4,4,4,4
12/16/2018 9:27:45,Mkhitaryan,4,7,5,5,5,6,6,6,9,8,7,Mkhitaryan,8,8,6,6
12/16/2018 9:27:52,Mkhitaryan,5,6,4,5,6,6,6,6,7,5,6,Mkhitaryan,2,6,5,5
12/16/2018 9:27:55,Mkhitaryan,2,5,4,5,6,6,7,7,8,7,6,Mkhitaryan,6,6,6,7
12/16/2018 9:27:58,Mkhitaryan,3,6,1,4,3,6,5,7,7,6,4,Lacazette,7,8,5,5
12/16/2018 9:28:00,Mkhitaryan,2,2,1,4,4,3,1,4,7,6,1,Mkhitaryan,0,5,4,0
12/16/2018 9:28:02,Mkhitaryan,4,6,4,4,2,6,6,7,6,4,4,Torreira,1,7,6,5
12/16/2018 9:28:07,Mkhitaryan,3,4,1,6,6,6,7,7,8,5,4,,8,8,6,3
12/16/2018 9:28:11,Sokratis,,,,,,,,,,,,,,,,
12/16/2018 9:28:12,Mkhitaryan,3,4,1,6,6,6,7,7,8,5,4,,8,8,6,3
12/16/2018 9:28:21,Mkhitaryan,4,7,3,7,6,7,3,6,9,6,6,Mkhitaryan,7,6,1,4
12/16/2018 9:28:24,Mkhitaryan,3,5,4,5,4,6,6,6,7,6,5,Mkhitaryan,6,7,5,6
12/16/2018 9:28:34,Mkhitaryan,3,4,0,2,2,3,5,5,6,2,1,Mkhitaryan,3,5,4,0
12/16/2018 9:28:37,Mkhitaryan,4,6,4,5,4,6,5,6,6,6,4,Mkhitaryan,3,5,5,4
12/16/2018 9:28:39,Mkhitaryan,4,7,5,5,4,5,6,7,8,6,6,Mkhitaryan,6,6,6,6
12/16/2018 9:28:43,Mkhitaryan,4,6,5,5,5,6,5,5,6,6,6,Mkhitaryan,2,7,3,3
12/16/2018 9:28:43,Mkhitaryan,2,4,3,3,4,3,2,4,6,1,1,Mkhitaryan,2,3,2,1
12/16/2018 9:28:53,Mkhitaryan,,,,,,,,,,,,,,,,
12/16/2018 9:28:57,Mkhitaryan,3,4,3,5,4,4,6,7,6,5,5,Torreira,7,5,5,5
12/16/2018 9:29:05,Mkhitaryan,5,4,0,5,4,3,5,5,6,3,3,Xhaka,5,5,4,4
12/16/2018 9:29:05,Mkhitaryan,5,5,4,4,5,5,6,7,10,6,7,Mkhitaryan,5,8,4,0
12/16/2018 9:29:08,Mkhitaryan,3,4,1,4,3,4,3,6,7,3,5,Mkhitaryan,5,4,4,4
12/16/2018 9:29:26,Mkhitaryan,5,7,7,6,6,7,7,7,7,7,6,Lacazette,0,8,6,7
12/16/2018 9:29:29,Mkhitaryan,10,5,9,3,2,7,1,1,8,4,1,Mkhitaryan,10,2,2,5
12/16/2018 9:29:33,Mkhitaryan,1,3,1,1,1,1,1,1,6,2,2,Leno,7,6,5,5
12/16/2018 9:29:43,Mkhitaryan,4,4,3,4,4,4,5,6,7,5,4,Mkhitaryan,6,6,5,5
12/16/2018 9:29:46,Mkhitaryan,5,6,6,6,6,5,7,7,8,6,5,Mkhitaryan,2,6,6,6
12/16/2018 9:29:50,Mkhitaryan,3,7,6,8,6,6,4,7,7,6,6,Mkhitaryan,0,7,7,5
12/16/2018 9:29:54,Mkhitaryan,5,4,0,4,5,5,5,6,7,0,2,Mkhitaryan,0,6,5,1
12/16/2018 9:30:15,Mkhitaryan,0,1,0,0,1,1,0,1,3,2,1,Mkhitaryan,0,0,0,0
12/16/2018 9:30:31,Mkhitaryan,4,6,5,4,4,6,5,6,8,6,6,Mkhitaryan,7,6,6,6
12/16/2018 9:30:37,Mkhitaryan,0,1,0,0,1,1,0,1,3,2,1,Mkhitaryan,0,0,0,0
12/16/2018 9:30:43,Mkhitaryan,3,5,2,4,3,5,6,7,8,4,6,Mkhitaryan,8,6,5,2
12/16/2018 9:31:03,Mkhitaryan,10,10,10,10,10,10,10,10,10,10,0,√ñzil,10,0,10,10
12/16/2018 9:31:10,Mkhitaryan,4,5,4,5,6,7,7,7,8,7,7,Mkhitaryan,10,7,5,
12/16/2018 9:31:10,Mkhitaryan,2,5,1,2,2,4,5,6,7,5,1,Mkhitaryan,5,4,4,2
12/16/2018 9:31:28,Mkhitaryan,3,6,1,7,5,6,6,8,7,5,6,Torreira,0,6,5,4
12/16/2018 9:31:33,Mkhitaryan,4,6,1,6,6,6,5,6,7,4,4,Mkhitaryan,3,6,6,5
12/16/2018 9:31:45,Mkhitaryan,5,6,5,5,4,6,6,6,6,5,5,Mkhitaryan,0,6,6,5
12/16/2018 9:31:50,Mkhitaryan,4,6,4,6,5,5,6,6,7,6,6,Mkhitaryan,5,6,6,5
12/16/2018 9:32:54,Mkhitaryan,4,5,2,3,4,5,4,7,9,6,6,Mkhitaryan,9,8,5,3
12/16/2018 9:33:03,Mkhitaryan,0,5,0,3,2,2,3,6,6,1,2,Mkhitaryan,2,8,5,3
12/16/2018 9:33:25,Mkhitaryan,5,5,5,5,5,5,5,6,7,5,6,Mkhitaryan,,6,5,5
12/16/2018 9:33:40,Mkhitaryan,5,6,5,5,5,5,5,5,7,5,5,Mkhitaryan,6,6,6,5
12/16/2018 9:33:46,Mkhitaryan,4,6,3,5,3,,4,7,6,6,5,Lacazette,2,8,6,4
12/16/2018 9:33:51,Mkhitaryan,3,3,2,5,3,4,5,6,8,7,4,Mkhitaryan,7,4,5,5
12/16/2018 9:33:58,Mkhitaryan,3,5,2,5,3,5,3,6,7,3,5,Mkhitaryan,6,7,5,2
12/16/2018 9:34:15,Mkhitaryan,2,3,0,6,4,5,4,6,6,6,3,Xhaka,5,5,7,3
12/16/2018 9:34:21,Mkhitaryan,5,5,1,6,6,6,6,8,7,6,6,Mkhitaryan,8,6,5,5
12/16/2018 9:34:42,Mkhitaryan,2,7,4,6,4,5,7,6,7,7,4,Lacazette,2,8,6,6
12/16/2018 9:35:03,Mkhitaryan,6,5,3,4,4,5,6,6,6,3,5,Mkhitaryan,5,6,5,5
12/16/2018 9:35:04,Mkhitaryan,6,6,1,5,5,6,6,8,7,6,6,Torreira,1,7,6,4
12/16/2018 9:35:09,Mkhitaryan,6,4,3,2,3,1,2,2,8,6,1,,10,6,6,2
12/16/2018 9:35:17,Mkhitaryan,3,2,1,2,2,3,3,5,5,3,4,Mkhitaryan,6,5,4,3
12/16/2018 9:35:17,Mkhitaryan,6,6,4,5,5,5,7,7,7,5,6,Mkhitaryan,6,7,6,4
12/16/2018 9:35:34,Mkhitaryan,1,4,2,3,5,5,4,7,6,4,6,Torreira,6,6,5,5
12/16/2018 9:35:34,Mkhitaryan,5,6,5,6,3,6,7,7,6,4,6,Guendouzi,8,7,6,6
12/16/2018 9:35:42,Mkhitaryan,0,3,0,,2,5,4,6,6,2,3,Mkhitaryan,0,5,4,0
12/16/2018 9:35:55,Mkhitaryan,0,0,0,0,0,0,0,0,5,0,1,Mkhitaryan,9,1,0,0
12/16/2018 9:36:14,Mkhitaryan,0,0,0,0,0,0,0,6,8,0,1,Mkhitaryan,0,5,4,0
12/16/2018 9:36:37,Mkhitaryan,5,7,4,6,5,5,6,6,7,6,5,Mkhitaryan,6,5,6,5
12/16/2018 9:36:38,Mkhitaryan,3,5,2,2,4,6,7,7,8,5,6,Mkhitaryan,5,6,6,5
12/16/2018 9:37:02,Mkhitaryan,4,6,6,5,5,5,5,5,8,3,5,Mkhitaryan,0,5,5,1
12/16/2018 9:37:23,Mkhitaryan,4,4,1,4,3,5,4,5,5,4,4,Torreira,7,5,4,4
12/16/2018 9:37:57,Mkhitaryan,5,6,4,5,6,6,6,6,7,6,5,Lichtsteiner,2,6,6,4
12/16/2018 9:38:45,Mkhitaryan,3,4,5,6,4,6,4,2,6,6,5,Mkhitaryan,6,6,5,5
12/16/2018 9:39:18,Mkhitaryan,5,6,1,6,5,7,7,7,8,3,5,,,6,5,5
12/16/2018 9:39:31,Mkhitaryan,3,5,2,3,4,3,3,4,6,4,3,Mkhitaryan,7,5,3,4
12/16/2018 9:39:50,Mkhitaryan,0,0,0,0,0,0,0,0,7,0,0,Mkhitaryan,0,3,2,0
12/16/2018 9:39:51,Mkhitaryan,2,4,3,5,5,7,6,7,8,4,6,Mkhitaryan,7,7,6,6
12/16/2018 9:40:29,Mkhitaryan,1,4,3,7,4,6,4,10,10,4,2,Mkhitaryan,5,8,6,6
12/16/2018 9:40:43,Mkhitaryan,4,5,3,6,5,6,6,6,7,3,6,Mkhitaryan,5,6,5,3
12/16/2018 9:41:07,Mkhitaryan,3,5,1,5,5,5,4,5,6,4,4,Mkhitaryan,5,4,4,4
12/16/2018 9:41:30,Mkhitaryan,,,,,,,,,,,,,,,,
12/16/2018 9:41:34,Mkhitaryan,4,5,5,5,5,5,7,6,8,6,5,Mkhitaryan,7,6,5,5
12/16/2018 9:41:34,Mkhitaryan,,,,,,,,,,,,,,,,
12/16/2018 9:41:44,Mkhitaryan,4,7,4,5,6,7,6,7,7,7,5,Lacazette,4,8,6,5
12/16/2018 9:43:28,Mkhitaryan,6,5,3,4,4,5,5,6,8,4,5,Mkhitaryan,5,7,5,4
12/16/2018 9:43:31,Mkhitaryan,4,5,2,6,6,5,6,6,8,7,7,Mkhitaryan,7,5,5,4
12/16/2018 9:44:22,Mkhitaryan,4,5,5,5,4,4,3,3,6,5,4,Mkhitaryan,3,5,4,5
12/16/2018 9:45:23,Mkhitaryan,4,6,0,5,5,7,5,7,7,6,2,Mkhitaryan,4,7,5,6
12/16/2018 9:45:39,Mkhitaryan,3,5,3,4,4,5,5,8,7,5,4,Torreira,6,6,4,3
12/16/2018 9:47:14,Mkhitaryan,3,4,5,6,4,6,4,2,6,6,5,Mkhitaryan,6,6,5,5
12/16/2018 9:47:55,Mkhitaryan,6,7,2,5,4,7,9,8,7,6,5,Guendouzi,1,7,5,0
12/16/2018 9:48:23,Mkhitaryan,6,7,7,7,7,7,6,7,8,7,7,Mkhitaryan,6,7,7,7
12/16/2018 9:48:52,Mkhitaryan,4,4,3,3,4,5,5,6,7,6,5,Mkhitaryan,7,6,4,4
12/16/2018 9:50:27,Mkhitaryan,2,6,2,4,4,5,6,7,8,5,6,Mkhitaryan,3,7,6,6
12/16/2018 9:51:57,Mkhitaryan,2,5,2,6,6,5,7,7,7,6,6,Guendouzi,0,7,5,2
12/16/2018 9:52:17,Mkhitaryan,3,3,1,4,3,5,6,6,8,4,4,Mkhitaryan,5,6,6,2
12/16/2018 9:53:04,Mkhitaryan,3,3,1,4,3,5,6,6,8,4,4,Mkhitaryan,5,6,6,2
12/16/2018 9:54:21,Mkhitaryan,4,5,1,3,4,5,7,6,7,5,6,Guendouzi,4,7,5,5
12/16/2018 9:55:01,Mkhitaryan,3,5,2,3,4,5,6,7,7,6,7,Mkhitaryan,6,7,5,4
12/16/2018 9:55:12,Mkhitaryan,3,5,2,3,3,5,4,5,7,2,2,Mkhitaryan,3,7,3,2
12/16/2018 9:55:19,Mkhitaryan,3,5,2,4,4,4,5,6,5,2,4,Lacazette,4,7,5,1
12/16/2018 9:57:15,Mkhitaryan,1,2,1,1,1,1,5,4,7,1,1,Mkhitaryan,7,5,4,3
12/16/2018 9:58:28,Mkhitaryan,4,5,2,6,4,5,5,7,9,2,4,Mkhitaryan,6,6,5,4
12/16/2018 9:59:23,Mkhitaryan,0,0,10,0,10,0,0,0,10,0,0,Lichtsteiner,6,5,6,10
12/16/2018 10:00:14,Mkhitaryan,5,4,1,7,4,5,5,5,6,5,4,Xhaka,3,5,4,1
12/16/2018 10:01:25,Mkhitaryan,8,8,3,6,5,5,5,8,8,4,7,Mkhitaryan,7,7,5,5
12/16/2018 10:01:28,Mkhitaryan,5,6,2,3,3,4,4,6,7,6,3,Mkhitaryan,6,6,3,4
12/16/2018 10:03:06,Mkhitaryan,1,2,0,2,3,5,3,6,7,3,2,Torreira,1,6,5,1
12/16/2018 10:03:28,Mkhitaryan,4,5,5,5,5,6,7,9,8,5,6,Torreira,7,6,6,4
12/16/2018 10:05:09,Sokratis,,,,,,,,,,,,,,,,
12/16/2018 10:06:23,Mkhitaryan,4,6,1,6,5,5,5,6,7,5,5,Mkhitaryan,7,7,5,6
12/16/2018 10:06:25,Mkhitaryan,6,5,3,5,4,5,5,6,7,6,6,Mkhitaryan,6,6,5,4
12/16/2018 10:06:45,Mkhitaryan,4,6,4,6,5,,6,6,8,6,5,,8,6,,6
12/16/2018 10:08:42,Mkhitaryan,3,6,3,4,5,4,4,6,7,5,5,Mkhitaryan,7,6,6,5
12/16/2018 10:09:01,Mkhitaryan,4,5,4,5,4,5,5,5,6,5,5,Mkhitaryan,6,6,5,4
12/16/2018 10:10:03,Mkhitaryan,4,5,5,5,4,4,5,6,7,5,6,Mkhitaryan,7,6,5,4
12/16/2018 10:12:08,Mkhitaryan,4,5,4,4,4,5,5,4,4,4,4,Lichtsteiner,0,4,4,4
12/16/2018 10:15:23,Mkhitaryan,,,,,,,,,,,,,,,,
12/16/2018 10:18:54,Mkhitaryan,5,4,4,3,4,5,6,6,6,4,6,Mkhitaryan,4,6,5,5
12/16/2018 10:19:11,Mkhitaryan,5,6,4,5,5,6,7,6,8,6,5,Mkhitaryan,7,6,6,5
12/16/2018 10:21:33,Mkhitaryan,5,5,4,6,6,6,6,6,6,6,5,Guendouzi,5,6,6,4
12/16/2018 10:24:49,Mkhitaryan,4,4,1,5,1,5,3,6,6,4,3,Lacazette,7,6,5,4
12/16/2018 10:28:07,Mkhitaryan,6,5,4,4,4,4,4,5,7,5,5,Mkhitaryan,5,5,5,4
12/16/2018 10:28:32,Mkhitaryan,5,6,4,3,5,6,3,7,7,3,4,Torreira,7,2,5,4
12/16/2018 10:29:13,Mkhitaryan,0,5,0,3,4,5,4,6,6,4,4,Mkhitaryan,0,5,4,0
12/16/2018 10:30:01,Mkhitaryan,3,2,2,5,4,5,5,5,5,2,3,Xhaka,3,4,3,3
12/16/2018 10:32:00,Mkhitaryan,5,4,2,4,4,4,4,5,6,4,4,Mkhitaryan,5,7,5,3
12/16/2018 10:32:13,Mkhitaryan,5,7,4,7,5,6,5,6,8,4,5,Mkhitaryan,10,5,7,2
12/16/2018 10:34:11,Mkhitaryan,4,6,3,5,5,5,6,6,7,5,5,Mkhitaryan,2,6,4,2
12/16/2018 10:34:13,Mkhitaryan,5,6,3,5,5,4,6,6,7,5,4,Mkhitaryan,7,6,7,6
12/16/2018 10:37:02,Mkhitaryan,7,8,5,5,4,6,8,10,9,8,7,Mkhitaryan,4,9,7,5
12/16/2018 10:37:26,Mkhitaryan,4,7,5,6,5,5,6,7,9,6,6,Mkhitaryan,,6,6,5
12/16/2018 10:44:18,Mkhitaryan,5,6,2,4,4,6,4,5,7,5,5,Mkhitaryan,6,6,5,5
12/16/2018 10:45:47,Mkhitaryan,5,6,4,5,6,6,6,7,8,6,7,Mkhitaryan,7,7,6,5
12/16/2018 10:46:25,Mkhitaryan,,,,,,,,,,,,,,,,
12/16/2018 10:46:41,Mkhitaryan,5,6,5,5,5,5,5,5,7,5,5,Mkhitaryan,5,6,5,5
12/16/2018 10:51:49,Mkhitaryan,3,6,1,3,3,5,5,5,7,4,3,Mkhitaryan,5,5,5,2
12/16/2018 10:53:43,Mkhitaryan,3,4,3,3,3,4,3,7,6,5,6,Torreira,6,6,6,3
12/16/2018 10:59:51,Mkhitaryan,5,6,5,7,5,5,6,5,6,5,5,Xhaka,4,6,5,6
12/16/2018 11:00:00,Sokratis,,,,,,,,,,,,,,,,
12/16/2018 11:00:02,Mkhitaryan,0,7,0,8,6,7,8,7,9,6,7,Mkhitaryan,8,7,5,5
12/16/2018 11:00:08,Sokratis,,,,,,,,,,,,,,,,
12/16/2018 11:13:51,Mkhitaryan,3,5,4,4,4,5,5,5,5,5,3,Mkhitaryan,0,5,5,4
12/16/2018 11:23:38,Mkhitaryan,3,5,7,6,,4,6,6,8,6,6,Mkhitaryan,,6,4,2
12/16/2018 11:24:13,Mkhitaryan,,,,,,,,,,,,,,,,
12/16/2018 11:25:53,Mkhitaryan,0,0,0,0,0,0,0,0,0,0,0,Mkhitaryan,0,0,0,0
12/16/2018 11:26:33,Mkhitaryan,4,5,3,5,5,6,6,6,7,6,6,Guendouzi,7,6,5,3
12/16/2018 11:26:34,Mkhitaryan,5,6,5,5,5,6,6,6,8,6,6,Mkhitaryan,6,6,6,6
12/16/2018 11:29:41,Mkhitaryan,,,,,,,,,,,,,,,,
12/16/2018 11:39:12,Mkhitaryan,6,6,4,6,5,5,5,6,7,5,5,Lacazette,5,6,5,5
12/16/2018 11:53:24,Mkhitaryan,4,5,2,3,5,4,5,6,7,4,4,Mkhitaryan,5,6,5,2
12/16/2018 11:55:29,Mkhitaryan,3,5,0,3,1,2,4,5,7,2,1,Mkhitaryan,3,4,4,1
12/16/2018 12:04:43,Mkhitaryan,,,,,,,,,,,,,,,,
12/16/2018 12:05:01,Mkhitaryan,7,6,4,5,5,5,6,6,6,4,5,Leno,3,7,5,5
12/16/2018 12:06:50,Mkhitaryan,2,5,1,3,4,5,5,7,6,2,2,Torreira,4,6,6,0
12/16/2018 12:13:11,Mkhitaryan,0,0,0,1,3,2,3,3,1,0,2,Lacazette,0,0,1,0
12/16/2018 12:15:48,Mkhitaryan,4,6,4,5,5,5,5,5,5,4,5,Mkhitaryan,5,6,5,5
12/16/2018 12:44:49,Mkhitaryan,5,6,4,4,4,5,5,6,7,4,5,Mkhitaryan,6,6,6,4
12/16/2018 12:50:32,Mkhitaryan,5,6,4,5,5,4,5,6,8,6,5,Mkhitaryan,5,6,6,6
12/16/2018 12:53:52,Mkhitaryan,5,6,3,6,5,5,5,5,6,5,6,Mkhitaryan,9,6,5,4
12/16/2018 12:56:17,Mkhitaryan,1,5,3,4,5,6,7,6,7,6,6,Mkhitaryan,3,5,6,3
12/16/2018 13:02:36,Mkhitaryan,5,6,1,6,4,6,7,8,8,7,6,Mkhitaryan,0,5,5,4
12/16/2018 13:03:09,Mkhitaryan,5,5,4,6,3,5,7,7,7,7,5,,10,7,7,6
12/16/2018 13:03:11,Mkhitaryan,0,0,0,0,0,0,0,0,0,0,0,Mkhitaryan,0,0,0,0
12/16/2018 13:08:44,Mkhitaryan,5,4,0,5,4,5,6,6,7,5,5,Mkhitaryan,0,5,5,5
12/16/2018 13:09:51,Mkhitaryan,5,6,4,5,5,7,7,7,7,6,5,Mkhitaryan,6,6,6,6
12/16/2018 13:17:23,Mkhitaryan,0,0,0,0,0,0,0,0,0,0,0,Leno,10,0,0,0
12/16/2018 13:20:28,Mkhitaryan,5,6,2,6,3,6,5,6,7,4,5,Mkhitaryan,3,7,6,3
12/16/2018 13:21:52,Mkhitaryan,3,5,3,4,4,4,4,6,8,5,5,Mkhitaryan,7,6,5,4
12/16/2018 13:24:24,Mkhitaryan,4,2,4,4,4,5,5,6,6,3,4,Mkhitaryan,8,7,6,6
12/16/2018 13:26:11,Mkhitaryan,5,5,3,5,4,5,6,5,6,4,6,Mkhitaryan,6,6,5,3
12/16/2018 13:34:58,Mkhitaryan,6,6,4,5,6,6,5,7,7,5,6,Mkhitaryan,6,6,5,5
12/16/2018 13:51:47,Mkhitaryan,5,6,0,5,4,4,6,7,7,3,3,Mkhitaryan,8,5,4,3
12/16/2018 13:52:40,Mkhitaryan,,,,,,,,,,,,,,,,0
12/16/2018 13:55:18,Mkhitaryan,4,6,3,4,3,4,5,6,7,4,6,Monreal,5,7,5,5
12/16/2018 14:07:27,Mkhitaryan,5,7,3,5,5,6,6,6,8,4,5,Mkhitaryan,1,6,6,2
12/16/2018 14:12:08,Mkhitaryan,6,7,4,6,6,6,6,6,8,6,,Mkhitaryan,,5,5,5
12/16/2018 14:22:20,Mkhitaryan,2,4,4,5,5,5,6,6,7,5,5,Mkhitaryan,4,5,5,4
12/16/2018 14:25:47,Mkhitaryan,6,7,3,5,6,6,6,6,8,7,5,Mkhitaryan,5,7,7,6
12/16/2018 14:33:24,Mkhitaryan,5,7,5,7,6,7,7,7,8,7,7,Mkhitaryan,5,8,7,5
12/16/2018 14:38:31,Mkhitaryan,6,6,4,3,2,4,5,6,8,6,7,Mkhitaryan,5,6,4,6
12/16/2018 14:38:33,Mkhitaryan,2,3,1,0,0,2,4,4,6,6,5,Iwobi,7,6,5,3
12/16/2018 14:54:38,Mkhitaryan,5,6,3,5,3,3,5,6,7,7,5,Mkhitaryan,5,7,5,6
12/16/2018 14:55:28,Mkhitaryan,4,6,1,5,5,3,3,6,7,3,5,√ñzil,0,5,1,10
,,,,,,,,,,,,,,,,,
,,3.75,4.93,2.88,4.47,4.20,4.83,4.97,5.79,6.88,4.62,4.49,,4.63,5.74,4.92,3.98