Timestamp,Who scored Arsenal's first goal?,Leno,Kola코inac,Lichtsteiner,Koscielny,Sokratis,Xhaka,Torreira,Guendouzi,칐zil,Aubameyang 丘쬂잺,Lacazette 游,Man of the Match,Referee Anthony Taylor,Iwobi (on at 45'),Ramsey (on at 62'),Maitland-Niles (on at 70')
12/25/2018 18:59:49,Lacazette,6,6,6,6,6,6,6,6,6,6,6,칐zil,6,6,6,6
12/26/2018 13:08:00,Aubameyang,7,6,3,5,6,5,5,6,2,7,5,Aubameyang,6,5,6,5
12/26/2018 13:08:04,Aubameyang,7,6,2,6,5,5,6,7,7,7,7,Guendouzi,6,5,3,3
12/26/2018 13:08:16,Aubameyang,2,3,0,4,3,5,5,2,0,7,6,Aubameyang,3,2,2,0
12/26/2018 13:08:31,Aubameyang,6,7,4,6,,7,6,7,5,7,7,Aubameyang,7,4,5,4
12/26/2018 13:08:35,Aubameyang,7,7,3,3,6,5,4,4,3,8,7,Aubameyang,3,5,6,7
12/26/2018 13:08:35,Aubameyang,6,4,2,7,8,7,6,5,6,8,6,Aubameyang,2,4,4,5
12/26/2018 13:08:41,Aubameyang,5,4,3,6,6,6,7,7,0,7,5,Aubameyang,8,4,2,5
12/26/2018 13:08:42,Aubameyang,5,4,3,3,5,0,3,4,0,6,4,Aubameyang,1,0,3,1
12/26/2018 13:08:43,Aubameyang,4,4,4,4,5,5,5,5,5,6,5,Aubameyang,5,4,5,4
12/26/2018 13:08:44,Aubameyang,5,5,5,5,5,5,5,6,5,7,5,Aubameyang,,5,6,5
12/26/2018 13:08:57,Aubameyang,3,5,1,3,3,4,5,5,3,6,5,Ramsey,5,5,6,4
12/26/2018 13:09:04,Aubameyang,7,5,5,7,7,5,5,6,4,7,7,Aubameyang,3,6,6,5
12/26/2018 13:09:06,Aubameyang,6,6,2,6,6,6,6,6,8,8,7,Aubameyang,5,4,7,6
12/26/2018 13:09:07,Aubameyang,5,5,3,5,5,6,5,5,4,6,6,Aubameyang,9,5,5,5
12/26/2018 13:09:12,Aubameyang,7,5,2,5,6,2,5,3,4,6,5,Leno,0,4,4,4
12/26/2018 13:09:14,Aubameyang,7,4,2,4,5,6,5,1,4,6,6,Aubameyang,6,2,2,4
12/26/2018 13:09:26,Aubameyang,2,2,2,4,5,2,3,4,0,5,5,Lacazette,0,1,1,1
12/26/2018 13:09:26,Aubameyang,5,6,4,6,6,6,6,6,5,7,6,Aubameyang,5,5,5,4
12/26/2018 13:09:30,Aubameyang,0,0,0,0,0,1,0,0,0,0,0,Maitland-Niles,0,0,0,0
12/26/2018 13:09:33,Aubameyang,6,6,6,6,7,,6,5,5,7,6,,4,5,5,6
12/26/2018 13:09:33,Aubameyang,3,5,4,4,5,5,5,5,4,6,6,Sokratis,6,4,4,3
12/26/2018 13:09:50,Aubameyang,6,4,2,5,7,5,5,4,6,6,7,Lacazette,6,4,6,5
12/26/2018 13:09:59,Aubameyang,6,5,4,5,5,5,7,4,4,6,6,Aubameyang,5,4,5,3
12/26/2018 13:10:02,Aubameyang,3,6,0,5,7,6,7,2,6,8,8,Aubameyang,0,1,4,3
12/26/2018 13:10:03,Aubameyang,6,5,0,5,6,5,7,6,3,8,9,Aubameyang,6,6,6,8
12/26/2018 13:10:20,Aubameyang,7,6,4,7,7,7,7,4,5,7,7,Aubameyang,6,6,6,6
12/26/2018 13:10:26,Aubameyang,0,0,0,0,0,0,0,0,0,1,0,Aubameyang,0,0,0,0
12/26/2018 13:10:27,Aubameyang,5,5,4,5,6,5,6,5,4,7,6,Aubameyang,3,3,5,1
12/26/2018 13:10:29,Aubameyang,8,7,2,5,7,7,7,6,6,8,8,Aubameyang,5,5,4,6
12/26/2018 13:10:30,Aubameyang,7,6,2,3,5,6,7,6,6,8,7,Kola코inac,1,5,5,4
12/26/2018 13:11:14,Aubameyang,5,5,0,4,5,4,5,1,0,6,5,Aubameyang,0,3,4,2
12/26/2018 13:11:16,Aubameyang,5,4,0,3,4,4,6,4,0,7,6,Aubameyang,4,0,0,0
12/26/2018 13:11:30,Aubameyang,5,4,3,3,4,4,4,2,2,6,5,Aubameyang,6,5,4,4
12/26/2018 13:11:50,Aubameyang,10,8,5,5,8,8,6,6,4,8,6,Leno,,,,
12/26/2018 13:11:53,Aubameyang,6,2,2,2,6,3,3,1,4,5,4,Sokratis,4,1,2,2
12/26/2018 13:11:56,Aubameyang,7,7,5,8,7,7,7,7,7,8,9,Lacazette,6,7,7,5
12/26/2018 13:11:56,Aubameyang,7,4,1,5,6,4,5,5,5,7,7,Lacazette,6,0,5,0
12/26/2018 13:12:03,Aubameyang,5,,3,6,6,5,6,6,5,7,6,Aubameyang,5,5,5,5
12/26/2018 13:12:04,Aubameyang,5,6,3,6,6,6,6,5,6,7,6,Aubameyang,5,5,6,6
12/26/2018 13:12:10,Aubameyang,5,5,2,4,6,6,6,6,5,6,7,Lacazette,2,5,5,4
12/26/2018 13:12:24,Aubameyang,0,0,0,0,0,0,0,0,10,10,10,Aubameyang,0,0,0,0
12/26/2018 13:12:24,Aubameyang,4,5,1,5,6,5,5,6,5,6,7,Lacazette,5,4,4,4
12/26/2018 13:12:25,Aubameyang,6,7,3,6,7,7,7,7,6,8,7,Aubameyang,6,7,7,7
12/26/2018 13:13:17,Aubameyang,5,5,4,5,5,5,5,5,4,5,6,Aubameyang,3,4,5,4
12/26/2018 13:13:55,Aubameyang,5,5,1,3,3,4,4,4,2,4,4,Kola코inac,3,1,4,2
12/26/2018 13:14:05,Aubameyang,7,6,1,6,7,7,6,7,6,7,6,Sokratis,5,2,2,5
12/26/2018 13:14:20,Aubameyang,5,4,3,3,5,5,7,1,2,7,6,Aubameyang,5,3,3,0
12/26/2018 13:14:27,Aubameyang,4,6,5,5,5,6,7,3,7,8,7,Aubameyang,6,2,7,1
12/26/2018 13:15:23,Aubameyang,5,4,4,4,5,5,5,6,4,6,5,Guendouzi,2,4,4,2
12/26/2018 13:16:05,Aubameyang,5,5,4,5,5,5,5,6,4,8,7,Aubameyang,3,5,5,4
12/26/2018 13:16:22,Aubameyang,5,5,3,5,6,4,5,4,4,8,6,Aubameyang,5,3,3,1
12/26/2018 13:16:48,Ramsey,,,,,,,,,,,,,,,,
12/26/2018 13:17:23,Aubameyang,4,5,3,4,5,6,6,4,4,4,6,,3,5,4,3
12/26/2018 13:17:27,Aubameyang,6,5,6,5,6,5,7,6,7,8,7,Aubameyang,5,4,5,4
12/26/2018 13:17:39,Aubameyang,6,5,2,5,6,5,6,6,4,7,7,Lacazette,5,2,5,2
12/26/2018 13:18:15,Aubameyang,5,5,2,3,5,5,5,4,4,7,6,Aubameyang,1,5,4,6
12/26/2018 13:18:20,Aubameyang,3,5,4,6,5,6,5,7,5,7,7,Aubameyang,8,2,8,1
12/26/2018 13:18:22,Aubameyang,7,5,5,5,5,5,5,5,5,6,6,Aubameyang,8,3,4,5
12/26/2018 13:19:40,Aubameyang,6,6,2,6,6,5,6,1,4,8,7,Aubameyang,0,1,4,2
12/26/2018 13:19:44,Aubameyang,4,5,2,3,4,5,6,5,5,6,6,Aubameyang,0,4,5,5
12/26/2018 13:20:41,Aubameyang,,,,,,,,,,,,,,,,
12/26/2018 13:20:47,Aubameyang,0,0,0,0,0,0,0,0,0,1,0,칐zil,0,0,0,0
12/26/2018 13:20:57,Aubameyang,5,6,4,5,7,5,5,4,3,6,6,Sokratis,7,5,5,3
12/26/2018 13:21:07,Aubameyang,,,,,,,,,,,,,,,,
12/26/2018 13:21:11,Aubameyang,0,0,0,0,0,0,2,0,2,3,3,Lacazette,0,0,0,0
12/26/2018 13:21:18,Aubameyang,6,5,5,6,6,6,6,6,6,6,6,Aubameyang,7,5,6,6
12/26/2018 13:21:25,Aubameyang,3,6,0,3,6,4,4,7,5,8,6,Aubameyang,3,0,4,7
12/26/2018 13:21:50,Aubameyang,3,5,2,3,3,4,4,4,5,6,7,Lacazette,3,4,5,4
12/26/2018 13:23:39,Aubameyang,7,5,4,6,7,6,6,4,5,6,7,Sokratis,6,4,6,2
12/26/2018 13:23:54,Aubameyang,6,5,4,5,5,4,6,4,5,7,7,Aubameyang,7,4,6,4
12/26/2018 13:24:16,Aubameyang,7,5,2,6,6,6,5,7,0,8,8,Guendouzi,3,3,3,2
12/26/2018 13:24:17,Aubameyang,5,5,3,6,6,6,6,1,5,6,6,Aubameyang,4,4,5,5
12/26/2018 13:24:31,Aubameyang,7,5,4,6,7,6,6,4,5,6,7,Sokratis,6,4,6,2
12/26/2018 13:24:45,Aubameyang,7,8,4,5,6,6,6,5,6,8,8,Aubameyang,,5,5,2
12/26/2018 13:25:37,Aubameyang,6,6,5,7,6,6,7,7,5,7,6,Aubameyang,5,5,6,3
12/26/2018 13:25:49,Aubameyang,2,2,0,2,4,0,0,0,0,1,0,Aubameyang,0,0,0,0
12/26/2018 13:26:00,Aubameyang,2,2,0,2,4,0,0,0,0,1,0,Aubameyang,0,0,0,0
12/26/2018 13:26:23,Aubameyang,5,6,3,5,6,6,6,7,5,7,7,Lacazette,,5,6,4
12/26/2018 13:26:46,Aubameyang,6,5,2,6,6,6,5,5,5,6,7,Lacazette,4,5,6,6
12/26/2018 13:27:43,Aubameyang,6,4,2,6,6,5,5,3,5,7,7,Aubameyang,3,2,4,2
12/26/2018 13:28:10,Aubameyang,5,5,1,6,6,6,6,5,4,6,5,Aubameyang,5,4,3,3
12/26/2018 13:29:05,Aubameyang,5,5,4,6,8,5,5,5,5,6,6,Sokratis,8,5,6,6
12/26/2018 13:29:17,Aubameyang,5,4,2,3,3,4,5,3,5,6,2,,10,0,4,1
12/26/2018 13:29:26,Aubameyang,7,5,2,6,5,4,7,5,2,6,6,Torreira,8,2,3,0
12/26/2018 13:30:25,Aubameyang,0,0,0,0,0,0,0,0,10,9,0,칐zil,0,0,0,0
12/26/2018 13:31:46,Aubameyang,6,6,4,6,6,6,5,6,5,8,7,Aubameyang,3,5,5,6
12/26/2018 13:31:55,Aubameyang,7,6,0,7,6,5,7,5,5,6,5,Koscileny,4,5,5,5
12/26/2018 13:32:32,Aubameyang,0,0,0,0,0,0,0,0,10,9,0,칐zil,0,0,0,0
12/26/2018 13:32:37,Aubameyang,1,,,,,,,,,,,,,,,
12/26/2018 13:33:11,Aubameyang,6,6,4,7,7,6,6,5,6,7,8,Lacazette,5,5,4,4
12/26/2018 13:33:55,Aubameyang,0,0,0,0,0,0,0,0,10,9,10,칐zil,0,0,0,0
12/26/2018 13:33:59,Aubameyang,5,6,2,6,7,6,6,6,10,7,7,칐zil,0,0,0,4
12/26/2018 13:34:01,Aubameyang,5,5,3,5,5,4,5,4,4,6,5,Aubameyang,3,0,5,0
12/26/2018 13:34:22,Aubameyang,0,0,0,0,0,0,0,0,10,9,9,칐zil,0,0,0,0
12/26/2018 13:35:13,Aubameyang,6,7,3,0,7,6,7,4,7,7,7,칐zil,0,0,0,0
12/26/2018 13:35:48,Aubameyang,0,0,0,0,0,0,0,0,10,9,9,칐zil,0,0,0,0
12/26/2018 13:36:10,Aubameyang,0,0,0,0,0,0,0,0,10,9,9,칐zil,0,0,0,0
12/26/2018 13:37:12,Aubameyang,7,7,6,6,7,7,7,7,6,8,7,Aubameyang,7,7,6,6
12/26/2018 13:37:24,Aubameyang,0,0,0,0,0,0,0,0,10,9,9,칐zil,0,0,0,0
12/26/2018 13:37:52,Aubameyang,0,0,0,0,0,0,0,0,10,9,9,칐zil,0,0,0,0
12/26/2018 13:37:58,Aubameyang,4,6,3,6,6,5,7,5,6,7,8,Lacazette,8,6,5,7
12/26/2018 13:38:15,Aubameyang,,,,,,,,,,,,,,,,
12/26/2018 13:38:15,Aubameyang,0,0,0,0,0,0,0,0,10,9,9,칐zil,0,0,0,0
12/26/2018 13:38:25,Aubameyang,5,6,2,5,6,6,5,5,5,7,8,Lacazette,4,5,5,6
12/26/2018 13:38:42,Aubameyang,0,0,0,0,0,0,0,0,10,9,9,칐zil,0,0,0,0
12/26/2018 13:39:12,Aubameyang,3,5,1,4,6,6,6,4,5,7,6,Aubameyang,7,3,4,6
12/26/2018 13:41:08,Aubameyang,5,3,0,3,5,3,3,1,2,7,6,Aubameyang,3,1,1,1
12/26/2018 13:42:20,Aubameyang,7,6,4,5,6,7,6,6,6,8,7,Aubameyang,6,4,7,5
12/26/2018 13:44:32,Aubameyang,3,5,2,4,5,5,5,4,4,7,7,,,3,4,5
12/26/2018 13:44:38,Aubameyang,7,8,2,5,7,6,7,8,6,6,7,Guendouzi,5,6,6,7
12/26/2018 13:46:33,Aubameyang,0,6,0,5,6,4,3,3,5,6,6,,5,2,5,6
12/26/2018 13:47:33,Aubameyang,6,6,2,4,6,6,6,5,3,7,7,Aubameyang,3,2,2,4
12/26/2018 13:49:57,Aubameyang,5,5,3,6,6,5,6,4,5,7,7,Aubameyang,4,5,5,4
12/26/2018 13:54:59,Aubameyang,2,4,2,4,5,4,3,6,5,8,6,Aubameyang,8,5,4,1
12/26/2018 13:55:33,Aubameyang,7,6,5,5,6,6,7,5,6,7,8,Lacazette,0,5,5,5
12/26/2018 14:04:14,Aubameyang,6,4,4,6,7,5,7,5,5,7,7,Aubameyang,5,6,7,5
12/26/2018 14:04:21,Aubameyang,4,4,3,3,5,5,5,4,5,7,7,Aubameyang,7,6,6,6
12/26/2018 14:07:35,Aubameyang,5,6,2,4,6,5,4,4,5,6,5,Aubameyang,6,3,5,3
12/26/2018 14:10:17,Aubameyang,5,4,1,5,4,5,4,4,0,7,6,,6,2,4,0
12/26/2018 14:11:57,Aubameyang,5,3,5,4,5,5,6,3,3,5,5,Torreira,4,3,3,5
12/26/2018 14:12:51,Aubameyang,8,8,9,7,7,7,7,9,7,9,8,Guendouzi,6,7,7,9
12/26/2018 14:17:53,Aubameyang,,,,,,,,,10,,,,,,,
12/26/2018 14:18:17,Aubameyang,7,4,2,3,3,5,6,0,4,10,7,Aubameyang,,4,6,4
12/26/2018 14:26:34,Aubameyang,6,5,3,4,5,5,5,3,5,6,6,Aubameyang,8,3,3,2
12/26/2018 14:27:20,Aubameyang,5,5,1,3,5,4,5,3,2,7,7,Aubameyang,,3,5,1
12/26/2018 14:29:04,Aubameyang,4,4,4,5,4,4,5,5,5,6,6,Aubameyang,3,5,5,5
12/26/2018 14:41:33,Aubameyang,6,5,0,4,5,5,7,5,5,7,6,Torreira,4,1,3,2
12/26/2018 14:47:53,Aubameyang,7,7,8,6,6,7,8,7,6,7,9,Lacazette,,,6,7
12/26/2018 14:48:48,Aubameyang,5,6,6,6,7,6,3,5,6,8,7,Guendouzi,5,3,4,5
12/26/2018 14:51:58,Aubameyang,,,,,10,,,,,,,Sokratis,,,,
12/26/2018 14:55:47,Aubameyang,7,5,4,6,6,7,7,6,5,7,6,Aubameyang,8,5,6,6
12/26/2018 14:59:49,Aubameyang,8,7,6,7,7,7,7,6,6,7,7,,,,,
12/26/2018 15:02:19,Aubameyang,6,8,6,6,6,7,7,6,9,9,10,Lacazette,5,6,6,6
12/26/2018 15:03:23,Aubameyang,,,,,,,,,,7,7,Lacazette,,,,
12/26/2018 15:05:30,Aubameyang,6,4,3,3,6,4,5,4,5,7,6,Aubameyang,4,4,4,4
12/26/2018 15:06:19,Aubameyang,6,5,2,7,7,6,6,5,4,8,8,Lacazette,4,3,3,2
12/26/2018 15:07:32,Aubameyang,6,6,4,6,6,7,7,7,5,8,7,Aubameyang,4,4,5,5
12/26/2018 15:09:01,Aubameyang,5,5,1,6,6,6,5,5,5,6,6,Aubameyang,5,2,5,5
12/26/2018 15:09:59,Aubameyang,4,5,2,5,6,6,6,4,5,7,6,Aubameyang,6,5,6,6
12/26/2018 15:11:00,Aubameyang,6,5,4,3,6,5,6,4,5,7,7,Sokratis,6,4,5,5
12/26/2018 15:11:54,Aubameyang,5,5,3,4,5,4,5,4,5,6,7,Lacazette,4,4,3,3
12/26/2018 15:19:51,Aubameyang,5,7,3,,,7,6,7,5,7,7,Kola코inac,,,,
12/26/2018 15:22:15,Aubameyang,5,3,2,4,4,4,4,5,5,7,7,Aubameyang,4,4,3,2
12/26/2018 15:27:30,Aubameyang,6,6,5,7,7,6,7,6,6,7,7,Aubameyang,,6,6,5
12/26/2018 15:27:52,Aubameyang,6,6,5,7,7,6,7,6,6,7,7,Aubameyang,,6,6,5
12/26/2018 15:30:33,Aubameyang,6,6,5,7,7,6,7,6,6,7,7,Aubameyang,,6,6,5
12/26/2018 15:33:43,Aubameyang,5,4,4,4,4,2,3,1,3,6,6,,5,0,3,0
12/26/2018 15:38:08,Aubameyang,4,2,2,4,4,3,4,1,1,5,5,Aubameyang,0,1,2,2
12/26/2018 15:42:07,Aubameyang,5,4,2,3,6,4,6,6,3,8,7,Aubameyang,6,2,2,2
12/26/2018 15:43:14,Aubameyang,6,6,2,4,5,6,7,6,7,10,8,Aubameyang,,4,6,3
12/26/2018 15:45:31,Aubameyang,4,4,3,5,5,5,6,5,6,7,7,Aubameyang,4,4,4,3
12/26/2018 15:47:52,Aubameyang,,,,,,,,,,,,,,,,
12/26/2018 15:53:33,Aubameyang,7,8,5,6,7,6,7,6,6,8,7,Aubameyang,6,5,6,6
12/26/2018 15:57:09,Aubameyang,6,7,2,5,6,7,6,4,7,7,9,Lacazette,8,2,5,1
12/26/2018 16:00:49,Aubameyang,6,8,5,5,7,7,7,6,5,7,8,Lacazette,8,5,6,7
12/26/2018 16:14:10,Aubameyang,5,6,3,4,4,6,6,7,5,7,7,Aubameyang,7,4,6,5
12/26/2018 16:15:08,Aubameyang,0,3,0,0,3,1,5,0,0,10,10,Aubameyang,0,0,5,0
12/26/2018 17:09:10,Aubameyang,7,5,4,5,5,4,5,4,6,7,7,Aubameyang,9,5,5,5
12/26/2018 17:29:36,Aubameyang,4,5,3,5,5,5,5,7,6,7,7,Aubameyang,6,4,5,4
12/26/2018 17:36:52,Aubameyang,4,5,2,5,6,4,5,4,4,8,7,Aubameyang,3,3,4,3
12/26/2018 18:02:43,Aubameyang,6,6,5,6,6,6,6,6,6,7,7,,4,3,4,3
12/26/2018 18:15:18,Aubameyang,4,5,2,5,6,6,5,6,5,7,7,Aubameyang,5,4,6,5
12/26/2018 18:16:48,Aubameyang,5,5,4,5,6,6,5,5,6,6,6,Ramsey,8,5,6,5
12/26/2018 18:30:28,Aubameyang,6,7,2,6,6,6,6,5,5,7,7,Aubameyang,6,4,6,5
12/26/2018 18:43:50,Aubameyang,6,6,5,6,6,6,7,6,7,7,7,Aubameyang,6,5,5,3
12/26/2018 18:46:56,Aubameyang,6,6,5,7,7,7,6,5,7,6,8,Lacazette,4,7,2,6
12/26/2018 19:24:15,Aubameyang,6,6,3,5,6,5,5,6,5,8,8,Aubameyang,6,5,6,5
12/26/2018 20:06:26,Aubameyang,6,6,4,5,7,6,5,6,4,6,7,Xhaka,5,3,5,3
12/26/2018 20:24:33,Aubameyang,7,6,3,5,5,5,5,4,5,7,8,Lacazette,4,4,6,6
12/26/2018 20:53:46,Aubameyang,5,6,2,5,7,6,6,4,5,7,6,Aubameyang,7,4,5,5
12/26/2018 21:24:34,Aubameyang,5,4,0,5,5,5,5,3,5,7,6,Aubameyang,0,0,5,1
12/26/2018 21:26:01,Aubameyang,6,4,2,5,6,7,5,6,5,8,7,Aubameyang,8,5,5,2
12/26/2018 22:38:24,Aubameyang,4,6,1,4,5,4,4,5,7,8,6,Aubameyang,0,2,6,6
12/26/2018 22:39:42,Aubameyang,6,7,5,6,7,7,7,7,6,8,7,Sokratis,4,6,5,3
12/26/2018 23:24:25,Aubameyang,6,7,4,6,6,6,7,8,7,8,8,Guendouzi,5,5,6,6
12/27/2018 0:33:19,Aubameyang,5,6,5,6,6,6,6,6,6,8,7,Aubameyang,6,5,6,4
12/27/2018 0:34:23,Aubameyang,5,6,5,6,6,6,6,6,6,8,7,Aubameyang,6,5,6,4
12/27/2018 0:37:15,Aubameyang,6,5,4,5,6,5,5,4,5,5,6,Lacazette,6,5,5,4
12/27/2018 1:38:00,Aubameyang,6,5,3,5,6,4,4,4,3,7,7,Aubameyang,4,4,6,2
12/27/2018 1:49:52,Aubameyang,5,5,4,5,5,5,6,5,5,7,7,Aubameyang,5,5,5,5
12/27/2018 3:00:11,Aubameyang,7,6,4,6,7,6,7,7,7,9,8,Aubameyang,7,8,6,7
12/27/2018 3:07:53,Aubameyang,4,5,4,4,6,6,5,6,6,6,8,Lacazette,5,5,5,5
12/27/2018 4:36:09,Aubameyang,0,0,0,0,0,0,0,0,0,0,0,Lichtsteiner,10,0,0,0
12/27/2018 4:47:32,Aubameyang,2,6,1,6,4,3,5,5,4,7,8,Aubameyang,2,2,2,2
12/27/2018 6:25:04,Aubameyang,5,6,4,6,6,7,6,6,6,7,7,Xhaka,5,5,5,5
12/27/2018 6:53:49,Aubameyang,6,7,5,6,6,7,5,5,5,7,7,Aubameyang,,,,
12/27/2018 10:42:35,Aubameyang,,,,,,10,,,,,,,,,,
12/27/2018 11:00:40,Aubameyang,,,,,,,,,,,,,,,,
12/27/2018 12:50:34,Aubameyang,6,5,3,5,6,5,5,6,6,8,7,Aubameyang,5,5,6,4
12/27/2018 18:02:21,Aubameyang,7,7,4,4,5,5,5,4,5,7,6,Kola코inac,4,4,4,4
12/27/2018 18:02:52,Aubameyang,7,7,4,4,5,5,5,4,5,7,6,Kola코inac,4,4,4,4
12/28/2018 9:35:43,Aubameyang,5,6,2,3,6,7,6,7,6,6,8,Lacazette,4,6,7,7
12/28/2018 13:21:32,Aubameyang,6,4,3,6,6,5,6,5,4,6,5,Torreira,5,4,5,4
12/28/2018 21:21:04,Aubameyang,,,,,,,,,,,,,,,,
,,,,,,,,,,,,,,,,,
,,4.9,4.85,2.77,4.5,5.23,4.84,5.08,4.42,4.93,6.84,6.44,,4.24,3.48,4.24,3.53