Timestamp,Who scored our first goal?,Martinez,Jenkinson,Sokratis,Koscielny,Maitland-Niles,Elneny,Willock,Saka,√ñzil üÖê,Lacazette ‚öΩÔ∏è,Nketiah,Man of the Match,Referee Jens Maae (DEN),Medley (on at 63'),Monreal (on at 72'),Gilmour (on at 83')
12/13/2018 10:57:52,Jenkinson,6,6,6,6,6,6,6,6,6,6,6,Lacazette,6,6,6,6
12/13/2018 15:59:52,Lacazette,6,6,7,7,8,4,5,9,7,8,9,,,9,7,6
12/13/2018 16:00:31,Lacazette,7,6,7,7,8,6,8,9,7,8,8,Nketiah,7,9,7,7
12/13/2018 16:00:47,Lacazette,7,5,7,8,8,3,6,7,6,8,8,Nketiah,5,6,6,5
12/13/2018 16:01:07,Lacazette,8,7,8,8,9,6,7,8,7,8,9,Nketiah,7,6,6,6
12/13/2018 16:01:58,Lacazette,6,6,6,7,6,5,6,8,6,8,6,Saka,6,7,7,6
12/13/2018 16:02:46,Lacazette,7,7,7,7,8,7,7,7,8,8,8,Saka,6,6,6,6
12/13/2018 16:06:44,Lacazette,7,8,9,9,7,9,8,10,10,10,9,,7,9,9,8
12/13/2018 16:08:11,Lacazette,4,3,4,10,4,4,4,4,4,6,4,,2,3,2,4
12/13/2018 16:08:59,Lacazette,6,6,9,7,7,7,8,10,8,8,8,,,7,7,5
12/13/2018 16:09:53,Lacazette,7,6,7,7,6,5,6,8,7,7,7,Saka,7,6,6,6
12/13/2018 16:10:57,Lacazette,8,7,7,10,8,7,5,8,7,8,7,Jenkinson,6,6,6,6
12/13/2018 16:11:32,Lacazette,6,5,8,7,8,6,7,8,6,8,8,,6,6,7,6
12/13/2018 16:12:20,Lacazette,6,6,6,6,8,6,6,9,7,7,7,Saka,6,7,6,6
12/13/2018 16:13:58,Lacazette,,,,,,,,,,,,,,,,
12/13/2018 16:25:19,Lacazette,6,6,7,7,7,5,6,7,6,8,7,Nketiah,,,,
12/13/2018 16:31:10,Lacazette,6,6,7,7,7,6,6,7,10,9,7,,6,7,6,6
12/13/2018 16:35:17,Lacazette,6,6,8,8,8,7,7,9,8,8,8,Saka,7,7,6,6
12/13/2018 16:40:44,Lacazette,5,5,6,6,8,6,6,9,6,8,8,Saka,5,6,6,5
12/13/2018 16:45:22,Lacazette,,,,,,,,,,,,,,,,
12/13/2018 16:54:24,Lacazette,3,5,6,6,7,5,5,7,6,6,6,Saka,8,7,6,6
12/13/2018 16:58:14,Lacazette,7,7,7,8,7,6,6,7,7,9,6,Lacazette,7,7,7,7
12/13/2018 17:07:05,Lacazette,7,7,8,8,6,8,7,9,10,10,8,Ozil,7,7,8,5
12/13/2018 17:09:27,Lacazette,6,10,7,6,6,5,7,7,7,7,7,Saka,6,7,6,6
12/13/2018 17:12:36,Lacazette,6,7,8,8,8,7,7,9,9,9,8,,6,7,7,7
12/13/2018 17:21:45,Lacazette,,,,,,,,,,,,,,,,
12/13/2018 17:32:27,Lacazette,6,7,7,7,6,6,6,8,8,7,6,Saka,5,7,6,5
12/13/2018 17:34:29,Lacazette,6,7,7,7,6,6,6,8,8,7,7,Saka,5,7,7,5
12/13/2018 17:46:10,Lacazette,6,5,6,7,8,5,6,8,6,7,7,Maitland-NIles,7,7,6,5
12/13/2018 18:13:18,Lacazette,7,6,9,8,7,7,6,7,8,8,7,Sokratis,,8,7,
12/13/2018 18:29:54,Lacazette,,,,,,,,,,,,,,,,
12/13/2018 18:30:11,Lacazette,7,7,7,7,7,6,7,8,7,7,7,Saka,6,6,6,6
12/13/2018 18:33:03,Lacazette,,,,,,,,,,,,,,,,
12/13/2018 18:33:28,Lacazette,,,,,,,,,,,,,,,,
12/13/2018 18:41:14,Lacazette,6,5,7,7,6,5,6,8,8,8,7,Ozil,7,6,6,6
12/13/2018 19:53:27,Lacazette,7,6,7,7,6,5,6,6,6,6,6,Lacazette,6,6,6,6
12/13/2018 19:55:08,Lacazette,,,,,,,,,,,,,,,,
12/13/2018 20:01:22,Lacazette,8,10,5,4,5,5,5,9,10,10,7,Ozil,3,1,2,2
12/13/2018 21:19:10,Lacazette,6,6,7,6,7,5,5,7,7,7,6,Lacazette,6,6,6,6
12/14/2018 0:08:01,Lacazette,,,,,,,,,,,,,,,,
12/14/2018 2:15:17,Lacazette,,,,,,,,,,,,,,,,
12/14/2018 2:31:24,Lacazette,,,,,,,,,,,,,,,,
12/14/2018 4:05:57,Lacazette,7,8,8,8,8,7,7,9,8,8,8,Saka,8,8,7,7
12/14/2018 5:08:30,Lacazette,8,8,8,8,8,7,7,9,8,9,7,Saka,7,6,7,6
12/14/2018 6:43:56,Lacazette,,,,,,,,,,,,,,,,
12/14/2018 12:40:41,Lacazette,7,7,8,8,8,7,7,9,8,8,7,Saka,7,7,10,7
12/15/2018 5:09:31,Lacazette,8,7,7,7,7,7,7,7,7,7,7,Lacazette,7,7,7,7
12/15/2018 8:24:49,Lacazette,7,7,8,8,8,7,7,9,8,8,7,Saka,5,6,6,6
,,,,,,,,,,,,,,,,,
,,6.46,6.46,7.11,7.27,7.08,5.97,6.32,7.95,7.35,7.81,7.16,,6.12,6.56,6.36,5.86