Timestamp,Who scored Arsenal's first goal?,ƒåech,Jenkinson üÖê,Pleguezuelo,Mustafi,Lichtsteiner ‚öΩÔ∏è,Guendouzi üÖê,Ramsey,Smith Rowe,Maitland-Niles,Mkhitaryan,Welbeck,Man of the Match,Referee David Coote,Torreira (on at 59'),Aubameyang (on at 76'),Iwobi (on at 73')
10/31/2018 14:39:52,Welbeck,6,6,6,6,6,6,6,6,6,6,6,Ramsey,6,,,
10/31/2018 16:07:14,Lichtsteiner,6,7,6,6,7,5,6,7,6,6,6,Jenkinson,6,6,6,6
10/31/2018 16:43:03,Lichtsteiner,5,6,7,8,8,6,5,6,6,5,7,Lichtsteiner,6,6,6,6
10/31/2018 16:43:21,Lichtsteiner,7,7,7,7,9,9,5,8,7,7,8,Lichtsteiner,0,8,8,8
10/31/2018 16:43:30,Lichtsteiner,0,4,4,3,6,5,6,8,6,6,6,Smith Rowe,0,8,7,7
10/31/2018 16:43:35,Lichtsteiner,5,8,8,8,8,8,6,7,5,6,6,Jenkinson,2,8,6,6
10/31/2018 16:43:36,Lichtsteiner,2,5,7,7,7,9,5,7,6,4,4,Guendouzi,1,7,5,5
10/31/2018 16:43:39,Lichtsteiner,5,7,7,8,9,7,6,7,7,6,6,Lichtsteiner,3,8,5,6
10/31/2018 16:43:42,Lichtsteiner,5,6,6,6,6,6,5,6,5,5,5,Lichtsteiner,6,6,5,6
10/31/2018 16:43:47,Lichtsteiner,5,7,8,8,8,7,3,6,6,3,5,Jenkinson,0,6,5,6
10/31/2018 16:43:49,Lichtsteiner,5,6,7,6,7,7,6,8,7,7,7,Smith Rowe,0,7,6,6
10/31/2018 16:43:49,Lichtsteiner,5,7,6,5,5,6,6,5,5,4,5,Jenkinson,3,5,4,5
10/31/2018 16:43:56,Lichtsteiner,4,8,6,7,7,4,6,7,6,6,7,Lichtsteiner,2,6,6,7
10/31/2018 16:44:12,Lichtsteiner,6,7,8,7,9,3,0,8,7,7,9,Lichtsteiner,0,9,7,7
10/31/2018 16:44:59,Lichtsteiner,5,8,7,8,8,6,7,8,8,7,7,Jenkinson,6,7,7,8
10/31/2018 16:45:01,Lichtsteiner,4,10,7,8,10,5,6,9,6,6,6,Jenkinson,,,,
10/31/2018 16:45:33,Lichtsteiner,4,7,7,4,8,5,1,7,6,5,5,Lichtsteiner,8,5,6,6
10/31/2018 16:45:43,Lichtsteiner,6,7,4,5,8,10,6,8,7,6,5,Guendouzi,0,9,6,6
10/31/2018 16:45:49,Lichtsteiner,6,6,8,9,8,7,8,8,7,7,8,Mustafi,5,9,8,8
10/31/2018 16:45:49,Lichtsteiner,6,8,8,8,9,10,7,7,7,6,6,Guendouzi,1,7,6,6
10/31/2018 16:45:57,Lichtsteiner,0,10,0,0,0,0,0,0,0,0,0,Jenkinson,0,0,0,0
10/31/2018 16:46:05,Lichtsteiner,6,10,9,8,9,8,7,9,9,8,10,Jenkinson,1,8,9,9
10/31/2018 16:46:22,Lichtsteiner,2,7,6,6,9,6,6,7,6,6,7,Jenkinson,0,7,5,5
10/31/2018 16:46:33,Lichtsteiner,4,10,8,7,9,8,3,7,10,6,8,Lichtsteiner,0,5,5,5
10/31/2018 16:46:37,Lichtsteiner,6,7,8,8,9,7,6,7,7,6,8,Torreira,3,9,7,9
10/31/2018 16:46:37,Lichtsteiner,4,7,7,4,7,7,3,7,7,3,6,Maitland-Niles,0,7,6,6
10/31/2018 16:46:43,Lichtsteiner,5,8,7,7,9,7,5,7,7,6,7,Jenkinson,3,7,7,7
10/31/2018 16:47:07,Lichtsteiner,4,5,5,7,7,8,5,5,4,8,7,Mkhitaryan,4,6,6,3
10/31/2018 16:47:49,Lichtsteiner,,,,8,9,6,5,7,7,7,8,Lichtsteiner,,,,
10/31/2018 16:48:07,Lichtsteiner,4,7,7,7,7,6,5,6,6,5,6,Jenkinson,3,6,6,5
10/31/2018 16:48:11,Lichtsteiner,5,7,9,10,9,4,1,7,8,5,5,Mustafi,0,9,7,9
10/31/2018 16:48:18,Lichtsteiner,,,,,,,,,,,,,,,,
10/31/2018 16:48:24,Lichtsteiner,5,7,9,10,9,4,1,7,8,5,5,Mustafi,0,9,7,9
10/31/2018 16:48:31,Lichtsteiner,3,10,9,6,9,8,7,10,8,1,7,Jenkinson,3,8,6,6
10/31/2018 16:48:44,Lichtsteiner,3,5,7,5,6,6,5,7,6,4,6,Pleguezuelo,2,1,1,1
10/31/2018 16:48:55,Lichtsteiner,5,6,6,7,7,7,6,6,5,4,6,Guendouzi,2,5,5,5
10/31/2018 16:49:26,Lichtsteiner,3,10,7,6,8,5,5,7,6,6,6,Jenkinson,0,9,5,5
10/31/2018 16:49:33,Lichtsteiner,6,8,6,8,8,7,6,8,6,6,7,,0,,,
10/31/2018 16:50:04,Lichtsteiner,3,8,7,5,7,9,3,7,6,3,5,Guendouzi,2,7,6,6
10/31/2018 16:50:10,Lichtsteiner,5,6,6,7,7,6,6,7,6,6,7,Welbeck,2,5,5,5
10/31/2018 16:51:03,Lichtsteiner,5,6,6,6,7,6,6,6,6,7,7,Mustafi,2,6,5,6
10/31/2018 16:51:12,Lichtsteiner,7,9,7,7,9,7,7,7,7,8,6,Jenkinson,4,8,7,7
10/31/2018 16:51:31,Lichtsteiner,5,7,7,6,8,6,6,7,7,8,7,Lichtsteiner,2,6,6,6
10/31/2018 16:52:21,Lichtsteiner,0,8,5,2,9,5,5,8,7,7,7,Lichtsteiner,0,4,4,4
10/31/2018 16:52:30,Lichtsteiner,1,6,8,6,7,8,7,7,8,6,7,Guendouzi,1,7,7,6
10/31/2018 16:53:19,Lichtsteiner,5,8,9,8,9,3,5,7,5,7,7,Lichtsteiner,,,,
10/31/2018 16:53:53,Lichtsteiner,3,6,10,7,7,8,5,7,6,5,5,Pleguezuelo,3,9,6,4
10/31/2018 16:54:01,Lichtsteiner,7,7,8,7,8,5,6,7,7,7,7,Jenkinson,1,7,7,7
10/31/2018 16:54:44,Lichtsteiner,7,8,8,9,9,8,6,7,7,6,6,Lichtsteiner,0,8,7,6
10/31/2018 16:55:51,Lichtsteiner,,,,,,,,,,,,,,,,
10/31/2018 16:56:04,Lichtsteiner,4,7,7,6,7,7,2,7,7,4,6,Jenkinson,1,6,6,6
10/31/2018 16:56:36,Lichtsteiner,,,,,,,,,,,,,,,,
10/31/2018 16:57:49,Lichtsteiner,5,7,7,7,7,8,4,6,6,7,7,Guendouzi,0,7,7,6
10/31/2018 16:58:35,Lichtsteiner,,,,,,,,,,,,,,,,
10/31/2018 16:58:41,Lichtsteiner,4,10,10,0,0,10,0,10,10,0,10,Jenkinson,0,10,10,10
10/31/2018 16:58:56,Lichtsteiner,5,8,7,6,7,8,4,7,6,6,5,Jenkinson,3,6,6,5
10/31/2018 16:59:10,Lichtsteiner,6,7,9,7,8,8,6,8,7,6,6,Pleguezuelo,8,8,7,7
10/31/2018 16:59:11,Lichtsteiner,3,10,6,6,8,8,7,7,6,6,7,Jenkinson,2,7,6,7
10/31/2018 16:59:41,Lichtsteiner,5,5,6,6,7,7,7,7,5,7,6,Mkhitaryan,6,6,5,5
10/31/2018 16:59:56,Lichtsteiner,4,7,7,7,8,8,6,7,5,7,6,Guendouzi,4,6,6,6
10/31/2018 17:00:01,Lichtsteiner,4,7,7,8,9,5,7,8,6,7,6,Lichtsteiner,2,8,5,5
10/31/2018 17:01:37,Lichtsteiner,4,6,6,5,7,8,5,,5,5,6,Lichtsteiner,0,7,7,7
10/31/2018 17:02:07,Lichtsteiner,4,7,7,7,8,9,6,7,6,5,6,Guendouzi,0,6,5,5
10/31/2018 17:02:14,Lichtsteiner,5,8,7,6,8,8,6,7,7,5,6,Jenkinson,0,8,7,6
10/31/2018 17:02:42,Lichtsteiner,6,9,7,3,9,5,1,8,7,7,7,Lichtsteiner,2,6,6,6
10/31/2018 17:04:16,Lichtsteiner,,,,,,,,,,,,,,,,
10/31/2018 17:05:08,Lichtsteiner,4,7,6,5,6,4,6,5,5,4,7,Welbeck,5,6,5,5
10/31/2018 17:06:59,Lichtsteiner,,,,,,,,,,,,,,,,
10/31/2018 17:07:31,Lichtsteiner,6,7,7,7,8,6,6,8,6,6,7,Smith Rowe,3,6,6,6
10/31/2018 17:09:45,Lichtsteiner,6,8,7,7,8,7,8,7,6,5,6,Ramsey,0,6,6,5
10/31/2018 17:10:01,Lichtsteiner,7,8,7,7,9,7,6,9,8,7,7,Jenkinson,6,6,6,6
10/31/2018 17:12:36,Lichtsteiner,5,8,7,8,8,9,6,7,7,6,7,Guendouzi,3,8,7,6
10/31/2018 17:12:44,Lichtsteiner,,,,,,,,,,,,,,,,
10/31/2018 17:13:21,Lichtsteiner,,,,,,,,,,,,,,,,
10/31/2018 17:13:44,Lichtsteiner,,,,,,,,,,,,,,,,
10/31/2018 17:13:52,Lichtsteiner,,,,,,,,,,,,,,,,
10/31/2018 17:16:05,Lichtsteiner,0,10,5,5,9,5,5,7,0,5,0,Lichtsteiner,0,0,7,0
10/31/2018 17:17:30,Lichtsteiner,5,5,8,5,8,5,5,7,6,6,6,Pleguezuelo,5,5,6,6
10/31/2018 17:18:29,Lichtsteiner,6,10,9,6,7,8,8,8,7,7,7,Jenkinson,4,6,5,7
10/31/2018 17:18:48,Lichtsteiner,,10,,,,,,,,,,,,,,
10/31/2018 17:20:09,Lichtsteiner,3,6,7,6,7,4,,4,6,5,6,Lichtsteiner,2,7,5,5
10/31/2018 17:20:12,Lichtsteiner,,,,,,,,,,,,,,,,
10/31/2018 17:22:08,Lichtsteiner,,,,,,,,,,,,,,,,
10/31/2018 17:24:33,Lichtsteiner,5,8,8,7,7,9,4,6,7,4,6,Guendouzi,0,7,7,7
10/31/2018 17:27:30,Lichtsteiner,4,8,8,6,7,9,4,7,7,4,6,Guendouzi,0,7,7,7
10/31/2018 17:28:56,Lichtsteiner,,8,,,,9,,8,,,,,4,,,
10/31/2018 17:29:25,Lichtsteiner,4,8,6,7,8,5,5,7,6,4,6,Lichtsteiner,0,6,6,6
10/31/2018 17:31:07,Lichtsteiner,,,,,,,,,,,,,,,,
10/31/2018 17:32:29,Lichtsteiner,5,10,9,7,,8,7,7,7,6,7,Jenkinson,0,7,7,6
10/31/2018 17:33:32,Lichtsteiner,4,8,10,8,8,9,0,7,5,4,7,Pleguezuelo,0,7,7,7
10/31/2018 17:33:50,Lichtsteiner,4,8,10,8,8,9,0,7,5,4,7,Pleguezuelo,0,7,7,7
10/31/2018 17:34:09,Lichtsteiner,2,7,7,7,9,5,6,8,6,7,8,Lichtsteiner,0,7,6,7
10/31/2018 17:36:14,Lichtsteiner,3,7,7,5,7,9,2,7,5,5,6,Guendouzi,5,6,5,4
10/31/2018 17:36:48,Lichtsteiner,10,10,10,10,10,7,6,6,6,6,6,Mustafi,4,5,6,6
10/31/2018 17:38:03,Lichtsteiner,5,7,6,6,8,8,5,6,6,7,5,Guendouzi,4,6,5,5
10/31/2018 17:39:04,Lichtsteiner,4,6,6,7,7,7,4,6,6,8,7,Mkhitaryan,3,7,6,2
10/31/2018 17:47:36,Lichtsteiner,7,7,7,7,7,7,7,7,7,7,7,Lichtsteiner,,7,7,7
10/31/2018 17:48:56,Lichtsteiner,,,,,,,,,,,,,,,,
10/31/2018 17:50:49,Lichtsteiner,6,8,7,7,8,7,6,7,7,6,7,Lichtsteiner,6,8,6,6
10/31/2018 17:52:42,Lichtsteiner,6,7,7,7,7,6,6,6,6,6,6,Lichtsteiner,4,7,6,6
10/31/2018 17:53:29,Lichtsteiner,,,,,,,,,,,,,,,,
10/31/2018 17:56:25,Lichtsteiner,9,8,8,8,8,7,6,10,10,9,7,Maitland-Niles,2,8,8,8
10/31/2018 18:04:37,Lichtsteiner,5,10,9,5,8,7,6,8,6,6,6,Jenkinson,0,5,5,5
10/31/2018 18:05:27,Lichtsteiner,5,10,9,5,8,7,6,8,6,6,6,Jenkinson,0,5,5,5
10/31/2018 18:06:02,Lichtsteiner,,,,,,,,,,,,,,,,
10/31/2018 18:09:14,Lichtsteiner,4,7,6,6,7,4,6,7,7,6,6,Jenkinson,2,6,6,6
10/31/2018 18:10:07,Lichtsteiner,4,10,10,7,7,7,6,7,6,5,5,Jenkinson,0,5,5,5
10/31/2018 18:15:10,Lichtsteiner,5,8,7,6,7,8,6,7,7,6,6,Jenkinson,0,6,6,6
10/31/2018 18:16:24,Lichtsteiner,,,,,,,,,,,,,,,,
10/31/2018 18:19:40,Lichtsteiner,6,7,8,8,7,8,5,7,7,4,6,Mustafi,4,6,5,5
10/31/2018 18:29:35,Lichtsteiner,7,7,8,7,8,7,7,6,6,6,7,Guendouzi,5,7,6,6
10/31/2018 18:31:01,Lichtsteiner,7,10,9,4,7,6,4,8,7,3,8,Smith Rowe,4,6,6,7
10/31/2018 18:32:42,Lichtsteiner,6,6,8,7,9,6,5,6,4,6,5,Lichtsteiner,5,6,6,5
10/31/2018 18:33:40,Lichtsteiner,,,,,,,,,,,,,,,,
10/31/2018 18:38:17,Lichtsteiner,5,6,7,7,8,8,5,7,4,5,4,,3,6,6,5
10/31/2018 18:38:49,Lacazette,,,,,,,,,,,,,,,,
10/31/2018 18:43:58,Lichtsteiner,,,,,,,,,,,,,,,,
10/31/2018 18:44:12,Lichtsteiner,,,,,,,,,,,,,,,,
10/31/2018 18:46:10,Lichtsteiner,,,,,,,,,,,,,,,,
10/31/2018 18:46:27,Lichtsteiner,,,,,,,,,,,,,,,,
10/31/2018 18:53:46,Lichtsteiner,4,5,6,4,7,6,5,5,4,4,4,Lichtsteiner,8,7,5,2
10/31/2018 18:54:42,Lichtsteiner,4,5,6,4,7,6,5,5,4,4,4,Lichtsteiner,8,7,5,2
10/31/2018 19:01:03,Lichtsteiner,4,7,6,6,8,7,6,7,6,5,5,Lichtsteiner,3,6,5,5
10/31/2018 19:08:50,Lichtsteiner,,,,,,,,,,,,,,,,
10/31/2018 19:12:12,Lichtsteiner,4,8,8,7,8,2,4,5,6,4,5,Jenkinson,0,7,6,5
10/31/2018 19:15:22,Lichtsteiner,3,6,7,7,8,7,6,7,6,6,7,Lichtsteiner,3,7,7,6
10/31/2018 19:16:39,Lichtsteiner,,,,,,,,,,,,,,,,
10/31/2018 19:18:41,Lichtsteiner,5,6,6,8,7,6,6,6,4,6,6,Mustafi,6,6,7,4
10/31/2018 19:19:46,Lichtsteiner,5,7,7,6,7,7,7,6,6,5,6,Lichtsteiner,4,6,6,5
10/31/2018 19:33:50,Lichtsteiner,3,8,8,5,7,4,6,7,7,5,5,Jenkinson,0,4,7,7
10/31/2018 19:38:13,Lichtsteiner,6,8,7,6,7,8,5,7,6,5,5,Jenkinson,3,6,6,6
10/31/2018 19:40:05,Lichtsteiner,6,10,10,5,7,0,9,10,6,5,6,Jenkinson,0,5,6,0
10/31/2018 19:40:46,Lichtsteiner,,,,,,,,,,,,,,,,
10/31/2018 19:41:36,Lichtsteiner,,,,,,,,,,,,,,,,
10/31/2018 19:45:36,Lacazette,,,,,,,,,,,,,,,,
10/31/2018 20:00:48,Lichtsteiner,5,7,8,6,7,3,4,8,8,5,6,Smith Rowe,2,7,7,7
10/31/2018 20:00:50,Lichtsteiner,5,7,8,6,7,3,4,8,8,5,6,Smith Rowe,2,7,7,7
10/31/2018 20:02:53,Lichtsteiner,,,,,,,,,,,,,,,,
10/31/2018 20:05:37,Lichtsteiner,,,,,,,,,,,,,,,,
10/31/2018 20:17:19,Lichtsteiner,5,7,6,6,7,6,5,7,6,6,6,Jenkinson,4,6,,
10/31/2018 20:19:44,Lichtsteiner,2,,,,,,,,,,,,,,,
10/31/2018 20:29:18,Lichtsteiner,6,8,7,6,8,9,6,7,6,5,5,Jenkinson,6,7,6,6
10/31/2018 20:42:19,Lichtsteiner,4,9,8,7,9,4,6,8,7,6,7,Jenkinson,2,8,5,5
10/31/2018 20:55:45,Lichtsteiner,3,7,9,5,8,6,8,9,6,4,5,Pleguezuelo,0,7,8,7
10/31/2018 20:56:00,Lichtsteiner,3,7,9,5,8,6,8,9,6,4,5,Pleguezuelo,0,7,8,7
10/31/2018 21:00:10,Lichtsteiner,3,8,8,7,8,9,4,6,8,5,7,Guendouzi,0,6,5,5
10/31/2018 21:09:10,Lichtsteiner,,,,,,,,,,,,,,,,
10/31/2018 21:15:54,Lichtsteiner,,,,,,,,,,,,,,,,
10/31/2018 21:24:23,Lichtsteiner,6,7,8,6,7,5,6,8,7,6,7,Smith Rowe,0,,,
10/31/2018 21:32:05,Lichtsteiner,5,5,5,5,5,5,5,5,5,5,5,Pleguezuelo,5,5,5,5
10/31/2018 21:40:41,Lichtsteiner,,,,,,,,,,,,,,,,
10/31/2018 21:41:38,Lichtsteiner,6,7,8,6,7,6,6,7,7,5,7,Pleguezuelo,5,6,6,6
10/31/2018 21:42:07,Lichtsteiner,0,10,0,0,0,0,0,0,0,0,0,Jenkinson,0,0,0,0
10/31/2018 21:52:23,Lichtsteiner,5,10,6,8,8,5,4,8,7,6,8,Jenkinson,1,8,7,6
10/31/2018 22:05:06,Lichtsteiner,,,,,,,,,,,,,,,,
10/31/2018 22:06:50,Lichtsteiner,6,7,8,7,9,7,5,6,6,4,6,Pleguezuelo,0,6,5,5
10/31/2018 22:21:27,Lichtsteiner,5,7,8,6,8,5,5,7,,5,6,Smith Rowe,4,6,4,5
10/31/2018 22:23:18,Lichtsteiner,7,7,7,8,8,8,6,8,7,6,6,Guendouzi,5,7,7,6
10/31/2018 22:44:06,Lichtsteiner,3,5,7,7,8,7,6,7,6,6,6,,,10,,
10/31/2018 22:52:30,Lichtsteiner,,,,,,,,,,,,,,,,
10/31/2018 22:59:34,Lichtsteiner,,,,,,,,,,,,,,,,
10/31/2018 23:30:35,Lichtsteiner,5,6,6,6,7,8,5,6,6,5,6,Lichtsteiner,3,5,5,4
11/1/2018 0:16:43,Lichtsteiner,6,8,7,6,8,7,6,7,6,6,7,Jenkinson,4,6,6,6
11/1/2018 0:29:59,Lichtsteiner,5,5,5,8,9,8,3,6,6,9,5,Mkhitaryan,2,5,5,5
11/1/2018 0:31:07,Lichtsteiner,3,7,6,5,6,7,4,6,6,4,5,Jenkinson,2,6,6,5
11/1/2018 0:35:08,Lichtsteiner,5,7,5,6,7,8,6,7,7,7,7,Guendouzi,3,6,7,6
11/1/2018 0:41:31,Lichtsteiner,5,8,9,7,8,9,4,8,6,6,6,Pleguezuelo,5,8,6,6
11/1/2018 0:57:21,Lichtsteiner,4,8,7,6,7,5,4,6,6,5,5,Jenkinson,0,5,4,4
11/1/2018 1:03:20,Lichtsteiner,7,10,7,7,9,9,7,9,7,6,7,Jenkinson,3,5,4,5
11/1/2018 1:05:09,Lichtsteiner,7,7,8,7,8,8,6,8,7,7,8,Smith Rowe,7,7,7,7
11/1/2018 1:21:28,Lichtsteiner,5,,,,,,,,,,,,,,,
11/1/2018 1:33:54,Lichtsteiner,,,,,,,,,,,,,,,,
11/1/2018 1:46:54,Lichtsteiner,4,8,6,5,6,7,5,6,6,5,6,Jenkinson,0,8,6,7
11/1/2018 1:48:53,Lichtsteiner,8,8,8,8,9,8,8,9,8,8,8,Guendouzi,5,8,8,8
11/1/2018 1:57:08,Lichtsteiner,,10,,,,,,,,,,,,,,
11/1/2018 1:57:24,Lichtsteiner,,,,,,,,,,,,Jenkinson,,,,
11/1/2018 2:06:19,Lichtsteiner,5,7,6,5,7,7,6,8,7,6,6,Smith Rowe,2,7,6,6
11/1/2018 2:09:29,Lichtsteiner,5,5,6,6,6,6,3,6,5,3,4,Guendouzi,1,7,5,4
11/1/2018 2:45:06,Lichtsteiner,6,7,7,7,7,7,6,7,6,6,6,Smith Rowe,0,6,6,5
11/1/2018 3:13:36,Lichtsteiner,6,10,7,7,8,8,5,8,,,,,,,,
11/1/2018 3:14:04,Lichtsteiner,3,6,6,5,7,6,5,7,6,6,6,Smith Rowe,3,6,7,7
11/1/2018 3:19:56,Lichtsteiner,,,,,,,,,,,,,,,,
11/1/2018 3:47:10,Lichtsteiner,6,8,7,7,8,7,7,8,6,7,7,Lichtsteiner,1,7,6,5
11/1/2018 4:22:24,Lichtsteiner,4,7,8,7,7,9,6,8,7,7,7,Guendouzi,0,7,7,7
11/1/2018 4:43:58,Lichtsteiner,6,6,6,6,6,6,,,,,,,,,,
11/1/2018 4:52:55,Lichtsteiner,,,,,,,,,,,,,,,,
,,,,,,,,,,,,,,,,,
,,4.73,7.45,7.11,6.36,7.53,6.59,5.19,7.01,6.24,5.53,6.15,,2.34,6.50,5.95,5.69