Timestamp,Who scored Arsenal's first goal?,Leno,Mustafi丘쬂잺,Sokratis,Holding,Beller칤n,Guendouzi,Torreira游,Kola코inac,Ramsey,Iwobi,Aubameyang,Man of the Match,Referee Andre Marriner,Lichtsteiner (on at 36'),Mkhitaryan游 (on at 45'),Lacazette丘쬂잺 (on at 65')
12/5/2018 15:57:57,Mustafi,6,7,6,5,5,9,8,6,7,6,8,Torreira,7,6,7,9
12/5/2018 15:58:12,Mustafi,1,2,1,4,3,2,3,7,5,2,2,Kola코inac,2,5,6,5
12/5/2018 15:58:40,Mustafi,7,8,8,7,7,8,9,10,7,6,7,Kola코inac,5,8,9,9
12/5/2018 15:58:42,Mustafi,7,6,6,6,7,6,6,4,5,4,9,Aubameyang,1,7,5,7
12/5/2018 15:59:08,Mustafi,6,6,7,5,5,6,7,4,5,6,7,Iwobi,3,4,8,8
12/5/2018 15:59:23,Mustafi,5,6,5,6,6,6,7,6,6,5,7,Aubameyang,0,6,7,7
12/5/2018 15:59:29,Mustafi,6,7,7,6,7,7,7,6,7,6,7,Mustafi,2,5,7,7
12/5/2018 15:59:36,Mustafi,6,7,7,6,7,7,7,6,7,6,7,Mustafi,2,5,7,7
12/5/2018 15:59:40,Mustafi,6,6,7,6,7,9,7,6,6,6,6,Guendouzi,7,6,8,8
12/5/2018 16:00:10,Mustafi,4,5,3,4,3,3,4,3,3,3,4,,0,6,4,4
12/5/2018 16:00:17,Mustafi,6,5,5,6,5,7,4,7,6,6,6,Guendouzi,2,7,9,8
12/5/2018 16:00:40,Mustafi,6,7,7,6,6,5,6,7,6,6,6,Kola코inac,6,5,5,6
12/5/2018 16:00:59,Mustafi,7,8,7,7,8,9,9,8,7,7,8,Torreira,1,7,7,9
12/5/2018 16:01:53,Mustafi,6,6,7,6,7,9,7,6,6,6,6,Guendouzi,4,6,8,8
12/5/2018 16:01:29,Mustafi,8,7,6,5,6,6,6,6,6,4,6,Leno,2,5,6,7
12/5/2018 17:16:12,Mustafi,,,,,,,,,,,,,,,,
12/5/2018 16:01:32,Mustafi,8,8,6,10,8,6,7,10,5,2,8,Kola코inac,1,5,8,6
12/5/2018 16:02:06,Mustafi,7,7,8,6,5,3,9,6,6,4,6,Torreira,0,7,8,7
12/5/2018 16:02:17,Mustafi,6,6,6,6,6,6,7,8,6,6,6,Kola코inac,9,6,6,7
12/5/2018 16:02:28,Mustafi,4,7,6,4,6,7,5,5,6,1,1,Guendouzi,3,5,3,5
12/5/2018 16:02:30,Mustafi,4,8,7,6,7,6,7,3,5,5,5,Mustafi,0,6,7,8
12/5/2018 16:03:32,Monreal,,,,,,,,,,,,,,,,
12/5/2018 16:03:50,Mustafi,,,,,,,,,,,,,,,,
12/5/2018 16:03:54,Mustafi,4,5,6,6,8,6,6,7,6,6,6,Beller칤n,0,7,8,8
12/5/2018 16:04:44,Mustafi,6,7,6,6,7,5,8,8,6,5,7,Torreira,0,5,5,8
12/5/2018 16:05:08,Mustafi,6,6,6,5,7,6,6,4,3,4,4,Beller칤n,3,5,6,6
12/5/2018 16:05:35,Mustafi,7,8,8,7,7,8,6,3,6,5,6,Mustafi,7,6,7,7
12/5/2018 16:05:42,Mustafi,6,5,5,7,7,7,7,8,7,7,7,Kola코inac,0,,6,7
12/5/2018 16:06:26,Mustafi,6,6,6,7,6,5,6,5,6,6,6,,0,6,6,6
12/5/2018 16:06:34,Mustafi,6,6,7,7,7,6,7,7,7,6,7,Sokratis,3,6,8,7
12/5/2018 16:06:46,Mustafi,7,5,7,6,6,6,7,6,6,5,6,Sokratis,4,6,6,6
12/5/2018 16:06:47,Mustafi,6,6,7,6,6,6,7,8,6,6,7,Kola코inac,3,6,6,6
12/5/2018 16:07:11,Mustafi,7,6,7,6,7,6,6,5,6,3,5,Beller칤n,3,6,6,6
12/5/2018 16:07:14,Mustafi,6,7,6,6,6,5,6,7,5,6,6,Kola코inac,0,6,6,7
12/5/2018 16:07:50,Mustafi,7,8,7,6,5,5,6,6,5,4,5,Mustafi,4,5,5,6
12/5/2018 16:08:05,Mustafi,8,6,7,7,7,7,8,8,6,5,7,,4,7,10,8
12/5/2018 16:08:11,Mustafi,7,7,8,8,7,8,9,8,6,7,7,Torreira,0,7,6,8
12/5/2018 16:08:11,Mustafi,7,8,8,6,7,9,8,7,7,6,8,Guendouzi,1,7,4,9
12/5/2018 16:08:14,Mustafi,7,6,8,7,7,8,8,4,7,3,6,Guendouzi,0,7,8,8
12/5/2018 16:08:15,Mustafi,7,8,8,6,7,9,8,7,7,6,8,Guendouzi,1,7,4,9
12/5/2018 16:08:52,Mustafi,7,6,7,6,6,7,7,4,7,7,7,Torreira,0,6,6,7
12/5/2018 16:09:07,Mustafi,6,7,7,7,6,6,7,7,6,5,7,Aubameyang,1,7,6,7
12/5/2018 16:09:10,Mustafi,5,6,8,3,5,4,6,6,3,3,4,Sokratis,0,4,5,5
12/5/2018 16:09:23,Mustafi,7,6,6,3,5,8,7,5,5,2,4,Guendouzi,3,6,3,7
12/5/2018 16:09:24,Mustafi,6,6,7,6,7,6,7,6,6,5,6,Guendouzi,5,6,6,6
12/5/2018 16:09:25,Mustafi,6,8,8,7,7,9,7,8,7,6,7,Guendouzi,1,5,6,7
12/5/2018 16:09:40,Mustafi,7,7,7,7,7,9,8,2,5,5,6,,9,6,7,9
12/5/2018 16:10:06,Mustafi,7,9,8,7,8,7,7,8,7,6,6,Mustafi,0,8,8,8
12/5/2018 16:10:36,Mustafi,3,7,6,5,6,5,7,6,5,3,5,Torreira,1,6,5,7
12/5/2018 16:11:01,Mustafi,6,6,6,6,4,10,10,7,7,4,7,Guendouzi,4,6,6,9
12/5/2018 16:11:10,Mustafi,6,7,6,5,6,6,7,7,5,4,4,Kola코inac,0,5,5,6
12/5/2018 16:11:13,Mustafi,6,6,6,6,6,7,7,4,5,5,6,,1,5,6,7
12/5/2018 16:11:32,Mustafi,0,0,0,0,0,0,0,0,0,0,0,Holding,10,0,0,0
12/5/2018 16:11:35,Mustafi,8,9,9,8,8,9,9,7,7,7,7,,0,7,8,9
12/5/2018 16:12:46,Mustafi,,,,,,,,,,,,,,,,
12/5/2018 16:13:17,Monreal,,,,,,,,,,,,,,,,
12/5/2018 16:13:52,Mustafi,,,,,,,,,,,,,,,,
12/5/2018 16:14:07,Mustafi,5,7,7,6,6,7,6,5,6,5,6,Guendouzi,4,5,5,6
12/5/2018 16:14:25,Mustafi,4,5,6,5,5,5,6,6,6,4,6,Torreira,2,5,7,6
12/5/2018 16:15:26,Mustafi,8,7,9,8,8,9,9,6,7,6,8,Sokratis,0,7,7,8
12/5/2018 16:16:29,Mustafi,5,8,7,5,7,5,4,3,4,4,5,Mustafi,4,5,6,5
12/5/2018 16:16:31,Mustafi,4,6,6,5,5,3,3,4,4,4,6,Aubameyang,1,5,6,6
12/5/2018 16:18:00,Mustafi,7,8,7,7,8,8,8,7,6,5,6,Mustafi,4,7,5,7
12/5/2018 16:18:31,Mustafi,6,8,8,7,6,6,8,6,6,7,6,Mustafi,5,6,6,7
12/5/2018 16:18:39,Mustafi,7,7,6,4,5,6,7,6,6,6,6,Torreira,6,7,8,7
12/5/2018 16:18:47,Mustafi,6,6,7,6,6,6,6,6,6,6,6,,4,7,6,7
12/5/2018 16:21:08,Mustafi,8,7,8,7,5,9,7,7,8,5,6,Guendouzi,7,7,8,9
12/5/2018 16:21:39,Mustafi,6,7,6,7,7,9,8,9,6,6,6,Guendouzi,3,6,8,7
12/5/2018 16:22:06,Mustafi,6,6,6,6,6,6,7,7,6,6,7,Kola코inac,6,6,7,7
12/5/2018 16:22:11,Mustafi,6,6,8,7,7,6,7,8,6,6,6,Sokratis,2,6,7,7
12/5/2018 16:23:21,Mustafi,4,5,7,6,5,6,5,3,6,1,3,Sokratis,0,6,6,6
12/5/2018 16:23:36,Mustafi,6,8,7,6,6,6,7,7,6,6,6,Mustafi,3,6,6,7
12/5/2018 16:23:37,Mustafi,6,8,6,10,8,5,9,5,8,6,7,Torreira,0,6,6,9
12/5/2018 16:23:56,Mustafi,,,,,,,,,,,,,,,,
12/5/2018 16:24:28,Mustafi,6,,,,,,,,,,,,,,,
12/5/2018 16:24:49,Mustafi,9,7,5,6,4,3,5,5,4,4,6,Leno,5,4,5,7
12/5/2018 16:25:33,Mustafi,,,,,,,,,,,,,,,,
12/5/2018 16:25:52,Mustafi,6,7,8,7,6,8,8,4,6,6,6,Guendouzi,1,6,7,7
12/5/2018 16:26:36,Mustafi,3,5,6,7,6,8,7,7,6,6,5,Guendouzi,1,4,7,6
12/5/2018 16:26:43,Mustafi,6,8,8,7,6,7,7,6,6,7,6,Mustafi,5,6,6,7
12/5/2018 16:26:58,Mustafi,6,8,8,7,6,7,7,6,6,7,6,Mustafi,5,6,6,7
12/5/2018 16:27:12,Mustafi,6,8,8,7,6,7,7,6,6,7,6,Mustafi,5,6,6,7
12/5/2018 16:28:58,Mustafi,5,5,6,5,5,6,6,5,5,4,4,Torreira,2,4,5,6
12/5/2018 16:29:56,Mustafi,4,7,7,6,7,7,8,7,7,6,7,Torreira,6,6,6,9
12/5/2018 16:31:39,Mustafi,6,8,6,7,7,6,7,5,7,6,5,Mustafi,0,7,6,8
12/5/2018 16:39:11,Mustafi,7,8,8,4,7,6,8,7,7,6,8,Torreira,6,8,7,7
12/5/2018 16:43:57,Mustafi,6,7,7,7,6,5,7,5,7,5,6,Mustafi,3,6,7,7
12/5/2018 16:47:19,Mustafi,7,7,7,6,7,6,6,8,8,6,6,Kola코inac,7,6,7,7
12/5/2018 16:51:47,Mustafi,5,6,7,6,6,8,7,8,6,6,7,Guendouzi,0,6,8,8
12/5/2018 16:55:26,Mustafi,7,6,8,5,5,7,6,6,5,5,5,Sokratis,2,7,7,6
12/5/2018 16:56:58,Mustafi,,,,,,,,,,,,,,,,
12/5/2018 16:59:42,Mustafi,7,8,7,7,8,7,8,8,7,7,7,Mustafi,5,6,7,8
12/5/2018 17:06:43,Mustafi,7,7,8,7,8,8,9,10,7,6,7,Kola코inac,2,8,8,9
12/5/2018 17:08:00,Mustafi,,,,,,,,,,,,,,,,
12/5/2018 17:11:47,Mustafi,5,5,5,5,6,6,6,6,5,5,6,Guendouzi,4,5,6,6
12/5/2018 17:20:06,Mustafi,7,6,8,7,5,6,6,6,6,5,6,Sokratis,3,5,8,6
12/5/2018 17:20:15,Mustafi,6,6,7,6,7,7,7,6,6,5,6,Guendouzi,3,6,8,8
12/5/2018 17:29:58,Mustafi,7,7,7,6,6,6,7,6,6,5,5,Torreira,0,7,7,7
12/5/2018 17:39:44,Mustafi,7,8,7,7,8,7,9,8,6,6,7,Torreira,7,7,7,8
12/5/2018 18:04:56,Mustafi,,,,,,,,,,,,,,,,
12/5/2018 18:06:09,Mustafi,,,,,,,,,,,,,,,,
12/5/2018 18:09:17,Mustafi,,,,,,,,,,,,,,,,
12/5/2018 18:15:03,Mustafi,6,8,8,6,6,8,8,8,6,6,8,Torreira,3,7,7,9
12/5/2018 18:22:40,Mustafi,,,,,,,,,,,,,,,,
12/5/2018 18:38:13,Monreal,,,,,,,,,,,,,,,,
12/5/2018 18:48:41,Mustafi,5,8,7,6,6,5,8,7,6,0,6,Torreira,0,7,7,8
12/5/2018 19:16:52,Mustafi,7,8,9,7,,7,9,7,7,7,7,Torreira,0,8,7,8
12/5/2018 20:07:34,Mustafi,7,6,7,7,,8,9,8,7,6,6,Kola코inac,0,7,7,8
12/5/2018 20:37:53,Mustafi,6,7,6,6,6,8,6,7,7,5,5,Guendouzi,3,5,6,8
12/5/2018 20:44:50,Mustafi,7,7,8,8,6,10,9,7,8,6,8,Guendouzi,3,10,8,9
12/5/2018 20:46:14,Mustafi,6,7,7,6,6,7,7,6,7,5,6,Torreira,4,7,6,7
12/5/2018 20:47:01,Mustafi,0,0,0,0,0,0,0,0,0,0,0,Leno,10,0,0,0
12/5/2018 21:14:31,Mustafi,5,7,7,5,6,4,8,6,6,0,4,Torreira,0,6,6,8
12/5/2018 21:14:44,Mustafi,6,7,8,7,7,8,8,7,7,6,7,Torreira,2,8,6,8
12/6/2018 0:10:35,Mustafi,6,6,5,5,6,6,7,7,6,2,7,Kola코inac,6,6,6,7
12/6/2018 0:24:28,Mustafi,6,6,6,6,6,9,7,7,5,5,5,Guendouzi,3,6,7,5
12/6/2018 3:26:53,Mustafi,7,8,7,7,8,7,8,7,7,6,7,Torreira,0,7,5,8
12/6/2018 3:58:00,Mustafi,6,6,7,5,5,6,7,7,5,7,6,Torreira,0,6,7,7
12/6/2018 3:58:02,Mustafi,6,6,7,5,5,6,7,7,6,6,6,Torreira,3,5,6,7
12/6/2018 3:59:03,Mustafi,7,6,7,5,5,7,7,6,6,7,6,Torreira,0,6,7,7
12/6/2018 4:14:42,Mustafi,8,6,9,8,8,7,9,5,8,7,6,Sokratis,5,5,7,8
12/6/2018 4:25:08,Mustafi,6,6,7,6,7,6,7,6,6,6,7,Beller칤n,3,6,6,7
12/6/2018 4:55:20,Mustafi,,,,,,,,,,,,,,,,
12/6/2018 5:15:03,Mustafi,5,5,5,6,6,6,10,5,5,3,5,Torreira,0,4,7,6
12/6/2018 5:35:05,Mustafi,,,,,,,,,,,,,,,,
12/6/2018 6:15:49,Mustafi,7,7,6,6,7,5,7,6,6,6,7,Mustafi,4,5,6,7
12/6/2018 9:33:34,Mustafi,7,6,7,6,6,8,8,8,7,5,5,Guendouzi,2,7,5,8
12/6/2018 10:33:15,Mustafi,7,6,7,7,7,10,7,8,8,6,6,Guendouzi,9,8,6,8
12/7/2018 3:10:54,Mustafi,,,,,,,,,,,,,,,,
12/8/2018 16:28:12,Mustafi,7,8,6,8,7,6,8,8,7,7,8,Torreira,1,5,7,8
,,,,,,,,,,,,,,,,,
,,6.03,6.57,6.68,6.07,6.18,6.54,6.96,6.21,5.97,5.10,6.01,,2.78,5.97,6.36,7.08