Timestamp,Who scored Arsenal's first goal?,ƒåech,Lichtsteiner,Jenkinson,Holding,Maitland-Niles,Willock ‚öΩÔ∏è,Elneny üÖê,Guendouzi,Smith-Rowe ‚öΩÔ∏è,Ramsey ‚öΩÔ∏è,Nketiah,Man of the Match,Referee Bartosz Frankowski (POL),Medley (on at 60'),Gilmour (on at 76'),Saka (on at 68')
11/29/2018 13:52:35,Smith-Rowe,,,,#REF!,,,,,,,,,,,,
11/29/2018 13:52:57,Smith-Rowe,7,8,10,8,8,9,8,8,10,8,8,Jenkinson,6,5,5,5
11/29/2018 13:53:29,Smith-Rowe,10,10,10,10,10,10,10,10,10,10,10,Smith-Rowe,0,10,10,10
11/29/2018 13:54:03,Smith-Rowe,7,8,10,8,9,9,9,10,10,9,9,Guendouzi,8,8,9,9
11/29/2018 13:54:09,Smith-Rowe,6,6,6,7,7,8,7,7,8,7,7,Willock,7,7,6,7
11/29/2018 13:54:10,Smith-Rowe,6,7,7,7,8,7,7,8,8,7,9,Nketiah,5,7,7,7
11/29/2018 13:54:19,Smith-Rowe,7,7,7,7,6,8,8,8,10,8,9,Smith-Rowe,5,7,7,6
11/29/2018 13:54:21,Smith-Rowe,7,7,6,6,6,7,5,6,9,5,7,Smith-Rowe,8,10,6,6
11/29/2018 13:54:23,Smith-Rowe,8,7,7,7,7,9,6,7,9,8,8,Smith-Rowe,6,7,6,7
11/29/2018 13:54:33,Smith-Rowe,6,6,7,7,6,7,6,6,7,6,7,Willock,6,,,
11/29/2018 13:54:57,Smith-Rowe,8,7,8,7,8,8,8,8,8,8,10,Nketiah,,,,
11/29/2018 13:55:43,Smith-Rowe,6,7,7,7,7,8,8,9,9,9,9,Ramsey,,,,
11/29/2018 13:55:48,Smith-Rowe,7,7,7,8,7,9,6,9,9,7,8,Smith-Rowe,5,7,6,7
11/29/2018 13:56:16,Smith-Rowe,8,7,8,7,7,7,8,7,8,7,9,Nketiah,,8,6,4
11/29/2018 13:56:46,Smith-Rowe,7,7,8,8,7,8,7,7,8,8,7,Smith-Rowe,6,8,7,7
11/29/2018 13:56:47,Smith-Rowe,6,6,7,7,7,7,6,7,8,6,8,Smith-Rowe,6,6,6,7
11/29/2018 13:56:48,Smith-Rowe,7,6,5,7,7,8,7,7,9,8,7,Willock,5,7,4,7
11/29/2018 13:57:13,Smith-Rowe,7,7,8,8,8,8,8,8,9,7,9,Nketiah,7,9,7,8
11/29/2018 13:57:31,Smith-Rowe,6,6,7,7,6,8,9,8,10,8,8,Smith-Rowe,5,6,6,6
11/29/2018 13:57:37,Smith-Rowe,7,7,7,7,7,8.055555556,7,7,8,7,7,Smith-Rowe,4,6,6,6
11/29/2018 13:58:21,Smith-Rowe,7,7,7,7,7,8,7,7,9,8,8,Smith-Rowe,7,6,5,5
11/29/2018 13:58:26,Smith-Rowe,7,7,8,8,8,8,8,8,8,8,8,Jenkinson,,7,7,7
11/29/2018 13:58:34,Smith-Rowe,6,7,7,7,8,8,7,6,8,9,7,Smith-Rowe,,7,6,5
11/29/2018 13:59:02,Smith-Rowe,8,8,8,9,8,9,8,9,9,9,9,Smith-Rowe,6,9,7,7
11/29/2018 13:59:10,Smith-Rowe,7,7,7,7,7,7,7,7,7,7,7,Nketiah,,,,
11/29/2018 13:59:52,Smith-Rowe,7,7,10,7,7,7,7,8,7,8,6,Jenkinson,6,5,6,6
11/29/2018 13:59:54,Smith-Rowe,,,,,,,,,,,,Smith-Rowe,,,,
11/29/2018 13:59:57,Smith-Rowe,8,8,7,7,8,9,8,8,8,8,8,Smith-Rowe,,8,8,8
11/29/2018 14:00:28,Smith-Rowe,8,8,10,8,8,8,9,8,9,7,7,Smith-Rowe,7,8,7,6
11/29/2018 14:01:54,Smith-Rowe,8,8,8,8,9,9,7,7,9,8,7,Smith-Rowe,7,7,7,7
11/29/2018 14:03:00,Smith-Rowe,6,7,7,6,6,6,7,6,7,5,6,Jenkinson,5,6,6,6
11/29/2018 14:03:53,Smith-Rowe,,,,,,,,,,,,,,,,7
11/29/2018 14:03:59,Smith-Rowe,5,7,7,7,5,8,6,7,8,7,9,Nketiah,,7,5,5
11/29/2018 14:04:14,Smith-Rowe,7,6,6,7,7,8,7,7,9,7,6,Smith-Rowe,,,,
11/29/2018 14:04:40,Smith-Rowe,8,8,8,8,9,8,8,9,9,8,8,Guendouzi,,,,
11/29/2018 14:05:02,Smith-Rowe,9,8,7,7,7,9,7,7,10,1,8,Smith-Rowe,3,7,7,8
11/29/2018 14:05:11,Smith-Rowe,8,7,10,8,8,8,8,7,9,8,8,Jenkinson,8,6,5,6
11/29/2018 14:05:56,Smith-Rowe,8,8,9,8,8,8,8,7,9,8,8,Smith-Rowe,,,,
11/29/2018 14:07:51,Smith-Rowe,7,6,6,6,7,7,7,6,7,7,6,Willock,6,6,6,6
11/29/2018 14:08:36,Smith-Rowe,7,7,6,7,8,8,7,7,9,8,8,Smith-Rowe,,8,6,6
11/29/2018 14:09:26,Smith-Rowe,6,6,6,6,6,8,5,8,8,7,8,Jenkinson,,,,
11/29/2018 14:09:31,Smith-Rowe,8,8,10,8,8,9,8,10,10,9,10,Guendouzi,8,9,8,9
11/29/2018 14:10:26,Smith-Rowe,6,6,6,6,6,6,6,10,10,6,10,Guendouzi,,,,
11/29/2018 14:10:49,Smith-Rowe,7,7,7,7,7,6,6,7,8,8,7,Ramsey,5,5,5,5
11/29/2018 14:11:26,Smith-Rowe,,,,,,,,,,,,,,,,
11/29/2018 14:11:58,Smith-Rowe,7,8,6,7,6,7,5,8,7,6,6,Guendouzi,6,7,6,6
11/29/2018 14:12:14,Smith-Rowe,10,10,10,10,10,10,10,10,10,10,10,Guendouzi,2,10,7,9
11/29/2018 14:12:17,Smith-Rowe,7,6,6,6,6,7,6,7,7,6,8,Nketiah,6,5,5,6
11/29/2018 14:13:35,Smith-Rowe,7,7,8,8,7,8,7,7,8,7,6,Smith-Rowe,7,7,7,7
11/29/2018 14:14:31,Smith-Rowe,7,6,7,7,7,8,6,7,8,7,6,Willock,,7,6,7
11/29/2018 14:17:00,Smith-Rowe,6,7,6,6,7,8,7,9,9,8,9,Willock,7,7,6,6
11/29/2018 14:17:29,Smith-Rowe,,,,,,,,,,,,,,,,
11/29/2018 14:17:35,Smith-Rowe,6,6,10,8,7,8,7,7,9,8,8,Jenkinson,8,8,7,7
11/29/2018 14:21:37,Smith-Rowe,7,6,7,7,6,8,6,9,9,7,8,Guendouzi,6,7,6,8
11/29/2018 14:26:16,Smith-Rowe,7,7,10,7,8,8,7,7,8,7,8,Smith-Rowe,5,10,6,7
11/29/2018 14:29:38,Smith-Rowe,7,8,7,8,8,9,7,9,8,10,9,Ramsey,6,7,7,7
11/29/2018 14:29:42,Smith-Rowe,8,8,8,8,7,9,8,8,9,8,10,Nketiah,7,7,7,7
11/29/2018 14:32:36,Smith-Rowe,,,,,,,,,,,,,,,,
11/29/2018 14:33:28,Smith-Rowe,,,10,,,,,,,,,,,,,
11/29/2018 14:35:49,Smith-Rowe,6,6,9,7,7,8,7,6,9,8,10,Jenkinson,0,5,5,5
11/29/2018 14:36:21,Smith-Rowe,8,8,8,8,8,10,9,8,10,10,9,Smith-Rowe,9,9,9,9
11/29/2018 14:42:08,Smith-Rowe,6,7,8,8,6,8,8,6,8,8,6,Jenkinson,6,8,7,7
11/29/2018 14:44:10,Smith-Rowe,5,6,6,6,8,8,5,6,8,5,8,Smith-Rowe,7,7,6,7
11/29/2018 14:44:21,Smith-Rowe,7,6,7,7,7,7,8,8,9,6,7,Smith-Rowe,5,7,6,6
11/29/2018 14:44:39,Smith-Rowe,,,,,,,,,,,,,,,,
11/29/2018 14:47:26,Smith-Rowe,7,7,7,7,8,10,7,7,10,8,9,Smith-Rowe,7,7,7,7
11/29/2018 14:47:59,Smith-Rowe,7,7,8,7,7,8,8,9,9,9,9,Smith-Rowe,4,7,,
11/29/2018 14:50:03,Smith-Rowe,8,7,7,7,6,8,7,7,9,8,9,Smith-Rowe,7,7,5,6
11/29/2018 14:50:47,Smith-Rowe,7,6,7,6,,7,6,7,6,5,6,Jenkinson,6,7,6,7
11/29/2018 14:50:51,Smith-Rowe,8,7,7,7,8,7,7,8,8,8,8,Maitland-Niles,,,,
11/29/2018 14:55:40,Smith-Rowe,,,,,,,,,,,,,,,,
11/29/2018 15:01:57,Smith-Rowe,8,8,7,7,7,8,8,8,9,7,8,Guendouzi,8,8,8,8
11/29/2018 15:02:08,Smith-Rowe,7,7,8,7,8,7,9,8,8,7,6,Elneny,6,7,6,7
11/29/2018 15:02:10,Smith-Rowe,10,7,8,8,8,9,9,9,10,7,10,Nketiah,10,9,9,8
11/29/2018 15:07:35,Smith-Rowe,8,8,8,8,8,8,8,8,8,8,9,Guendouzi,8,8,8,8
11/29/2018 15:07:43,Smith-Rowe,8,5,5,5,6,8,8,8,10,8,7,Smith-Rowe,7,3,3,3
11/29/2018 15:08:47,Smith-Rowe,7,5,6,6,7,8,7,7,8,7,7,Willock,5,7,6,7
11/29/2018 15:08:53,Smith-Rowe,7,8,10,7,7,8,7,7,9,7,8,Smith-Rowe,,,,
11/29/2018 15:09:56,Smith-Rowe,8,7,8,7,8,8,7,7,8,7,8,,8,8,8,8
11/29/2018 15:12:21,Smith-Rowe,7,7,7,7,6,7,7,7,7,7,7,Guendouzi,6,8,6,7
11/29/2018 15:13:23,Smith-Rowe,,,,,,,,,,,,,,,,
11/29/2018 15:14:13,Smith-Rowe,6,7,7,6,7,7,6,7,8,8,7,Ramsey,7,6,7,6
11/29/2018 15:16:14,Smith-Rowe,,,,,,,,,,,,,,,,
11/29/2018 15:16:36,Smith-Rowe,7,7,7,7,7,8,7,7,9,7,7,Smith-Rowe,8,7,7,7
11/29/2018 15:16:47,Smith-Rowe,6,6,6,6,7,7,7,7,7,8,7,Ramsey,6,6,6,6
11/29/2018 15:20:16,Monreal,,,,,,,,,,,,,,,,
11/29/2018 15:24:01,Smith-Rowe,8,8,8,8,9,7,6,9,9,6,7,Guendouzi,,,,
11/29/2018 15:24:26,Smith-Rowe,8,8,8,8,9,7,6,9,9,6,7,Guendouzi,,,,
11/29/2018 15:26:22,Smith-Rowe,7,7,8,8,7,7,6,6,9,8,8,Smith-Rowe,,7,6,7
11/29/2018 15:27:22,Smith-Rowe,7,7,7,7,7,8,8,7,9,8,10,Nketiah,5,7,7,7
11/29/2018 15:34:55,Smith-Rowe,,,,,,,,,,10,,,,,,
11/29/2018 15:34:56,Smith-Rowe,7,7,7,7,6,8,7,7,8,7,7,Smith-Rowe,5,7,6,7
11/29/2018 15:36:24,Smith-Rowe,8,8,7,8,7,8,7,7,9,9,7,Smith-Rowe,6,6,6,6
11/29/2018 15:40:50,Smith-Rowe,,,,,,,,,,,,,,,,
11/29/2018 15:43:25,Smith-Rowe,6,6,7,7,7,8,7,7,9,7,7,Smith-Rowe,7,7,6,6
11/29/2018 15:48:26,Smith-Rowe,,,,,,,,,,,,,,,,
11/29/2018 15:53:59,Smith-Rowe,7,7,8,7,7,8,7,8,9,7,8,Smith-Rowe,6,7,6,7
11/29/2018 15:54:38,Smith-Rowe,7,7,6,6,7,8,7,8,8,9,7,Ramsey,6,8,8,7
11/29/2018 16:03:46,Smith-Rowe,8,8,8,8,8,,8,8,8,8,8,Smith-Rowe,8,8,8,8
11/29/2018 16:07:08,Smith-Rowe,,,,,,,,,,,,,,,,
11/29/2018 16:14:40,Smith-Rowe,,,,,,,,,,,,,,,,
11/29/2018 16:15:22,Smith-Rowe,7,7,7,6,6,8,6,7,8,8,7,Smith-Rowe,,,,
11/29/2018 16:17:44,Smith-Rowe,7,7,7,7,8,7,7,8,9,9,8,Smith-Rowe,7,7,6,7
11/29/2018 16:18:04,Smith-Rowe,,,,,,,,,,,,,,,,
11/29/2018 16:21:56,Smith-Rowe,,,,,,,,,,,,,,,,
11/29/2018 16:22:18,Smith-Rowe,,,,,,,,,,,,,,,,
11/29/2018 16:46:39,Smith-Rowe,10,9,9,9,7,8,7,8,9,8,8,ƒåech,0,5,5,5
11/29/2018 16:48:05,Smith-Rowe,7,7,7,7,8,9,7,10,9,8,7,Guendouzi,1,6,6,8
11/29/2018 17:01:04,Smith-Rowe,7,6,8,6,8,8,7,6,8,7,7,Willock,4,7,6,7
11/29/2018 17:04:31,Smith-Rowe,,,,,,,,,,,,,,,,
11/29/2018 17:13:03,Smith-Rowe,,,,,,,,,,,,,,,,
11/29/2018 17:13:32,Smith-Rowe,,,,,,,,,,,,,,,,
11/29/2018 17:23:04,Smith-Rowe,7,7,7,7,7,8,7,7,8,8,7,Smith-Rowe,,,,
11/29/2018 17:30:17,Smith-Rowe,6,6,8,7,6,8,8,7,9,7,7,Jenkinson,6,6,6,7
11/29/2018 17:31:03,Smith-Rowe,7,8,8,8,7,9,9,9,9,8,8,Willock,7,7,6,7
11/29/2018 17:45:03,Smith-Rowe,,,,,,,,,,,,,,,,
11/29/2018 17:47:34,Monreal,,,,,,,,,,,,,,,,
11/29/2018 17:53:32,Smith-Rowe,7,6,7,7,8,8,7,9,9,8,7,Guendouzi,,,,
11/29/2018 18:05:02,Smith-Rowe,,,,,,,,,,,,,,,,
11/29/2018 18:11:36,Smith-Rowe,5,5,5,5,5,7,6,6,6,6,6,Nketiah,4,6,6,6
11/29/2018 18:22:08,Smith-Rowe,9,9,9,9,8,9,8,8,10,8,8,Smith-Rowe,4,7,5,7
11/29/2018 18:48:24,Smith-Rowe,6,5,8,8,6,7,4,5,9,7,8,Jenkinson,5,7,7,7
11/29/2018 18:53:22,Smith-Rowe,7,7,7,8,7,9,7,8,10,6,7,Smith-Rowe,7,8,7,7
11/29/2018 18:53:25,Smith-Rowe,7,7,7,8,7,9,7,8,10,6,7,Smith-Rowe,7,8,7,7
11/29/2018 18:54:00,Smith-Rowe,7,7,7,8,7,9,7,8,10,6,7,Smith-Rowe,7,8,7,7
11/29/2018 18:56:21,Smith-Rowe,7,7,8,8,8,7,7,9,9,8,8,Guendouzi,,7,7,7
11/29/2018 19:21:16,Smith-Rowe,5,6,10,7,6,6,5,6,9,9,5,Jenkinson,0,7,6,6
11/29/2018 19:27:06,Smith-Rowe,8,8,8,7,7,7,8,7,10,8,7,Smith-Rowe,0,7,5,6
11/29/2018 19:31:13,Smith-Rowe,7,7,7,7,7,7,7,7,8,6,7,Smith-Rowe,,,,
11/29/2018 19:44:54,Smith-Rowe,7,7,7,7,7,7,7,8,7,7,7,Guendouzi,6,6,6,7
11/29/2018 20:06:00,Smith-Rowe,7,7,6,6,7,7,7,8,8,8,8,Guendouzi,7,7,5,7
11/29/2018 20:20:33,Smith-Rowe,7,7,7,7,7,7,7,7,7,7,7,Nketiah,10,7,7,7
11/29/2018 20:22:36,Smith-Rowe,10,7,7,7,8,8,6,6,9,8,8,Smith-Rowe,2,7,6,8
11/29/2018 20:25:30,Smith-Rowe,8,7,8,8,7,10,8,8,10,9,9,Willock,3,8,6,8
11/29/2018 20:39:23,Smith-Rowe,,,,,,,,,,,,,,,,
11/29/2018 21:17:03,Smith-Rowe,7,8,8,8,8,8,6,7,8,6,7,Smith-Rowe,,7,5,7
11/29/2018 23:27:56,Smith-Rowe,7,7,8,8,8,8,7,8,9,7,9,Nketiah,6,7,6,6
11/29/2018 23:28:55,Smith-Rowe,8,7,6,6,6,8,7,7,8,8,7,Smith-Rowe,5,7,5,5
11/29/2018 23:56:43,Smith-Rowe,7,8,8,7,9,8,8,8,8,8,7,Smith-Rowe,3,8,6,7
11/30/2018 0:34:12,Smith-Rowe,,,,,,,,,,,,,,,,
11/30/2018 0:53:52,Smith-Rowe,8,9,7,8,9,9,7,8,10,7,9,Smith-Rowe,7,8,7,9
11/30/2018 1:15:59,Smith-Rowe,6,7,7,7,7,8,6,6,8,7,6,Willock,5,6,5,5
11/30/2018 1:18:41,Monreal,,,,,,,,,,,,,,,,
11/30/2018 2:13:41,Smith-Rowe,,,,,,,,,,,,,,,,
11/30/2018 2:28:33,Smith-Rowe,6,6,6,6,6,6,5,8,8,7,7,Guendouzi,8,7,4,6
11/30/2018 3:11:10,Smith-Rowe,7,7,7,7,7,7,7,7,7,7,8,Nketiah,7,7,7,7
11/30/2018 3:14:46,Smith-Rowe,6,6,6,7,6,8,6,7,7,7,7,Willock,,,,
11/30/2018 3:25:41,Smith-Rowe,6,7,6,7,7,8,7,7,9,8,8,Nketiah,8,8,8,8
11/30/2018 3:26:38,Smith-Rowe,,,,,,,,,,,,,,,,
11/30/2018 4:07:54,Smith-Rowe,8,6,6,6,7,8,7,7,8,7,7,Guendouzi,6,7,6,6
11/30/2018 4:42:21,Smith-Rowe,,,,,,,,,,,,,,,,
11/30/2018 4:51:03,Smith-Rowe,,,,,,,,,,,,,,,,
11/30/2018 5:18:59,Smith-Rowe,6,6,7,6,6,7,6,6,7,7,6,Ramsey,5,6,6,6
11/30/2018 6:45:03,Smith-Rowe,,,,,,8,6,,9,10,4,Ramsey,,,,
11/30/2018 6:47:14,Smith-Rowe,,,,,,8,6,,9,10,4,Ramsey,,,,
11/30/2018 6:59:09,Smith-Rowe,7,7,7,8,8,7,7,7,8,8,8,Smith-Rowe,6,6,6,6
11/30/2018 8:30:49,Smith-Rowe,8,8,8,8,8,10,7,9,10,9,10,Smith-Rowe,,,,
11/30/2018 8:58:04,Smith-Rowe,5,6,5,7,7,8,5,7,8,7,9,,,,,
11/30/2018 9:10:58,Smith-Rowe,,,,,,,,,,,,,,,,
11/30/2018 21:08:09,Smith-Rowe,9,8,8,8,8,8,8,8,9,9,9,Nketiah,7,9,7,8
,,,,,,7.28,,,,,,,,,,,
,,7.13,7.02,7.42,7.21,,,,,,,,,,,6.34,6.63
,,,,,,,7.91,7.06,7.55,8.57,7.52,7.68,,5.79,7.12,,
,,,,,,,,,,,,,,,,,
,,Sorry that the row of averages is all goofy. I got distracted by local political events (Chicago).,,,,,,,,,,,,,,,