Timestamp,Who scored Arsenal's first goal?,Leno,Mustafi,Holding,Sokratis,Kola코inac,Xhaka,Torreira 丘쬂잺,Beller칤n,Mkhitaryan,Iwobi,Mkhitaryan,Aubameyang 丘쬂잺丘쬂잺游,Man of the Match,Referee Mike Dean,Ramsey 游넗릔(on at 46'),Lacazette 丘쬂잺(on at 46'),Guendouzi (on at 
12/2/2018 9:19:17,Aubameyang,6,6,6,6,6,6,6,6,6,6,6,6,Aubameyang,6,6,6,6
12/2/2018 10:03:05,Aubameyang,7,7,8,8,9,8,9,8,,8,7,10,Aubameyang,3,9,9,8
12/2/2018 10:03:20,Aubameyang,7,7,8,8,8,10,10,9,,7,7,10,Aubameyang,6,9,9,8
12/2/2018 10:03:30,Aubameyang,6,7,7,9,8,8,10,7,,7,6,10,Aubameyang,1,10,9,8
12/2/2018 10:03:35,Aubameyang,7,7,8,7,8,9,10,8,,7,7,10,Torreira,5,9,10,8
12/2/2018 10:03:38,Aubameyang,8,7,7,8,9,8,10,7,,5,5,10,Torreira,2,9,9,7
12/2/2018 10:03:41,Aubameyang,5,6,6,8,9,8,10,7,,6,5,10,Torreira,0,9,9,8
12/2/2018 10:03:54,Aubameyang,8,8,7,8,9,9,10,8,,6,6,10,Aubameyang,6,10,10,9
12/2/2018 10:03:56,Aubameyang,8,7,8,7,9,7,10,7,,5,6,10,Aubameyang,0,9,9,8
12/2/2018 10:03:59,Aubameyang,7,8,9,10,9,9,9,9,,7,7,9,Aubameyang,3,8,8,8
12/2/2018 10:04:00,Aubameyang,6,7,7,7,9,8,10,9,,6,5,10,Torreira,3,7,8,8
12/2/2018 10:04:10,Aubameyang,8,9,9,9,9,9,10,9,,8,8,10,Torreira,5,9,9,9
12/2/2018 10:04:13,Aubameyang,6,6,7,7,8,8,10,9,,7,6,9,Torreira,1,7,8,6
12/2/2018 10:04:26,Aubameyang,6,7,7,7,8,8,10,8,,6,5,10,Aubameyang,0,8,9,8
12/2/2018 10:04:29,Aubameyang,6,7,7,8,7,7,10,8,,6,5,9,Torreira,4,8,8,7
12/2/2018 10:04:31,Aubameyang,10,10,10,10,10,10,10,10,,10,10,10,Aubameyang,1,10,10,10
12/2/2018 10:04:36,Aubameyang,8,8,10,9,10,10,10,7,,8,8,10,Aubameyang,3,9,10,9
12/2/2018 10:04:38,Aubameyang,6,7,7,8,9,7,9,8,,5,6,9,Torreira,5,9,9,6
12/2/2018 10:04:46,Aubameyang,5,7,7,8,7,9,10,9,,6,6,10,Aubameyang,10,8,8,10
12/2/2018 10:04:49,Aubameyang,7,8,8,9,8,8,10,9,,6,6,10,Torreira,4,9,9,8
12/2/2018 10:04:52,Aubameyang,6,6,7,7,8,6,9,6,,5,5,10,Aubameyang,4,8,9,6
12/2/2018 10:04:53,Aubameyang,7,7,8,9,8,9,10,7,,7,7,10,Aubameyang,7,10,10,6
12/2/2018 10:04:57,Aubameyang,9,9,9,9,9,9,10,9,,8,8,10,Torreira,4,10,9,9
12/2/2018 10:04:58,Aubameyang,7,8,8,8,9,8,10,8,,6,6,10,Aubameyang,7,9,9,7
12/2/2018 10:05:03,Aubameyang,7,6,7,5,7,8,10,6,,5,5,9,Torreira,7,9,9,7
12/2/2018 10:05:10,Aubameyang,10,10,10,10,10,10,10,10,,10,10,10,Torreira,10,10,10,10
12/2/2018 10:05:13,Aubameyang,7,6,7,8,9,10,10,10,,7,7,10,Kola코inac,0,8,10,10
12/2/2018 10:05:13,Aubameyang,8,8,7,7,8,8,10,9,,7,7,10,Torreira,6,9,9,9
12/2/2018 10:05:14,Aubameyang,7,7,8,8,9,9,10,8,,7,6,10,Torreira,0,10,10,8
12/2/2018 10:05:14,Aubameyang,,,,,,,,,,,,,,,,,
12/2/2018 10:05:35,Aubameyang,10,10,10,10,10,10,10,10,,10,10,10,Aubameyang,0,10,10,10
12/2/2018 10:05:36,Aubameyang,5,6,6,6,7,8,9,6,,6,5,10,Aubameyang,6,8,8,7
12/2/2018 10:05:38,Aubameyang,7,8,9,8,8,9,10,8,,6,6,10,Torreira,5,8,9,7
12/2/2018 10:05:50,Aubameyang,7,7,6,7,9,8,10,8,,7,5,10,Aubameyang,0,9,9,8
12/2/2018 10:05:59,Aubameyang,7,8,8,8,9,8,10,9,,6,6,10,Aubameyang,3,10,10,9
12/2/2018 10:06:03,Aubameyang,8,8,8,8,8,8,10,8,,6,7,10,Aubameyang,0,9,9,8
12/2/2018 10:06:03,Aubameyang,10,10,10,10,10,10,10,10,,8,5,10,Aubameyang,6,10,10,8
12/2/2018 10:06:07,Aubameyang,6,6,7,7,7,7,8,6,,6,6,7,Torreira,3,7,7,6
12/2/2018 10:06:12,Aubameyang,4,7,6,7,10,8,10,7,,6,7,9,Kola코inac,5,9,8,4
12/2/2018 10:06:33,Aubameyang,6,7,7,8,9,8,9,7,,6,5,9,Aubameyang,7,8,8,8
12/2/2018 10:06:33,Aubameyang,7,7,7,8,7,8,10,9,,6,5,10,Aubameyang,5,9,8,7
12/2/2018 10:06:37,Aubameyang,9,10,9,10,10,10,10,10,,10,8,10,Torreira,0,10,10,10
12/2/2018 10:06:46,Aubameyang,8,7,6,9,9,7,10,5,,5,5,9,Torreira,5,9,9,8
12/2/2018 10:06:56,Aubameyang,5,6,8,7,9,8,10,6,,4,4,10,Aubameyang,9,9,9,9
12/2/2018 10:06:59,Aubameyang,7,7,7,8,8,8,10,9,,6,6,10,Aubameyang,1,8,8,7
12/2/2018 10:07:29,Aubameyang,10,10,10,10,10,10,10,10,,10,10,10,,0,10,10,10
12/2/2018 10:07:39,Aubameyang,6,7,7,7,8,9,10,7,,4,4,10,Aubameyang,3,8,9,8
12/2/2018 10:07:45,Aubameyang,9,8,7,8,9,9,10,9,,7,7,10,Aubameyang,1,8,9,8
12/2/2018 10:07:49,Aubameyang,5,5,7,7,8,8,10,8,,5,5,10,Torreira,5,7,7,7
12/2/2018 10:08:10,Aubameyang,6,6,8,6,7,7,9,8,,5,5,9,Aubameyang,2,8,8,7
12/2/2018 10:08:15,Aubameyang,10,10,10,10,10,10,10,10,,10,10,10,Torreira,0,10,10,10
12/2/2018 10:08:31,Aubameyang,10,10,10,10,10,10,10,10,,10,10,10,Torreira,0,10,10,10
12/2/2018 10:08:40,Aubameyang,9,8,8,9,9,9,10,9,,8,7,10,Aubameyang,0,9,9,7
12/2/2018 10:08:55,Aubameyang,6,7,7,7,8,8,9,9,,7,6,10,Aubameyang,6,8,7,7
12/2/2018 10:08:57,Aubameyang,7,7,7,8,7,8,9,8,,7,7,9,Ramsey,6,9,8,7
12/2/2018 10:09:08,Aubameyang,6,8,7,8,9,9,10,10,,6,7,10,Torreira,0,10,10,9
12/2/2018 10:09:10,Aubameyang,7,7,8,9,8,8,10,8,,7,6,10,Torreira,6,7,8,7
12/2/2018 10:09:16,Aubameyang,7,7,8,8,9,9,10,9,,7,6,10,Torreira,0,9,8,8
12/2/2018 10:09:35,Aubameyang,7,7,7,7,7,7,10,7,,6,4,10,Torreira,0,10,10,7
12/2/2018 10:09:23,Aubameyang,6,7,7,8,8,8,10,8,,7,7,10,Torreira,5,9,9,7
12/2/2018 10:09:32,Aubameyang,6,8,9,8,10,8,10,8,,7,6,10,Aubameyang,6,9,8,7
12/2/2018 10:09:51,Aubameyang,7,8,9,10,9,7,10,8,,8,7,10,Aubameyang,1,10,9,8
12/2/2018 10:10:21,Aubameyang,4,7,6,8,9,9,10,10,,6,4,10,Torreira,2,9,9,8
12/2/2018 10:10:24,Aubameyang,8,8,8,7,8,8,10,7,,7,7,10,Torreira,0,8,8,8
12/2/2018 10:10:25,Aubameyang,8,9,7,10,10,9,10,10,,6,6,10,Torreira,0,9,9,8
12/2/2018 10:10:27,Aubameyang,10,7,8,10,10,9,10,9,,7,6,10,Torreira,0,10,10,9
12/2/2018 10:10:37,Aubameyang,7,7,7,9,9,8,10,9,,7,7,10,Aubameyang,0,10,9,9
12/2/2018 10:10:41,Aubameyang,7,8,8,8,9,8,10,9,,7,7,10,,10,9,9,7
12/2/2018 10:10:45,Aubameyang,6,5,4,6,9,6,10,9,,3,4,10,Aubameyang,1,10,10,7
12/2/2018 10:10:57,Aubameyang,6,7,6,6,7,7,9,7,,6,6,9,Torreira,6,9,8,8
12/2/2018 10:11:07,Aubameyang,7,6,7,7,7,6,9,7,,6,10,10,Aubameyang,0,6,8,7
12/2/2018 10:11:23,Aubameyang,6,8,7,8,7,8,10,7,,6,6,10,Aubameyang,7,8,8,6
12/2/2018 10:11:34,Aubameyang,7,7,8,9,8,8,10,8,,6,6,10,Aubameyang,6,9,9,7
12/2/2018 10:12:03,Aubameyang,7,8,9,9,8,9,10,7,,7,8,10,Aubameyang,2,9,9,9
12/2/2018 10:12:14,Aubameyang,6,6,8,6,7,8,10,7,,7,6,9,Torreira,5,8,7,6
12/2/2018 10:12:22,Aubameyang,6,10,10,10,10,10,10,10,,10,10,10,Torreira,8,10,10,10
12/2/2018 10:12:35,Aubameyang,6,6,7,7,7,8,10,9,,7,7,9,Torreira,0,5,9,8
12/2/2018 10:12:40,Aubameyang,7,7,8,8,9,9,10,7,,7,6,10,Torreira,6,9,9,8
12/2/2018 10:12:53,Aubameyang,5,6,7,6,7,7,9,8,,5,3,9,Torreira,4,8,8,6
12/2/2018 10:12:57,Aubameyang,8,7,7,8,8,9,10,9,,7,7,9,Torreira,6,8,8,7
12/2/2018 10:13:19,Aubameyang,5,5,6,6,7,5,9,6,,5,4,10,Aubameyang,3,9,9,7
12/2/2018 10:13:36,Aubameyang,5,9,8,8,9,8,10,9,,8,7,10,Aubameyang,0,10,10,9
12/2/2018 10:13:41,Aubameyang,8,7,8,9,9,8,10,8,,7,7,9,Torreira,5,9,9,9
12/2/2018 10:13:48,Aubameyang,8,8,9,9,9,9,10,9,,7,7,10,Torreira,7,9,9,8
12/2/2018 10:14:04,Aubameyang,8,8,8,8,9,8,10,8,,8,7,10,Aubameyang,0,10,10,8
12/2/2018 10:14:09,Aubameyang,6,7,8,8,7,7,9,8,,7,6,9,Ramsey,5,9,9,9
12/2/2018 10:14:11,Aubameyang,5,6,7,7,8,5,10,4,,6,6,9,Torreira,6,8,7,6
12/2/2018 10:14:20,Aubameyang,10,10,10,10,10,10,10,10,,10,10,10,Torreira,0,10,10,10
12/2/2018 10:14:34,Aubameyang,3,5,6,6,8,7,9,7,,5,6,10,Aubameyang,5,9,9,7
12/2/2018 10:14:47,Aubameyang,9,8,8,7,9,9,10,9,,5,5,10,Torreira,1,9,9,8
12/2/2018 10:14:57,Aubameyang,3,5,6,6,8,7,9,7,,5,6,10,Aubameyang,5,9,9,7
12/2/2018 10:15:10,Aubameyang,7,8,7,8,7,8,10,8,,7,6,9,Torreira,6,9,8,7
12/2/2018 10:15:22,Aubameyang,,,,,,,,,,,,,,,,,
12/2/2018 10:15:22,Aubameyang,8,7,8,8,9,8,10,8,,5,5,10,Aubameyang,4,9,9,8
12/2/2018 10:15:30,Aubameyang,10,10,10,10,10,10,10,10,,10,10,10,Torreira,5,10,10,10
12/2/2018 10:15:33,Aubameyang,7,7,6,7,7,7,10,8,,6,6,10,Torreira,0,9,8,7
12/2/2018 10:15:43,Aubameyang,9,5,6,7,8,5,10,7,,7,3,10,Aubameyang,0,10,10,7
12/2/2018 10:16:08,Aubameyang,6,8,7,8,8,8,9,8,,7,7,9,Aubameyang,8,9,8,7
12/2/2018 10:16:29,Aubameyang,7,7,8,7,9,7,10,8,,7,7,10,Torreira,0,9,9,7
12/2/2018 10:16:40,Aubameyang,7,8,8,7,8,9,9,8,,8,6,10,Aubameyang,3,9,9,7
12/2/2018 10:16:41,Aubameyang,7,7,8,8,8,8,9,8,,6,5,10,Aubameyang,5,7,9,8
12/2/2018 10:16:50,Aubameyang,6,7,8,9,7,7,10,8,,6,5,9,Torreira,4,8,8,7
12/2/2018 10:17:25,Aubameyang,5,6,6,7,8,7,10,10,,6,6,10,Beller칤n,5,9,8,7
12/2/2018 10:17:30,Aubameyang,8,7,7,8,9,9,10,7,,6,5,10,Aubameyang,0,10,10,7
12/2/2018 10:17:38,Aubameyang,,,,,,,,,,,,,,,,,
12/2/2018 10:17:56,Aubameyang,10,10,10,10,,10,10,10,,10,10,10,,10,10,10,10
12/2/2018 10:18:09,Aubameyang,7,7,8,9,9,9,10,9,,7,5,10,Torreira,6,8,9,8
12/2/2018 10:18:09,Aubameyang,8,7,8,8,8,9,10,7,,6,6,10,Aubameyang,7,8,8,7
12/2/2018 10:18:16,Aubameyang,8,7,8,8,9,8,10,9,,6,7,10,Torreira,3,8,9,8
12/2/2018 10:18:28,Aubameyang,6,6,8,7,8,7,10,7,,7,7,9,Torreira,5,9,9,7
12/2/2018 10:18:30,Aubameyang,10,10,10,10,10,10,10,10,,10,10,10,Torreira,0,10,10,10
12/2/2018 10:19:45,Aubameyang,6,7,8,8,8,8,10,7,,6,6,10,Aubameyang,8,8,8,7
12/2/2018 10:19:54,Aubameyang,5,6,8,8,9,7,10,9,,6,5,10,Torreira,0,8,7,7
12/2/2018 10:20:10,Aubameyang,7,8,7,8,8,8,9,7,,6,6,9,Torreira,6,7,8,7
12/2/2018 10:20:20,Aubameyang,8,10,10,10,10,10,10,10,,8,8,10,Torreira,0,10,10,10
12/2/2018 10:20:35,Aubameyang,6,8,7,8,8,8,10,9,,6,7,10,Torreira,4,9,8,7
12/2/2018 10:20:45,Aubameyang,7,7,8,8,9,9,10,9,,7,6,9,Torreira,3,9,8,7
12/2/2018 10:20:53,Aubameyang,8,8,7,9,9,9,10,9,,8,8,10,Torreira,6,9,10,7
12/2/2018 10:20:54,Aubameyang,6,7,7,7,8,7,9,7,,7,6,9,Torreira,2,8,7,7
12/2/2018 10:21:09,Aubameyang,8,9,9,10,9,10,10,8,,7,6,10,Torreira,7,9,9,8
12/2/2018 10:21:36,Aubameyang,8,7,8,8,9,9,10,7,,5,6,9,Torreira,7,9,8,6
12/2/2018 10:21:42,Aubameyang,7,7,8,8,8,8,9,7,,6,5,9,Torreira,0,8,9,8
12/2/2018 10:21:54,Aubameyang,7,7,7,8,8,8,10,7,,6,6,9,Torreira,5,8,8,7
12/2/2018 10:22:16,Aubameyang,6,5,6,8,7,7,9,7,,5,6,9,Torreira,6,8,7,6
12/2/2018 10:23:03,Aubameyang,7,7,8,8,8,8,10,9,,7,6,10,Aubameyang,5,9,9,8
12/2/2018 10:23:04,Aubameyang,8,7,7,8,10,9,10,9,,4,5,10,Aubameyang,9,8,9,8
12/2/2018 10:23:08,Aubameyang,9,9,9,10,10,10,10,10,,8,7,10,Aubameyang,0,10,10,10
12/2/2018 10:23:41,Aubameyang,,,,,,,,,,,,,,,,,
12/2/2018 10:23:59,Aubameyang,6,8,7,8,8,8,10,9,,8,8,10,Aubameyang,0,10,10,8
12/2/2018 10:24:00,Aubameyang,7,7,7,8,7,8,10,8,,6,4,10,Aubameyang,2,9,9,7
12/2/2018 10:24:20,Aubameyang,7,7,7,8,7,8,10,8,,6,4,10,Aubameyang,2,9,9,7
12/2/2018 10:24:25,Aubameyang,8,8,8,8,9,8,9,9,,7,7,10,Aubameyang,6,10,9,8
12/2/2018 10:25:29,Aubameyang,7,7,7,8,6,7,10,8,,6,5,10,Aubameyang,5,8,8,7
12/2/2018 10:25:44,Aubameyang,10,10,10,10,10,10,10,10,,10,10,10,Torreira,0,10,10,10
12/2/2018 10:25:45,Aubameyang,7,6,8,9,10,7,10,8,,5,5,10,Torreira,6,8,8,7
12/2/2018 10:25:54,Aubameyang,8,9,9,9,8,8,10,9,,7,7,10,Torreira,5,8,8,7
12/2/2018 10:27:03,Aubameyang,6,6,7,7,6,6,8,7,,6,5,8,,6,8,7,6
12/2/2018 10:27:19,Aubameyang,7,8,8,9,8,8,10,9,,5,5,10,Torreira,4,8,7,7
12/2/2018 10:27:44,Aubameyang,7,7,9,8,8,8,10,9,,6,6,10,Aubameyang,0,9,10,9
12/2/2018 10:27:49,Aubameyang,6,6,7,7,8,7,9,8,,6,6,10,Aubameyang,0,7,7,7
12/2/2018 10:28:33,Aubameyang,7,8,8,8,9,8,10,8,,7,7,10,Torreira,0,9,9,7
12/2/2018 10:29:07,Aubameyang,10,10,10,10,10,10,10,10,,8,8,10,Aubameyang,3,10,10,10
12/2/2018 10:29:28,Aubameyang,5,7,8,8,8,8,10,8,,7,7,10,Torreira,0,9,9,8
12/2/2018 10:30:56,Aubameyang,5,6,6,8,8,7,10,8,,6,8,9,Torreira,5,8,8,7
12/2/2018 10:31:37,Aubameyang,5,6,6,7,7,8,9,7,,6,5,10,Aubameyang,3,9,8,7
12/2/2018 10:32:19,Aubameyang,7,8,8,9,9,7,10,8,,6,5,10,Torreira,5,9,8,6
12/2/2018 10:33:27,Aubameyang,7,6,7,8,8,7,10,7,,6,6,10,Torreira,0,9,8,7
12/2/2018 10:33:29,Aubameyang,8,7,8,8,8,9,10,8,,7,7,10,Aubameyang,2,9,9,8
12/2/2018 10:34:10,Aubameyang,6,8,8,8,8,8,10,9,,6,5,10,Aubameyang,4,9,8,7
12/2/2018 10:34:27,Aubameyang,7,8,8,8,10,8,10,10,,6,6,10,Torreira,3,9,9,7
12/2/2018 10:34:36,Monreal,,,,,,,,,,,,,,,,,
12/2/2018 10:35:34,Aubameyang,6,7,8,8,10,9,10,9,,6,5,9,Torreira,7,10,9,7
12/2/2018 10:36:56,Aubameyang,6,7,7,7,7,7,9,7,,6,6,8,Torreira,4,8,8,7
12/2/2018 10:38:36,Aubameyang,8,7,9,9,8,9,10,9,,7,6,10,Aubameyang,3,9,9,8
12/2/2018 10:38:47,Aubameyang,7,6,6,7,9,8,10,8,,6,6,9,Torreira,5,8,8,7
12/2/2018 10:38:50,Aubameyang,7,8,8,8,9,9,10,8,,7,6,10,Aubameyang,5,9,8,8
12/2/2018 10:41:33,Aubameyang,,,,,,,,,,,,,,,,,
12/2/2018 10:42:38,Aubameyang,3,7,6,6,10,8,10,7,,5,6,9,Kola코inac,5,9,8,4
12/2/2018 10:42:38,Aubameyang,7,8,9,9,9,10,10,9,,5,6,10,Torreira,0,10,10,10
12/2/2018 10:43:20,Aubameyang,7,7,6,7,9,8,10,8,,7,7,9,Torreira,3,9,8,7
12/2/2018 10:43:32,Aubameyang,7,7,7,8,9,8,10,9,,6,5,10,Aubameyang,0,9,10,7
12/2/2018 10:43:43,Aubameyang,5,7,10,8,9,7,10,9,,7,7,10,Torreira,0,8,8,8
12/2/2018 10:43:55,Aubameyang,8,7,7,7,8,8,10,8,,8,8,10,,7,9,9,8
12/2/2018 10:44:08,Aubameyang,10,10,10,10,10,10,10,10,,6,6,10,Aubameyang,0,10,10,10
12/2/2018 10:44:20,Aubameyang,6,7,8,8,8,8,9,8,,6,6,10,Aubameyang,0,9,8,7
12/2/2018 10:44:47,Aubameyang,6,7,7,8,8,7,9,7,,6,6,8,Torreira,6,7,7,6
12/2/2018 10:45:41,Aubameyang,6,7,7,7,8,8,10,8,,6,6,9,Torreira,3,8,7,7
12/2/2018 10:46:49,Aubameyang,7,8,7,9,8,8,10,9,,7,7,10,Aubameyang,0,,10,8
12/2/2018 10:47:02,Aubameyang,7,7,8,8,8,9,10,8,,7,7,10,Aubameyang,7,9,9,7
12/2/2018 10:51:16,Aubameyang,9,9,9,9,9,9,10,9,,8,8,10,Torreira,0,9,9,9
12/2/2018 10:51:41,Aubameyang,10,10,10,10,10,10,10,10,,10,10,10,Torreira,0,10,10,10
12/2/2018 10:52:54,Aubameyang,5,6,6,7,7,7,9,7,,6,6,10,Aubameyang,5,8,8,7
12/2/2018 10:53:55,Aubameyang,6,7,7,8,8,7,10,8,,6,7,10,Torreira,5,8,8,7
12/2/2018 10:54:19,Aubameyang,5,6,7,7,8,8,10,8,,7,6,9,Torreira,5,8,8,6
12/2/2018 10:54:27,Aubameyang,7,9,10,10,10,10,10,8,,0,5,10,Torreira,1,10,10,7
12/2/2018 10:55:25,Aubameyang,,,,,,,,,,,,,,,,,
12/2/2018 10:56:39,Aubameyang,5,7,6,7,7,7,9,8,,7,7,9,Torreira,,8,8,7
12/2/2018 10:56:42,Aubameyang,5,6,8,8,8,8,10,7,,6,7,9,Torreira,0,8,8,7
12/2/2018 10:56:54,Aubameyang,5,7,8,8,9,9,10,8,,7,4,9,Torreira,5,9,9,9
12/2/2018 10:57:25,Aubameyang,8,8,9,9,9,9,10,9,,6,6,10,Torreira,4,8,8,8
12/2/2018 11:00:17,Aubameyang,7,7,7,8,8,7,9,8,,6,5,10,Aubameyang,6,8,8,7
12/2/2018 11:01:05,Aubameyang,4,5,7,7,8,7,10,8,,5,4,10,Torreira,0,9,8,6
12/2/2018 11:03:30,Aubameyang,6,8,8,8,9,9,10,9,,8,7,10,Aubameyang,0,9,9,7
12/2/2018 11:06:56,Aubameyang,6,6,6,7,7,7,10,8,,6,6,10,Torreira,7,9,8,7
12/2/2018 11:07:11,Aubameyang,8,8,8,8,8,8,10,8,,8,6,9,,0,8,8,8
12/2/2018 11:10:28,Aubameyang,5,5,6,6,6,6,8,5,,4,5,8,,2,7,7,6
12/2/2018 11:10:30,Aubameyang,6,7,7,7,7,7,8,7,,7,5,9,Aubameyang,5,7,7,6
12/2/2018 11:10:37,Aubameyang,5,6,6,7,7,7,9,7,,6,6,9,Torreira,9,8,8,6
12/2/2018 11:12:32,Aubameyang,4,6,5,8,8,8,10,7,,5,6,9,Torreira,3,9,7,6
12/2/2018 11:12:46,Aubameyang,6,6,6,6,8,7,9,8,,8,5,9,Aubameyang,1,7,7,6
12/2/2018 11:14:56,Aubameyang,7,7,9,9,10,8,10,8,,6,6,10,Torreira,0,9,9,8
12/2/2018 11:16:07,Aubameyang,10,10,10,10,10,10,10,10,,10,4,10,,0,10,10,10
12/2/2018 11:16:15,Aubameyang,10,10,10,10,10,10,10,10,,10,4,10,,0,10,10,10
12/2/2018 11:16:55,Aubameyang,5,6,8,6,8,7,9,7,,6,6,10,Aubameyang,1,9,9,6
12/2/2018 11:17:37,Aubameyang,6,6,6,7,9,7,10,8,,6,6,9,Mkhitaryan,8,8,8,7
12/2/2018 11:19:31,Aubameyang,8,8,8,10,9,9,10,10,,7,7,10,Torreira,2,9,8,8
12/2/2018 11:20:10,Aubameyang,6,6,7,8,8,8,10,9,,6,6,9,Torreira,1,8,8,8
12/2/2018 11:21:57,Aubameyang,,,,,,,,,,,,,,10,,,
12/2/2018 11:23:03,Aubameyang,6,8,8,9,9,9,10,8,,6,6,10,Aubameyang,0,9,9,8
12/2/2018 11:25:52,Aubameyang,5,6,6,7,8,8,9,9,,8,6,8,Aubameyang,7,7,9,7
12/2/2018 11:27:07,Aubameyang,6,6,8,7,7,7,8,6,,5,5,9,Aubameyang,0,8,8,5
12/2/2018 11:27:29,Aubameyang,7,6,7,7,8,7,10,8,,7,6,10,Torreira,0,9,8,7
12/2/2018 11:29:26,Aubameyang,7,7,7,7,9,7,10,9,,6,6,10,Torreira,8,8,9,8
12/2/2018 11:31:41,Aubameyang,7,7,8,9,8,8,10,8,,6,5,9,Torreira,5,7,8,7
12/2/2018 11:37:05,Aubameyang,8,8,10,9,10,8,10,9,,7,6,10,Torreira,0,8,9,8
12/2/2018 11:45:29,Aubameyang,7,8,7,9,10,10,10,9,,7,7,10,Torreira,0,10,10,10
12/2/2018 11:47:26,Aubameyang,7,8,8,9,9,9,10,9,,8,7,9,Torreira,8,9,9,8
12/2/2018 11:47:45,Aubameyang,,,,,,,,,,,,,,,,,
12/2/2018 11:48:57,Aubameyang,,,,,,,,,,,,,,,,,
12/2/2018 11:49:08,Aubameyang,5,7,7,8,9,8,10,8,,7,5,10,Torreira,3,9,9,7
12/2/2018 11:49:46,Aubameyang,,,,,,,,,,,,,,,,,
12/2/2018 11:49:57,Aubameyang,6,6,7,8,9,7,10,7,,5,5,10,,3,8,8,6
12/2/2018 11:52:15,Aubameyang,5,6,7,7,8,7,10,9,,6,6,10,Torreira,6,8,8,7
12/2/2018 11:57:35,Aubameyang,6,6,6,7,7,8,10,7,,6,5,10,Torreira,0,8,7,6
12/2/2018 12:01:07,Aubameyang,7,7,6,8,8,7,10,8,,6,6,10,Aubameyang,4,8,7,7
12/2/2018 12:01:25,Aubameyang,8,8,9,9,9,8,10,9,,7,8,10,Aubameyang,0,9,8,7
12/2/2018 12:06:03,Aubameyang,0,10,10,10,10,0,10,10,,10,10,10,,10,,,
12/2/2018 12:14:55,Aubameyang,7,8,9,9,7,7,10,9,,8,6,10,Torreira,8,9,9,9
12/2/2018 12:15:06,Aubameyang,7,7,7,8,9,9,10,9,,7,7,9,Torreira,7,9,9,8
12/2/2018 12:17:04,Aubameyang,6,6,7,8,8,7,10,7,,6,5,9,Torreira,0,8,7,6
12/2/2018 12:17:41,Aubameyang,6,6,7,8,8,7,10,7,,6,5,9,Torreira,0,8,7,6
12/2/2018 12:20:15,Aubameyang,7,8,8,9,8,8,8,8,,8,7,10,Aubameyang,4,8,8,7
12/2/2018 12:35:52,Aubameyang,6,7,8,8,8,8,9,8,,6,6,9,Aubameyang,2,9,7,7
12/2/2018 12:38:47,Aubameyang,6,6,7,7,8,8,9,7,,6,6,10,Aubameyang,3,8,7,8
12/2/2018 12:42:02,Aubameyang,5,5,6,6,5,6,8,6,,7,4,9,Aubameyang,6,8,7,6
12/2/2018 12:43:59,Aubameyang,5,8,7,6,7,6,9,6,,6,4,9,Aubameyang,3,8,8,6
12/2/2018 12:44:59,Aubameyang,8,7,8,8,8,9,9,8,,7,7,10,Aubameyang,5,9,9,7
12/2/2018 12:45:19,Aubameyang,,,,,,,,,,,,,,,,,
12/2/2018 12:50:10,Aubameyang,7,7,7,8,8,8,10,8,,8,7,10,Torreira,0,10,10,8
12/2/2018 12:55:00,Aubameyang,7,6,7,8,9,8,10,9,,6,5,10,Aubameyang,0,9,8,8
12/2/2018 12:57:48,Aubameyang,6,7,8,8,9,7,10,8,,7,7,10,Torreira,4,9,9,8
12/2/2018 13:00:05,Aubameyang,7,7,8,8,7,8,10,9,,6,6,10,Torreira,2,8,8,8
12/2/2018 13:06:42,Aubameyang,8,8,8,8,9,9,10,9,,7,6,10,Aubameyang,2,9,9,8
12/2/2018 13:07:17,Aubameyang,7,7,8,9,7,7,10,7,,6,6,10,Aubameyang,5,8,9,7
12/2/2018 13:08:21,Aubameyang,7,7,8,9,7,7,10,7,,6,6,10,Aubameyang,5,8,9,7
12/2/2018 13:12:13,Aubameyang,7,8,9,9,9,9,10,9,,7,6,10,Torreira,0,9,9,8
12/2/2018 13:28:18,Monreal,,,,,,,,,,,,,,,,,
12/2/2018 13:28:26,Aubameyang,5,7,8,8,8,10,10,9,,7,6,10,Xhaka,5,9,9,7
12/2/2018 13:46:51,Aubameyang,6,6,7,7,9,7,10,8,,6,6,10,Aubameyang,0,8,8,7
12/2/2018 13:53:00,Aubameyang,6,8,8,9,9,8,10,8,,6,6,10,,,9,8,8
12/2/2018 13:58:58,Aubameyang,7,7,8,8,8,9,10,8,,6,3,10,Aubameyang,0,9,10,7
12/2/2018 13:59:26,Aubameyang,4,6,5,7,8,8,10,8,,7,6,9,Torreira,2,9,8,8
12/2/2018 14:04:23,Aubameyang,6,7,8,7,8,7,9,7,,6,6,10,Aubameyang,2,,8,6
12/2/2018 14:33:58,Aubameyang,8,7,8,8,9,7,10,8,,5,5,10,Torreira,0,9,9,8
12/2/2018 14:50:40,Aubameyang,9,8,9,9,9,8,10,9,,7,6,10,Torreira,5,8,9,9
12/2/2018 15:35:09,Aubameyang,7,8,7,8,9,8,10,8,,6,6,10,Torreira,0,10,8,7
12/2/2018 16:05:09,Aubameyang,7,7,8,8,9,8,10,9,,5,5,9,Torreira,2,9,8,7
12/2/2018 16:19:44,Aubameyang,6,6,6,6,6,7,10,9,,5,5,10,Aubameyang,5,8,8,7
12/2/2018 16:36:55,Aubameyang,7,8,9,8,9,8,10,9,,9,8,10,Torreira,0,9,9,9
12/2/2018 16:43:02,Aubameyang,7,8,8,8,9,7,10,8,,6,6,9,Torreira,6,8,8,7
12/2/2018 16:55:20,Aubameyang,8,8,9,10,10,10,10,8,,6,7,10,Torreira,5,10,10,10
12/2/2018 17:13:17,Aubameyang,7,9,9,9,8,9,10,8,,7,6,10,Torreira,6,10,9,6
12/2/2018 17:22:41,Aubameyang,8,8,8,8,9,8,10,9,,8,8,10,Torreira,0,9,9,8
12/2/2018 17:25:33,Aubameyang,7,6,8,7,9,8,10,10,,5,4,10,Aubameyang,0,9,8,7
12/2/2018 17:45:18,Aubameyang,6,8,7,8,9,9,10,8,,6,5,10,Ramsey,1,9,8,8
12/2/2018 17:48:32,Aubameyang,7,7,8,8,9,7,9,7,,6,6,8,Torreira,3,7,7,6
12/2/2018 18:04:40,Aubameyang,7,7,7,8,7,8,10,8,,7,7,10,Torreira,0,9,9,8
12/2/2018 18:10:46,Aubameyang,7,8,7,7,7,8,9,8,,6,6,9,Aubameyang,,8,8,7
12/2/2018 18:20:30,Aubameyang,7,8,7,8,9,8,10,9,,7,7,8,Torreira,5,9,9,8
12/2/2018 18:37:35,Aubameyang,5,7,7,7,7,7,9,8,,4,5,9,,,9,8,7
12/2/2018 18:37:53,Aubameyang,2,,,,,,,,,,,,,,,,
12/2/2018 19:56:47,Aubameyang,7,6,7,8,7,7,10,8,,7,6,9,Torreira,6,8,9,7
12/2/2018 21:11:51,Aubameyang,6,7,7,8,8,7,9,8,,6,6,9,Torreira,7,8,8,8
12/2/2018 21:15:50,Aubameyang,,,,,,,,,,,,,,,,,
12/3/2018 2:39:46,Aubameyang,6,7,8,8,8,9,10,9,,7,7,10,Torreira,6,9,8,7
12/3/2018 4:47:32,Aubameyang,6,7,7,6,8,8,10,9,,7,4,10,Aubameyang,4,8,8,7
12/3/2018 5:04:54,Aubameyang,6,9,8,8,9,9,10,9,,7,7,10,Aubameyang,4,9,9,7
12/3/2018 5:12:40,Aubameyang,6,7,8,9,10,8,10,10,,8,6,10,Torreira,0,10,9,9
12/3/2018 5:19:28,Aubameyang,7,8,8,9,9,10,10,9,,8,7,10,Aubameyang,0,10,9,8
12/3/2018 5:38:20,Aubameyang,6,7,9,8,9,8,10,9,,7,7,10,Torreira,0,10,10,8
12/3/2018 6:05:46,Aubameyang,6,7,7,7,8,7,10,8,,6,5,10,Aubameyang,4,8,8,7
12/3/2018 6:51:37,Aubameyang,7,7,7,8,9,7,10,8,,5,6,10,Torreira,4,8,8,7
12/3/2018 6:55:05,Aubameyang,7,8,9,9,9,8,10,8,,6,6,10,Aubameyang,0,9,9,7
12/3/2018 12:21:52,Aubameyang,6,8,9,9,9,8,10,8,,7,7,10,Torreira,5,9,8,8
12/3/2018 12:37:43,Aubameyang,,,,,,,,,,,,,,,,,
12/3/2018 13:56:36,Aubameyang,6,7,7,8,8,8,8,8,,6,4,9,Aubameyang,0,8,8,7
12/3/2018 13:58:34,Aubameyang,6,7,7,9,9,8,10,9,,7,7,10,Aubameyang,5,9,8,7
12/3/2018 22:50:00,Aubameyang,5,6,6,6,6,6,9,8,,6,5,10,Aubameyang,4,9,8,7
,,,,,,,,,,,,,,,,,,
,,,,,,,,,,,,,,,,,,
,,6.77,7.30,7.66,8.03,8.41,8.05,9.75,8.21,6.00,6.60,6.21,9.68,,3.28,8.73,8.62,7.58