Timestamp,Who scored Arsenal's first goal?,Leno,Koscielny,Mustafi,Sokratis 游,Maitland-Niles,Xhaka 丘쬂잺,Guendouzi,Kola코inac 游,Iwobi 游,Aubameyang 丘쬂잺,Lacazette 丘쬂잺,Man of the Match,Referee Graham Scott,Emery,Torreira (on at 46'),Ramsey 丘쬂잺 (on at 75'),Saka (on at 83')
1/1/2019 8:25:45,Lacazette,6,6,6,6,6,6,6,6,6,6,6,Lacazette,6,6,6,6,6
1/1/2019 10:53:23,Monreal,,,,,,,,,,,,,,,,,
1/1/2019 10:54:00,Xhaka,6,6,5,7,8,8,6,8,7,8,7,Kola코inac,4,6,6,7,
1/1/2019 10:54:19,Xhaka,7,6,6,8,7,9,7,7,5,7,7,Xhaka,8,7,7,8,5
1/1/2019 10:54:23,Xhaka,7,8,5,8,7,7,7,9,8,7,8,Kola코inac,7,9,6,6,5
1/1/2019 10:54:32,Xhaka,6,6,6,7,8,6,6,7,6,6,6,Maitland-Niles,4,8,7,6,5
1/1/2019 10:54:33,Xhaka,6,6,5,7,8,8,7,8,7,8,9,Maitland-Niles,6,8,7,8,6
1/1/2019 10:54:46,Xhaka,8,9,6,9,7,7,6,9,5,6,7,Kola코inac,4,6,6,7,6
1/1/2019 10:54:46,Xhaka,6,6,6,7,8,9,7,7,7,8,9,Xhaka,3,7,7,8,5
1/1/2019 10:54:54,Xhaka,7,8,6,8,8,7,7,7,6,6,7,Kola코inac,0,7,7,8,10
1/1/2019 10:54:56,Xhaka,7,4,2,6,8,7,7,9,7,7,8,Kola코inac,1,7,5,7,5
1/1/2019 10:54:57,Xhaka,7,8,4,6,6,5,5,6,6,6,,Koscielny,3,6,6,7,5
1/1/2019 10:55:03,Xhaka,7,6,6,8,9,10,6,7,7,6,8,Xhaka,5,7,6,8,5
1/1/2019 10:55:08,Xhaka,5,6,5,6,7,7,6,8,9,7,8,Iwobi,5,6,6,7,5
1/1/2019 10:55:16,Xhaka,6,7,6,6,7,5,5,5,7,8,7,Aubameyang,5,7,7,7,5
1/1/2019 10:55:17,Xhaka,7,6,6,7,8,8,7,8,7,7,7,Maitland-Niles,8,8,7,8,6
1/1/2019 10:55:18,Xhaka,7,6,6,7,6,7,8,10,7,8,8,Kola코inac,3,6,6,7,5
1/1/2019 10:55:24,Xhaka,7,8,6,7,8,8,7,8,9,8,9,Iwobi,0,6,6,7,6
1/1/2019 10:55:46,Xhaka,7,7,6,7,8,9,7,8,7,8,8,Xhaka,5,8,5,8,6
1/1/2019 10:55:47,Xhaka,7,9,7,7,9,6,7,7,7,8,9,Maitland-Niles,7,7,6,6,5
1/1/2019 10:55:51,Xhaka,6,7,4,6,7,6,7,9,7,7,7,,4,8,6,8,7
1/1/2019 10:55:53,Xhaka,7,7,7,8,7,8,8,8,7,8,8,Xhaka,7,7,8,8,7
1/1/2019 10:55:54,Xhaka,7,8,6,9,7,9,7,9,7,8,8,Kola코inac,8,9,7,8,10
1/1/2019 10:55:55,Xhaka,7,7,6,7,8,9,7,8,7,8,8,Xhaka,5,8,5,8,6
1/1/2019 10:55:56,Xhaka,8,7,4,7,9,8,7,9,9,8,9,Maitland-Niles,3,8,7,7,5
1/1/2019 10:55:56,Xhaka,9,7,7,7,9,7,9,10,9,8,9,Kola코inac,8,10,6,8,5
1/1/2019 10:55:59,Xhaka,7,7,7,7,7,7,7,7,8,8,8,Iwobi,7,7,7,7,5
1/1/2019 10:56:10,Xhaka,6,6,5,8,6,7,6,7,6,5,6,Kola코inac,2,5,4,6,4
1/1/2019 10:56:18,Xhaka,8,6,4,9,9,7,8,10,8,9,9,Kola코inac,5,8,8,7,5
1/1/2019 10:56:32,Xhaka,7,7,6,8,8,7,8,8,8,8,8,,8,8,7,8,7
1/1/2019 10:56:25,Xhaka,7,5,5,6,7,8,7,9,9,8,8,Iwobi,7,10,7,8,7
1/1/2019 10:56:26,Xhaka,8,6,5,6,7,6,6,8,7,8,8,Aubameyang,7,6,6,7,6
1/1/2019 10:56:38,Xhaka,7,7,6,8,8,8,7,8,7,7,7,Kola코inac,5,7,7,7,5
1/1/2019 10:56:49,Xhaka,8,7,4,7,9,8,7,9,9,8,9,Maitland-Niles,3,8,7,7,5
1/1/2019 10:56:51,Xhaka,6,7,6,7,6,7,6,8,7,7,7,Kola코inac,4,7,7,7,6
1/1/2019 10:56:52,Xhaka,7,6,4,6,7,7,5,6,8,8,8,Iwobi,1,4,4,6,5
1/1/2019 10:56:57,Xhaka,6,6,5,8,8,7,6,7,6,7,7,Sokratis,2,8,6,8,10
1/1/2019 10:56:58,Xhaka,,,,,,,,,,,,,,,,,
1/1/2019 10:57:01,Xhaka,6,6,7,7,6,7,7,8,8,6,7,Iwobi,5,6,4,7,5
1/1/2019 10:57:03,Xhaka,0,0,0,0,0,0,0,0,10,0,0,Iwobi,0,0,0,0,0
1/1/2019 10:57:22,Xhaka,6,6,6,7,7,7,6,8,6,7,7,Kola코inac,5,7,6,7,5
1/1/2019 10:57:27,Xhaka,7,7,4,7,7,6,7,10,6,7,7,Kola코inac,2,7,5,6,10
1/1/2019 10:57:32,Xhaka,7,8,7,8,7,8,7,8,7,7,8,Kola코inac,4,7,7,7,6
1/1/2019 10:57:36,Xhaka,8,7,6,8,8,8,7,9,7,8,9,Kola코inac,5,8,6,8,10
1/1/2019 10:57:39,Xhaka,7,9,7,8,8,9,8,9,8,8,8,Koscielny,4,9,7,8,7
1/1/2019 10:57:44,Xhaka,8,8,5,7,7,7,6,7,7,8,8,Koscielny,6,7,7,7,5
1/1/2019 10:57:46,Xhaka,6,5,3,5,6,5,4,5,6,7,8,Ramsey,3,3,4,8,3
1/1/2019 10:57:49,Xhaka,7,7,6,7,7,7,7,9,8,7,7,Kola코inac,4,6,5,7,5
1/1/2019 10:58:09,Xhaka,8,8,6,7,9,8,9,9,8,9,9,Guendouzi,0,8,7,8,5
1/1/2019 10:58:12,Xhaka,7,5,4,7,8,6,7,9,8,8,8,Kola코inac,4,8,7,9,8
1/1/2019 10:58:14,Xhaka,7,6,5,5,7,7,7,7,8,8,8,Iwobi,8,7,7,8,5
1/1/2019 10:58:23,Xhaka,6,5,3,7,6,7,6,9,8,7,8,Kola코inac,4,5,4,7,7
1/1/2019 10:58:56,Xhaka,6,6,6,6,7,7,7,8,10,7,8,Iwobi,6,6,6,7,6
1/1/2019 10:59:06,Xhaka,7,7,7,7,8,8,7,9,9,8,9,Kola코inac,8,8,7,7,7
1/1/2019 10:59:21,Xhaka,7,7,7,7,7,7,7,7,7,8,8,Aubameyang,0,5,5,7,5
1/1/2019 10:59:42,Xhaka,7,7,5,6,7,5,7,7,7,8,9,Lacazette,2,6,5,7,6
1/1/2019 10:59:44,Xhaka,5,5,5,6,5,5,5,8,6,6,6,Kola코inac,0,6,4,6,5
1/1/2019 10:59:50,Xhaka,7,7,7,8,7,8,6,9,9,9,9,Kola코inac,5,8,6,8,0
1/1/2019 11:00:00,Xhaka,6,6,6,6,7,7,7,8,10,7,8,Iwobi,6,6,6,7,6
1/1/2019 11:00:15,Xhaka,7,7,2,6,7,8,7,8,7,8,9,Xhaka,6,10,6,7,5
1/1/2019 11:00:17,Xhaka,8,7,7,7,9,10,6,10,5,9,9,Xhaka,5,8,7,7,10
1/1/2019 11:00:23,Xhaka,7,7,7,8,8,8,8,9,8,8,8,Kola코inac,7,8,7,8,10
1/1/2019 11:00:27,Xhaka,6,6,5,6,7,7,6,6,5,7,7,Lacazette,7,7,6,7,4
1/1/2019 11:00:42,Xhaka,8,6,6,7,8,7,7,9,7,9,9,Kola코inac,4,6,7,7,7
1/1/2019 11:00:45,Xhaka,6,6,7,7,7,7,7,8,5,7,7,Kola코inac,4,7,5,7,5
1/1/2019 11:01:23,Xhaka,7,8,6,7,7,8,6,9,7,7,7,Kola코inac,4,7,5,7,5
1/1/2019 11:01:33,Xhaka,6,6,5,7,7,6,6,7,7,7,7,Iwobi,2,5,6,6,5
1/1/2019 11:01:40,Xhaka,7,8,6,8,8,5,9,6,9,7,7,Iwobi,3,10,7,7,6
1/1/2019 11:01:49,Xhaka,7,7,6,7,7,8,6,7,7,7,8,Xhaka,7,8,6,8,6
1/1/2019 11:02:02,Xhaka,6,7,5,7,9,8,7,10,9,9,9,Kola코inac,8,8,8,8,6
1/1/2019 11:02:14,Xhaka,7,8,6,7,8,6,6,9,7,7,8,Kola코inac,7,7,7,7,6
1/1/2019 11:02:22,Xhaka,7,7,6,8,8,7,8,9,6,7,9,Lacazette,0,6,6,7,6
1/1/2019 11:02:30,Xhaka,8,8,6,8,8,8,7,9,6,8,8,Kola코inac,5,9,6,8,5
1/1/2019 11:02:41,Xhaka,8,6,6,7,7,9,7,8,7,9,8,Aubameyang,6,8,7,8,5
1/1/2019 11:02:46,Xhaka,,,,,,,,,,,,,,,,,
1/1/2019 11:02:48,Xhaka,6,5,4,6,6,7,7,9,6,8,8,Kola코inac,6,6,6,6,6
1/1/2019 11:03:16,Xhaka,7,7,6,7,7,8,6,7,7,7,8,Xhaka,7,8,6,8,6
1/1/2019 11:03:20,Xhaka,6,6,5,6,6,7,6,7,7,7,8,Kola코inac,4,7,5,7,6
1/1/2019 11:04:09,Xhaka,7,8,7,8,7,9,7,8,7,8,8,Xhaka,4,9,6,8,6
1/1/2019 11:04:12,Xhaka,7,6,6,7,7,7,6,7,7,8,8,Ramsey,7,8,6,7,6
1/1/2019 11:04:17,Xhaka,8,7,5,7,7,9,7,8,9,8,8,Iwobi,9,8,5,6,5
1/1/2019 11:04:17,Xhaka,6,7,6,8,8,7,6,7,3,8,8,Aubameyang,7,7,6,8,5
1/1/2019 11:04:30,Xhaka,5,5,5,6,8,8,7,9,9,7,8,Kola코inac,2,7,6,8,8
1/1/2019 11:04:40,Xhaka,8,6,6,7,7,5,8,8,6,7,8,Guendouzi,3,7,7,7,6
1/1/2019 11:05:06,Xhaka,7,7,6,7,8,7,6,9,7,7,8,Kola코inac,5,9,6,8,6
1/1/2019 11:05:52,Xhaka,7,7,5,4,8,7,7,7,4,7,7,Maitland-Niles,1,6,6,8,5
1/1/2019 11:05:52,Xhaka,8,7,6,8,9,8,9,8,5,6,8,Maitland-Niles,5,6,8,7,0
1/1/2019 11:05:54,Xhaka,8,6,7,7,6,7,6,8,7,8,8,Kola코inac,2,8,6,7,10
1/1/2019 11:06:21,Xhaka,6,7,6,6,8,5,7,8,7,6,7,Kola코inac,5,6,6,7,6
1/1/2019 11:07:13,Xhaka,6,7,3,6,7,6,7,8,5,6,6,Kola코inac,0,5,5,5,5
1/1/2019 11:07:16,Xhaka,6,7,6,7,7,6,6,8,8,7,7,Iwobi,5,6,5,7,
1/1/2019 11:08:16,Xhaka,7,7,6,6,8,6,7,9,7,7,7,Kola코inac,5,7,5,7,6
1/1/2019 11:11:21,Xhaka,7,7,6,7,8,3,8,9,8,8,8,Kola코inac,4,8,5,7,5
1/1/2019 11:11:25,Xhaka,7,6,6,7,7,7,6,7,7,8,9,Lacazette,0,6,6,7,6
1/1/2019 11:11:38,Xhaka,7,7,5,6,7,6,6,9,8,8,8,Kola코inac,5,9,7,7,7
1/1/2019 11:11:44,Monreal,,,,,,,,,,,,,,,,,
1/1/2019 11:12:19,Xhaka,,,,,,,,,,,,,,,,,
1/1/2019 11:12:25,Xhaka,7,7,6,8,8,7,7,7,9,8,8,Iwobi,4,7,6,7,6
1/1/2019 11:13:10,Xhaka,8,6,6,6,8,7,9,9,8,7,7,Kola코inac,6,7,6,8,10
1/1/2019 11:13:59,Xhaka,5,7,5,7,7,7,6,7,6,8,7,Aubameyang,,7,,,
1/1/2019 11:14:44,Xhaka,7,6,4,8,8,9,7,9,6,7,8,Kola코inac,2,7,6,7,7
1/1/2019 11:15:06,Xhaka,6,6,5,7,7,7,6,8,7,7,7,Kola코inac,6,7,6,8,5
1/1/2019 11:15:27,Xhaka,6,7,6,7,7,6,6,8,6,4,7,Kola코inac,5,7,5,7,10
1/1/2019 11:16:44,Xhaka,7,9,7,8,7,7,7,7,6,8,8,Koscielny,8,8,7,8,6
1/1/2019 11:19:48,Xhaka,6,5,4,4,5,4,4,5,8,7,8,Iwobi,7,6,4,7,5
1/1/2019 11:21:28,Monreal,,,,,,,,,,,,,,,,,
1/1/2019 11:21:54,Xhaka,6,4,4,4,6,4,5,7,8,8,8,Iwobi,7,6,4,7,5
1/1/2019 11:23:18,Xhaka,6,7,6,7,7,7,6,8,8,7,7,Kola코inac,3,6,7,7,0
1/1/2019 11:23:22,Xhaka,7,7,6,8,8,8,7,9,8,8,8,Kola코inac,6,8,7,8,6
1/1/2019 11:25:53,Xhaka,7,8,7,7,7,8,7,8,9,8,8,Iwobi,4,7,7,7,6
1/1/2019 11:26:02,Xhaka,7,7,5,6,8,5,7,8,8,8,9,Iwobi,5,6,5,7,5
1/1/2019 11:29:35,Xhaka,7,8,5,6,7,5,7,8,5,7,7,Kola코inac,3,7,6,7,6
1/1/2019 11:30:36,Xhaka,7,6,4,7,7,7,6,7,7,7,7,Kola코inac,6,6,6,6,6
1/1/2019 11:30:11,Xhaka,5,6,4,6,6,8,2,6,6,8,10,Lacazette,4,6,6,7,7
1/1/2019 11:30:52,Xhaka,7,6,5,6,8,7,6,9,7,8,8,Kola코inac,4,6,6,7,5
1/1/2019 11:32:16,Xhaka,8,7,7,7,7,8,8,9,8,7,8,Kola코inac,6,7,7,9,0
1/1/2019 11:32:23,Xhaka,7,5,4,4,6,4,4,7,6,7,7,,2,3,7,8,6
1/1/2019 11:32:59,Xhaka,6,6,6,7,6,7,5,8,7,7,7,Kola코inac,4,5,5,6,5
1/1/2019 11:33:21,Xhaka,7,7,7,7,8,9,7,10,8,9,9,Kola코inac,7,7,7,8,6
1/1/2019 11:35:28,Xhaka,7,5,4,6,7,7,6,9,8,7,7,Kola코inac,0,6,4,8,6
1/1/2019 11:47:03,Xhaka,8,8,6,7,9,6,7,9,8,9,8,Maitland-Niles,5,8,7,8,6
1/1/2019 11:48:31,Xhaka,7,6,4,4,6,5,7,6,6,8,7,Kola코inac,2,7,5,8,6
1/1/2019 11:49:37,Xhaka,8,6,5,8,8,6,6,8,5,8,9,Lacazette,6,7,6,8,6
1/1/2019 11:50:13,Xhaka,5,5,4,7,7,7,5,9,8,6,7,Kola코inac,5,5,5,7,5
1/1/2019 11:53:11,Xhaka,7,7,6,6,7,7,7,8,7,8,8,,3,8,6,8,6
1/1/2019 11:59:54,Xhaka,7,7,5,6,7,7,6,9,8,7,7,Kola코inac,5,7,6,7,6
1/1/2019 12:00:57,Xhaka,7,7,5,6,7,7,6,9,8,7,7,Kola코inac,5,7,6,7,6
1/1/2019 12:02:04,Xhaka,3,7,6,7,9,9,8,10,9,9,10,Lacazette,4,6,7,7,8
1/1/2019 12:06:06,Xhaka,6,6,6,7,8,7,7,10,7,8,9,Kola코inac,2,6,6,8,10
1/1/2019 12:07:34,Xhaka,,,,,,,,,,,,,,,,,
1/1/2019 12:08:59,Xhaka,6,6,5,5,6,6,6,6,7,7,7,Maitland-Niles,5,6,6,6,5
1/1/2019 12:09:02,Xhaka,7,7,6,6,7,7,7,9,8,8,9,Kola코inac,3,7,7,8,6
1/1/2019 12:09:44,Xhaka,8,7,7,8,8,7,8,9,8,7,8,Kola코inac,4,8,7,8,10
1/1/2019 12:10:04,Xhaka,6,7,7,7,7,9,7,8,7,8,7,Xhaka,4,5,5,7,6
1/1/2019 12:10:04,Xhaka,9,7,5,7,6,7,7,7,6,7,8,Leno,6,8,6,7,5
1/1/2019 12:10:09,Xhaka,9,7,5,7,6,7,7,7,6,7,8,Leno,6,8,6,7,5
1/1/2019 12:11:16,Xhaka,6,6,6,6,7,7,6,7,7,7,7,Lacazette,4,7,6,6,6
1/1/2019 12:11:47,Xhaka,6,6,6,7,7,7,6,8,6,7,7,Kola코inac,3,6,6,5,5
1/1/2019 12:13:34,Xhaka,7,7,7,7,8,10,8,10,6,9,9,Xhaka,3,9,4,8,5
1/1/2019 12:16:10,Xhaka,6,7,4,8,8,6,6,8,6,8,8,Kola코inac,3,7,4,7,5
1/1/2019 12:16:42,Monreal,,,,,,,,,,,,,,,,,
1/1/2019 12:21:39,Xhaka,7,7,6,6,7,7,6,8,7,7,7,Kola코inac,3,6,6,7,7
1/1/2019 12:21:41,Xhaka,8,8,7,9,9,9,10,9,8,9,9,Guendouzi,8,8,9,9,8
1/1/2019 12:24:31,Xhaka,8,7,6,7,8,8,8,9,6,8,8,Kola코inac,4,6,6,7,5
1/1/2019 12:32:43,Xhaka,6,6,6,7,6,8,7,8,8,8,8,Iwobi,6,8,6,7,6
1/1/2019 12:33:42,Xhaka,8,8,8,8,8,7,7,10,9,8,8,Kola코inac,4,7,7,9,7
1/1/2019 12:34:51,Xhaka,,,,,,,,,,,,,,,,,
1/1/2019 12:35:21,Xhaka,7,6,4,8,7,7,7,10,7,7,8,Kola코inac,0,8,6,7,6
1/1/2019 12:39:52,Xhaka,5,7,5,6,8,8,7,9,7,7,7,Kola코inac,3,7,7,8,6
1/1/2019 12:42:54,Xhaka,7,6,6,7,7,8,6,9,8,8,8,Kola코inac,,,6,7,10
1/1/2019 12:50:59,Xhaka,7,7,5,8,7,7,6,8,7,7,8,Kola코inac,5,7,7,7,6
1/1/2019 12:52:20,Xhaka,6,6,,6,7,6,6,6,7,7,6,Iwobi,3,6,5,6,6
1/1/2019 12:54:35,Xhaka,7,7,6,6,6,7,7,7,6,8,8,Kola코inac,8,7,6,7,6
1/1/2019 12:56:34,Xhaka,8,7,6,7,7,7,6,8,7,8,8,Aubameyang,6,,6,7,6
1/1/2019 13:02:00,Xhaka,7,8,5,7,8,7,7,8,7,6,8,,9,7,7,8,8
1/1/2019 13:04:59,Xhaka,6,6,6,7,8,7,7,9,7,7,8,Kola코inac,0,8,6,8,7
1/1/2019 13:08:29,Xhaka,6,8,6,7,7,7,8,7,7,7,9,Guendouzi,8,7,8,7,6
1/1/2019 13:10:12,Xhaka,6,7,6,8,7,8,7,9,5,8,8,Kola코inac,5,8,3,7,6
1/1/2019 13:10:42,Xhaka,6,5,6,7,7,7,6,8,8,7,8,Kola코inac,4,6,6,7,6
1/1/2019 13:15:30,Xhaka,7,7,6,8,8,9,8,7,8,8,8,Xhaka,5,7,4,8,10
1/1/2019 13:17:02,Xhaka,7,6,6,8,7,8,8,10,7,9,9,Kola코inac,5,7,6,7,5
1/1/2019 13:22:17,Xhaka,6,6,6,6,7,7,6,8,8,7,8,Kola코inac,6,6,6,7,6
1/1/2019 13:24:26,Xhaka,8,7,7,7,8,9,7,7,7,8,9,Xhaka,3,8,7,8,7
1/1/2019 14:00:30,Xhaka,7,5,6,7,6,7,6,7,1,7,7,Kola코inac,3,5,4,6,5
1/1/2019 14:02:18,Xhaka,,,,10,,,,,,,,Sokratis,,,,,
1/1/2019 14:16:08,Xhaka,6,7,6,8,7,7,7,8,8,7,7,Kola코inac,2,7,5,7,5
1/1/2019 14:18:01,Xhaka,6,7,6,7,6,7,6,9,7,8,7,Kola코inac,0,6,6,7,10
1/1/2019 14:22:54,Xhaka,7,6,5,6,8,5,6,8,5,7,7,Maitland-Niles,1,7,5,7,6
1/1/2019 14:23:33,Xhaka,10,10,,10,10,10,10,10,10,10,10,Kola코inac,0,10,10,10,10
1/1/2019 14:25:28,Xhaka,6,7,6,6,7,9,8,9,8,7,8,Xhaka,6,8,7,8,7
1/1/2019 14:26:46,Xhaka,,,,,,,,,,,,Ramsey,0,,,,
1/1/2019 14:29:38,Xhaka,6,6,6,6,6,6,7,6,6,5,6,Lacazette,5,6,5,6,6
1/1/2019 15:02:55,Xhaka,7,6,6,7,8,8,7,8,9,9,9,Iwobi,7,8,6,7,6
1/1/2019 15:02:55,Xhaka,7,7,6,7,7,8,7,9,8,8,8,Kola코inac,6,7,6,7,6
1/1/2019 15:06:16,Xhaka,7,7,6,8,6,6,7,9,6,7,8,Kola코inac,4,8,7,9,5
1/1/2019 16:04:08,Xhaka,,,,,,10,,,,,,,,,,,
1/1/2019 16:13:47,Xhaka,6,7,6,7,6,7,6,8,7,7,8,Kola코inac,3,6,6,7,6
1/1/2019 16:36:02,Xhaka,,,,,,,,,,,,,,,,,
1/1/2019 16:39:44,Xhaka,,,,,,,,,,,,,,,,,
1/1/2019 16:40:27,Xhaka,6,6,5,6,6,6,7,7,5,7,8,Lacazette,4,6,7,6,6
1/1/2019 16:44:08,Xhaka,6,7,6,6,7,7,7,7,7,8,7,Xhaka,7,8,7,8,5
1/1/2019 16:50:06,Xhaka,4,4,3,4,7,7,7,7,7,8,8,Maitland-Niles,,6,5,6,3
1/1/2019 17:08:52,Xhaka,7,5,6,7,7,8,7,9,8,8,8,Kola코inac,6,7,6,7,10
1/1/2019 17:21:38,Xhaka,6,8,3,7,7,6,6,8,8,7,7,Kola코inac,6,9,5,6,5
1/1/2019 17:23:28,Xhaka,7,9,7,8,7,9,8,9,8,9,9,Xhaka,8,8,8,8,6
1/1/2019 17:30:04,Xhaka,7,7,7,8,7,8,7,9,7,7,8,,6,7,6,7,6
1/1/2019 17:30:29,Xhaka,7,6,6,6,6,7,6,9,6,8,8,Kola코inac,3,7,6,7,6
1/1/2019 17:52:16,Xhaka,,,,,,,,,,,,,,,,,
1/1/2019 17:52:48,Xhaka,,,,,,,,,,,,,,,,,
1/1/2019 19:08:59,Xhaka,7,8,7,8,7,7,8,9,8,8,8,Kola코inac,2,8,7,7,10
1/1/2019 19:20:06,Xhaka,6,6,5,6,6,4,5,6,6,4,6,Lacazette,2,8,6,8,6
1/1/2019 19:52:26,Xhaka,6,6,5,7,6,7,5,7,6,5,6,Iwobi,3,5,5,6,10
1/1/2019 20:16:39,Xhaka,3,5,4,5,6,8,5,8,4,8,6,Kola코inac,5,3,5,8,6
1/1/2019 21:01:05,Xhaka,6,8,4,7,7,7,6,7,6,7,8,Xhaka,4,4,6,6,8
1/1/2019 21:28:15,Xhaka,,,,,,,,,,,,,,,,,
1/1/2019 21:41:32,Xhaka,7,6,6,8,8,9,8,9,10,8,9,Iwobi,8,8,6,8,6
1/1/2019 22:07:11,Xhaka,6,6,5,7,7,7,7,9,8,7,7,Kola코inac,7,8,7,8,5
1/1/2019 22:29:13,Xhaka,7,7,7,8,7,8,7,9,9,9,8,Aubameyang,6,7,7,9,6
1/1/2019 22:32:45,Xhaka,8,7,7,7,7,9,8,9,9,9,8,Aubameyang,4,7,7,8,7
1/2/2019 0:15:49,Xhaka,6,6,6,7,7,7,6,6,7,7,7,Iwobi,4,6,6,7,5
1/2/2019 0:19:47,Xhaka,6,6,5,6,7,7,6,8,6,7,7,Xhaka,3,6,6,7,5
1/2/2019 1:12:13,Xhaka,6,6,4,5,7,4,5,8,8,7,8,Kola코inac,5,7,7,7,6
1/2/2019 1:35:03,Xhaka,6,8,6,7,6,5,7,9,9,8,8,Iwobi,4,8,5,7,6
1/2/2019 1:39:20,Xhaka,,,,,,,,,,,,,,,,,
1/2/2019 2:20:51,Xhaka,6,6,6,6,6,7,6,6,6,6,7,Xhaka,5,7,6,7,10
1/2/2019 2:21:08,Xhaka,6,6,6,6,6,7,6,6,6,6,7,Xhaka,5,7,6,7,10
1/2/2019 2:30:49,Xhaka,7,6,5,6,7,7,6,7,6,7,7,Lacazette,,5,5,9,
1/2/2019 4:03:32,Xhaka,6,5,5,7,7,8,6,8,7,7,8,Lacazette,5,7,6,7,5
1/2/2019 4:05:06,Xhaka,6,6,5,6,7,7,6,7,7,7,8,Lacazette,5,5,6,7,5
1/2/2019 4:06:38,Xhaka,7,6,6,6,7,6,8,9,9,8,9,Kola코inac,4,9,7,8,5
1/2/2019 4:32:02,Xhaka,8,6,6,6,7,7,7,8,8,9,9,Ramsey,3,9,7,9,6
1/2/2019 4:57:57,Xhaka,8,3,5,5,7,4,7,9,9,7,7,Kola코inac,5,7,4,7,5
1/2/2019 5:21:23,Xhaka,4,6,5,6,6,4,5,6,6,5,6,Lacazette,7,5,6,6,5
1/2/2019 5:36:34,Xhaka,7,7,7,7,7,8,7,8,8,7,7,Kola코inac,,,,,
1/2/2019 5:56:31,Xhaka,6,7,7,7,6,8,6,9,6,8,8,Kola코inac,0,10,7,8,7
1/2/2019 6:42:31,Xhaka,8,7,6,6,9,7,7,7,8,7,7,Iwobi,,10,7,8,8
1/2/2019 7:06:53,Xhaka,6,8,3,4,6,7,6,4,8,7,8,Lacazette,5,3,7,9,6
1/2/2019 7:59:43,Xhaka,7,7,4,7,8,6,6,7,9,8,8,Iwobi,4,8,7,7,10
1/3/2019 10:07:48,Xhaka,7,6,6,7,7,7,6,8,7,6,8,Kola코inac,0,8,7,8,5
1/3/2019 12:11:01,Xhaka,7,6,6,7,6,5,5,8,7,6,7,Kola코inac,6,7,6,8,
,,,,,,,,,,,,,,,,,,
,,6.69,6.58,5.54,6.80,7.17,7.06,6.62,7.98,7.15,7.39,7.76,,4.43,6.96,6.07,7.26,6.07