Timestamp,Who started at left back?,Leno,Xhaka,Sokratis,Holding,Lichtsteiner ,Elneny,Guendouzi,Mkhitaryan ,Ramsey,Welbeck ‚öΩÔ∏è,Aubameyang üÖê,Man of the Match,Referee Damir Skomina (SVN),Torreira (on at 58'),Lacazette (on at 81')
10/25/2018 12:22:08,Xhaka,6,6,6,6,6,6,6,6,6,6,6,Sokratis,6,6,6
10/25/2018 12:38:07,Xhaka,6,6,6,6,6,6,6,6,6,6,6,Guendouzi,6,6,6
10/25/2018 13:51:48,Xhaka,,,,,,,,,,,,,0,10,
10/25/2018 13:51:51,Xhaka,7,6,7,7,6,5,6,5,5,7,7,Welbeck,0,7,6
10/25/2018 13:51:51,Xhaka,8,4,7,8,5,3,5,10,6,7,4,Mkhitaryan,9,8,6
10/25/2018 13:52:01,Xhaka,9,7,8,8,8,5,7,7,7,8,8,Lichtsteiner,7,9,8
10/25/2018 13:52:03,Xhaka,8,4,7,8,5,3,5,10,6,7,4,Mkhitaryan,9,8,6
10/25/2018 13:52:05,Xhaka,7,6,6,7,6,5,6,6,6,6,7,Holding,3,7,6
10/25/2018 13:52:10,Xhaka,7,8,6,6,5,7,6,4,4,8,7,Welbeck,6,8,7
10/25/2018 13:52:14,Xhaka,9,7,8,8,7,6,7,7,8,9,9,Leno,6,9,8
10/25/2018 13:52:25,Xhaka,8,8,8,8,7,7,7,7,7,8,7,Welbeck,,9,8
10/25/2018 13:52:32,Xhaka,8,5,7,7,7,5,7,4,7,8,8,Welbeck,,7,4
10/25/2018 13:53:04,Xhaka,7,6,7,7,6,6,6,6,6,7,6,Welbeck,,8,6
10/25/2018 13:53:11,Xhaka,7,7,6,6,4,2,8,3,4,6,6,Guendouzi,1,6,5
10/25/2018 13:53:13,Xhaka,8,7,8,8,6,4,6,5,4,8,7,Welbeck,5,8,6
10/25/2018 13:53:47,Xhaka,8,7,6,5,6,5,7,4,7,7,6,Leno,8,8,6
10/25/2018 13:54:06,Xhaka,7,6,7,7,6,5,7,6,5,7,7,Guendouzi,6,8,7
10/25/2018 13:54:16,Xhaka,10,6,9,8,4,5,5,6,5,7,7,Sokratis,6,6,6
10/25/2018 13:54:51,Xhaka,6,7,6,7,4,5,7,6,6,6,6,Guendouzi,,6,6
10/25/2018 13:54:57,Xhaka,9,7,8,8,6,4,7,6,5,10,8,Welbeck,0,9,7
10/25/2018 13:55:13,Xhaka,7,6,6,7,5,6,6,6,6,8,7,Welbeck,,7,6
10/25/2018 13:55:13,Xhaka,8,8,6,7,5,4,9,6,5,10,7,Welbeck,3,8,6
10/25/2018 13:55:43,Xhaka,8,6,8,6,7,6,6,6,5,10,8,Leno,1,8,7
10/25/2018 13:55:53,Xhaka,8,6,8,7,7,4,9,4,5,8,7,Guendouzi,4,7,6
10/25/2018 13:56:06,Xhaka,7,6,6,7,6,5,7,6,6,8,8,Aubameyang,4,8,6
10/25/2018 13:56:14,Xhaka,8,6,8,6,8,5,7,6,7,8,6,Welbeck,4,9,3
10/25/2018 13:56:16,Xhaka,8,5,7,8,6,0,6,4,0,9,6,Welbeck,0,8,4
10/25/2018 13:56:53,Xhaka,8,6,7,6,5,5,7,6,5,7,6,Guendouzi,0,8,5
10/25/2018 13:57:13,Xhaka,6,6,6,6,6,6,6,6,6,10,9,Welbeck,6,6,6
10/25/2018 13:57:18,Xhaka,8,8,8,9,5,5,7,6,5,7,7,Holding,5,8,6
10/25/2018 13:57:20,Xhaka,6,6,7,6,7,4,6,5,5,7,6,Lichtsteiner,3,7,6
10/25/2018 13:58:04,Xhaka,7,7,8,6,6,5,7,7,6,8,7,Sokratis,6,8,7
10/25/2018 13:58:14,Xhaka,7,8,7,8,6,5,7,6,6,8,7,Holding,3,8,6
10/25/2018 13:58:33,Xhaka,9,7,7,7,6,5,6,6,4,7,7,Leno,,8,7
10/25/2018 13:58:37,Xhaka,,,,,,,,,,,,,,,
10/25/2018 13:58:53,Xhaka,7,9,7,9,5,6,6,6,7,9,8,Welbeck,6,6,6
10/25/2018 13:58:59,Xhaka,8,7,8,6,6,6,7,7,7,7,7,Welbeck,2,8,6
10/25/2018 13:59:04,Xhaka,7,7,8,7,8,7,7,7,7,8,8,Welbeck,6,8,7
10/25/2018 13:59:25,Xhaka,8,6,6,7,6,3,8,7,6,7,7,Welbeck,4,8,5
10/25/2018 13:59:31,Xhaka,8,6,6,7,6,5,8,6,6,7,7,Guendouzi,2,7,6
10/25/2018 13:59:46,Xhaka,9,7,7,7,6,5,6,6,4,7,7,Leno,,8,7
10/25/2018 13:59:53,Xhaka,7,6,6,6,5,5,6,6,6,6,6,Aubameyang,4,8,6
10/25/2018 14:00:03,Xhaka,8,6,6,7,6,6,6,6,5,7,7,Welbeck,4,7,6
10/25/2018 14:01:01,Xhaka,7,7,7,7,5,6,7,7,7,8,7,Welbeck,6,7,7
10/25/2018 14:01:15,Xhaka,6,5,7,7,4,4,6,4,6,8,8,Welbeck,,8,5
10/25/2018 14:01:37,Xhaka,8,7,9,8,7,6,7,7,7,8,7,Sokratis,6,8,7
10/25/2018 14:01:51,Xhaka,9,7,7,8,7,6,7,7,6,7,7,Holding,2,9,7
10/25/2018 14:02:29,Xhaka,9,7,8,8,7,7,8,6,5,9,8,Welbeck,5,8,5
10/25/2018 14:02:30,Xhaka,5,5,5,5,5,5,5,5,5,10,5,Welbeck,5,5,5
10/25/2018 14:03:54,Xhaka,6,5,5,5,5,5,5,5,5,6,5,,5,7,6
10/25/2018 14:04:10,Xhaka,8,7,7,6,5,5,7,6,5,8,7,Welbeck,7,9,
10/25/2018 14:04:33,Xhaka,8,4,7,9,5,5,5,6,5,6,6,Holding,4,9,6
10/25/2018 14:05:19,Xhaka,7,6,8,8,6,5,7,6,5,8,7,Welbeck,6,8,6
10/25/2018 14:05:40,Xhaka,8,4,7,8,5,3,5,10,6,7,4,Mkhitaryan,9,8,6
10/25/2018 14:05:57,Xhaka,8,5,7,6,6,4,5,5,5,5,5,Welbeck,3,7,7
10/25/2018 14:06:00,Xhaka,7,6,7,6,4,,,,,,,,,,
10/25/2018 14:07:23,Xhaka,7,7,7,9,6,6,7,6,6,7,7,Holding,6,7,6
10/25/2018 14:08:20,Xhaka,,,,,,,,,,,,,,,
10/25/2018 14:08:36,Xhaka,,,,,,,,,,,,,,,
10/25/2018 14:08:57,Xhaka,7,7,7,7,6,5,6,5,6,7,6,Welbeck,4,7,6
10/25/2018 14:09:05,Xhaka,7,6,6,7,6,5,7,6,7,8,7,Welbeck,2,7,6
10/25/2018 14:09:49,Xhaka,10,8,8,8,8,4,7,8,7,8,8,Welbeck,5,9,6
10/25/2018 14:12:21,Xhaka,7,7,6,7,6,5,6,7,6,8,8,Aubameyang,4,8,6
10/25/2018 14:14:23,Xhaka,7,7,7,7,6,5,7,6,4,7,7,Welbeck,0,7,6
10/25/2018 14:15:42,Xhaka,8,6,7,7,5,6,6,6,6,7,7,Welbeck,1,8,6
10/25/2018 14:16:13,Xhaka,8,8,7,9,7,6,6,7,7,8,8,Holding,7,8,6
10/25/2018 14:16:55,Xhaka,7,6,7,6,6,5,7,6,6,7,6,Sokratis,3,7,6
10/25/2018 14:17:10,Xhaka,7,7,9,6,5,5,7,5,4,9,7,Welbeck,7,10,6
10/25/2018 14:17:36,Xhaka,9,7,7,7,7,6,7,6,6,8,7,,3,10,7
10/25/2018 14:17:42,Xhaka,10,7,9,9,7,6,7,4,7,9,8,Leno,6,10,8
10/25/2018 14:18:09,Xhaka,6,6,6,6,6,6,6,6,6,6,6,Welbeck,6,6,6
10/25/2018 14:19:49,Xhaka,7,6,7,7,6,5,6,6,6,9,8,Welbeck,,8,7
10/25/2018 14:21:48,Xhaka,,,,,,,,,,,,Welbeck,,,
10/25/2018 14:21:50,Xhaka,,,,,,,,,,,,,,,
10/25/2018 14:22:07,Xhaka,8,6,4,8,6,4,6,4,5,10,8,Welbeck,6,7,7
10/25/2018 14:22:37,Xhaka,8,6,8,6,6,5,6,6,6,8,6,Welbeck,2,8,6
10/25/2018 14:24:19,Xhaka,9,7,7,7,6,7,8,7,7,9,9,Welbeck,,8,8
10/25/2018 14:27:55,Xhaka,,,,,,,,,,,,,,,
10/25/2018 14:28:05,Xhaka,7,7,7,5,5,5,6,7,6,7,7,Welbeck,7,8,6
10/25/2018 14:28:42,Xhaka,7,6,9,8,5,5,6,6,3,7,6,Sokratis,5,8,7
10/25/2018 14:30:28,Xhaka,8,0,8,8,7,4,9,6,6,7,10,Aubameyang,5,10,5
10/25/2018 14:32:34,Xhaka,7,7,8,8,7,5,7,6,5,8,7,Welbeck,0,8,6
10/25/2018 14:35:02,Xhaka,,,,,,,,,,,,,,,
10/25/2018 14:36:56,Xhaka,,,,,,,,,,,,,,,
10/25/2018 14:37:36,Xhaka,7,8,8,8,6,7,8,7,7,8,9,Aubameyang,7,8,7
10/25/2018 14:38:06,Xhaka,7,5,6,6,4,4,7,6,6,8,7,Welbeck,0,9,6
10/25/2018 14:38:54,Xhaka,7,8,8,8,6,7,8,7,7,8,9,Aubameyang,7,8,7
10/25/2018 14:40:43,Xhaka,7,7,7,7,7,5,7,6,6,8,6,Guendouzi,6,7,6
10/25/2018 14:40:46,Xhaka,8,8,7,10,6,5,6,7,5,7,7,Holding,2,8,6
10/25/2018 14:43:41,Xhaka,,,,,,,,,,,,,,,
10/25/2018 14:47:26,Xhaka,,,,,,,,,,,,,,,
10/25/2018 14:48:23,Xhaka,7,7,6,8,7,6,7,6,6,9,7,Welbeck,,7,6
10/25/2018 14:50:00,Xhaka,7,6,6,6,6,4,8,6,6,8,6,Guendouzi,6,7,5
10/25/2018 14:53:17,Xhaka,7,7,6,6,4,3,6,6,5,8,7,Welbeck,10,7,6
10/25/2018 14:54:48,Xhaka,8,7,7,9,7,5,7,6,6,7,6,Guendouzi,,8,7
10/25/2018 14:58:54,Xhaka,6,6,7,6,4,4,6,3,4,7,5,Sokratis,5,6,5
10/25/2018 15:00:13,Xhaka,7,7,6,8,7,6,7,7,6,8,7,Welbeck,5,8,5
10/25/2018 15:05:52,Xhaka,7,6,7,7,8,4,8,6,5,8,6,Welbeck,6,7,6
10/25/2018 15:12:00,Xhaka,8,8,9,8,8,7,7,7,7,10,10,Welbeck,5,10,7
10/25/2018 15:12:24,Xhaka,,,,,,,,,,,,,,,
10/25/2018 15:13:27,Xhaka,6,6,6,6,6,6,7,6,6,7,6,Guendouzi,,6,5
10/25/2018 15:16:53,Xhaka,7,1,7,7,5,5,8,6,2,8,7,Welbeck,7,7,6
10/25/2018 15:17:19,Xhaka,5,6,6,7,6,4,7,5,1,9,7,Welbeck,3,7,6
10/25/2018 15:18:33,Xhaka,10,6,5,7,5,4,6,6,5,10,7,Welbeck,7,8,7
10/25/2018 15:18:34,Xhaka,8,8,6,5,6,5,8,8,7,9,8,Aubameyang,4,8,7
10/25/2018 15:24:58,Xhaka,8,8,8,8,7,4,5,6,5,9,7,Welbeck,6,8,7
10/25/2018 15:25:55,Xhaka,,,,,,,10,,,,,Guendouzi,,,
10/25/2018 15:27:33,Xhaka,7,6,8,8,6,6,7,6,5,7,7,Sokratis,,,
10/25/2018 15:29:50,Xhaka,,,,,,,,,,,,,,,
10/25/2018 15:29:56,Xhaka,,,,,,,,,,,,,,,
10/25/2018 15:32:54,Xhaka,10,10,10,10,10,10,10,10,10,10,10,Welbeck,5,10,10
10/25/2018 15:37:08,Xhaka,6,6,5,5,6,6,6,5,6,7,7,Welbeck,5,6,6
10/25/2018 15:37:22,Xhaka,7,5,7,6,6,4,8,6,6,9,7,Welbeck,,,
10/25/2018 15:38:32,Xhaka,5,4,4,10,6,6,5,4,4,8,8,,,,
10/25/2018 15:40:52,Xhaka,7,8,8,8,5,6,6,6,7,8,6,Welbeck,3,9,7
10/25/2018 15:45:53,Xhaka,7,6,6,6,5,5,5,6,6,8,6,,7,7,5
10/25/2018 15:47:50,Monreal,,,,,,,,,,,,,,,
10/25/2018 16:01:50,Xhaka,8,,,,,,,,,,,,,,
10/25/2018 16:02:26,Xhaka,7,5,7,7,6,4,6,6,3,8,6,,,,
10/25/2018 16:03:20,Xhaka,6,6,7,7,6,6,7,6,7,8,7,Welbeck,,8,
10/25/2018 16:17:58,Xhaka,10,8,9,9,9,7,9,9,9,10,10,,0,,
10/25/2018 16:22:41,Xhaka,8,7,7,8,7,4,7,6,4,8,6,Welbeck,,,
10/25/2018 16:23:20,Xhaka,6,6,5,7,7,5,6,6,4,7,5,Holding,5,7,5
10/25/2018 16:23:26,Xhaka,6,6,5,7,7,5,6,6,4,7,5,Holding,5,7,5
10/25/2018 16:25:24,Xhaka,8,7,7,7,8,5,8,7,7,9,8,Welbeck,3,9,6
10/25/2018 16:33:19,Xhaka,8,8,9,8,7,5,7,7,7,9,8,Sokratis,7,8,7
10/25/2018 16:36:55,Xhaka,9,7,8,8,7,6,8,4,3,8,8,Welbeck,,8,5
10/25/2018 16:37:25,Xhaka,8,7,7,6,6,4,4,7,7,9,9,Welbeck,4,7,7
10/25/2018 16:39:55,Xhaka,5,5,6,6,4,3,4,5,0,6,5,Sokratis,,8,5
10/25/2018 16:40:05,Xhaka,7,8,8,8,7,6,6,6,7,7,7,Xhaka,7,8,7
10/25/2018 16:40:06,Xhaka,7,6,7,6,5,5,7,6,5,8,7,Welbeck,6,7,6
10/25/2018 16:40:11,Xhaka,6,5,6,7,6,4,6,5,6,7,6,Welbeck,0,7,6
10/25/2018 16:41:44,Xhaka,7,6,7,6,5,5,7,6,5,8,7,Welbeck,6,7,6
10/25/2018 16:52:19,Xhaka,,,,,,,,,,,,,,,
10/25/2018 16:56:01,Xhaka,7,6,4,9,3,4,6,5,7,9,7,Welbeck,,8,
10/25/2018 16:56:50,Xhaka,,,,,,,,,,,,,,,
10/25/2018 17:21:40,Monreal,,,,,,,,,,,,,,,
10/25/2018 17:25:55,Xhaka,8,7,8,7,4,5,6,5,7,8,7,Welbeck,6,8,7
10/25/2018 17:35:11,Xhaka,5,7,7,7,7,6,6,7,6,8,6,Welbeck,6,6,6
10/25/2018 17:39:59,Xhaka,7,7,7,8,7,5,8,6,6,8,7,Guendouzi,6,8,7
10/25/2018 17:43:51,Xhaka,9,6,8,8,6,0,8,5,0,8,7,Welbeck,0,8,7
10/25/2018 17:55:02,Xhaka,8,8,9,9,8,7,8,7,7,8,8,Holding,8,9,8
10/25/2018 17:59:43,Xhaka,,,,,,,,,,,,,,,
10/25/2018 18:10:36,Xhaka,,,,,,,,,,,,,,,
10/25/2018 18:19:37,Xhaka,7,6,7,6,6,6,7,7,6,7,6,Mkhitaryan,6,7,6
10/25/2018 18:28:23,Xhaka,,,,,,,,,,,,,,,
10/25/2018 18:46:15,Xhaka,,,,,,,,,,,,,,,
10/25/2018 18:57:32,Xhaka,,,,,,,,,,,,,,,
10/25/2018 19:01:59,Xhaka,10,10,10,10,10,10,10,10,10,10,10,Xhaka,10,10,10
10/25/2018 19:08:27,Xhaka,8,7,6,6,6,5,7,6,6,7,6,Welbeck,5,8,7
10/25/2018 19:15:47,Xhaka,7,7,7,8,6,5,8,7,5,8,7,Holding,5,9,6
10/25/2018 19:19:06,Xhaka,6,6,6,6,6,6,7,5,4,7,6,Welbeck,3,7,6
10/25/2018 19:22:56,Xhaka,7,5,7,7,4,5,8,6,6,8,6,Welbeck,6,9,7
10/25/2018 19:33:59,Xhaka,8,7,8,7,0,5,7,6,6,0,7,Guendouzi,6,8,7
10/25/2018 19:35:31,Xhaka,,,,,,,,,,,,,,,
10/25/2018 20:14:14,Xhaka,7,7,9,8,7,5,7,6,6,10,7,Welbeck,0,10,6
10/25/2018 21:07:04,Xhaka,10,7,8,8,5,4,7,6,6,8,7,Welbeck,,8,6
10/25/2018 21:10:02,Xhaka,7,6,6,7,6,5,5,5,4,8,6,Welbeck,,7,5
10/25/2018 22:14:36,Xhaka,8,8,7,7,7,6,8,6,6,8,7,Guendouzi,7,9,6
10/25/2018 23:43:05,Xhaka,8,7,7,7,7,5,6,6,6,7,6,Welbeck,5,7,6
10/25/2018 23:44:05,Xhaka,7,7,7,7,6,6,6,6,7,8,7,Welbeck,6,7,6
10/25/2018 23:49:29,Xhaka,,,,,,,,,,,,,,,
10/25/2018 23:50:11,Xhaka,7,6,8,7,8,7,7,7,7,10,9,Welbeck,7,7,6
10/26/2018 0:36:02,Xhaka,6,6,7,6,6,5,6,5,5,7,5,Welbeck,5,7,6
10/26/2018 0:38:43,Xhaka,7,7,6,6,6,4,6,7,5,8,7,Welbeck,,7,6
10/26/2018 0:40:20,Xhaka,9,9,9,10,10,8,8,9,4,9,9,Lichtsteiner,,9,
10/26/2018 0:51:42,Xhaka,6,6,6,6,6,6,6,6,5,7,6,Welbeck,3,8,7
10/26/2018 1:42:34,Xhaka,10,9,6,10,8,7,9,7,8,10,8,Xhaka,7,10,8
10/26/2018 2:11:22,Xhaka,7,7,7,9,6,6,8,7,5,9,8,Welbeck,6,8,7
10/26/2018 3:15:11,Xhaka,6,6,7,7,7,6,7,7,6,8,7,Welbeck,,8,6
10/26/2018 3:44:17,Xhaka,7,7,7,8,7,5,8,8,7,9,8,Welbeck,,7,6
10/26/2018 3:45:26,Xhaka,7,7,7,8,7,5,8,8,7,9,8,Welbeck,,7,6
10/26/2018 3:47:19,Xhaka,7,7,8,7,7,5,7,6,6,8,7,Welbeck,6,7,7
10/26/2018 3:49:40,Xhaka,2,,,,,,6,,,,,,,,
10/26/2018 4:00:31,Xhaka,7,7,6,8,6,6,7,6,6,8,7,Welbeck,4,8,7
10/26/2018 4:13:26,Xhaka,7,7,8,8,7,6,8,6,7,8,8,Guendouzi,5,8,7
10/26/2018 4:27:20,Xhaka,7,7,6,9,7,6,8,6,5,9,8,Holding,,,
10/26/2018 4:36:25,Xhaka,7,7,8,7,7,6,7,7,7,7,7,Welbeck,7,8,7
10/26/2018 4:58:50,Xhaka,,,,,,,,,,,,,,,
10/26/2018 7:06:32,Xhaka,7,7,7,7,7,3,9,5,7,8,4,,0,7,0
10/26/2018 7:34:12,Xhaka,,,,,,,,,,,,,,,
10/26/2018 7:43:28,Xhaka,10,7,8,10,9,6,9,7,5,10,9,Welbeck,7,8,8
10/26/2018 8:05:11,Xhaka,,,,,,,,,,,,,,,
10/26/2018 8:17:57,Xhaka,7,8,6,6,5,5,6,6,5,7,6,Xhaka,5,8,6
10/26/2018 8:52:39,Xhaka,7,7,6,7,6,4,7,5,5,8,7,Welbeck,3,7,7
10/26/2018 11:02:42,Xhaka,7,7,8,8,5,4,6,4,6,8,7,Welbeck,5,6,6
10/26/2018 11:19:44,Xhaka,7,8,7,7,6,6,7,6,6,8,7,Welbeck,4,8,7
10/26/2018 11:20:05,Xhaka,,,,,,,,,,,,,,,
10/26/2018 11:37:47,Xhaka,8,8,8,8,7,7,7,8,6,9,8,Welbeck,,8,7
10/26/2018 12:13:04,Xhaka,7,6,7,6,5,4,6,5,4,7,6,Welbeck,,7,5
10/26/2018 13:32:52,Xhaka,7,6,7,7,5,5,6,5,5,7,7,Welbeck,3,6,6
,,,,,,,,,,,,,,,,
,,7.4,6.55,7.03,7.24,6.1,5.17,6.79,6.12,5.65,7.85,6.97,,4.67,7.74,6.24