Timestamp,Who scored Arsenal's first goal?,Leno,Kola≈°inac,Mustafi,Holding,Beller√≠n,Xhaka,Torreira,Mkhitaryan,√ñzil,Aubameyang,Lacazette ‚öΩÔ∏è,Man of the Match,Referee Andre Marriner,Iwobi üÖê (on at 68'),Ramsey (on at 73'),Welbeck (on at 81')
11/3/2018 11:59:22,Lacazette,6,6,6,6,6,6,6,6,6,6,6,Torreira,6,6,6,6
11/3/2018 14:24:05,Lacazette,7,8,9,9,9,8,10,6,7,7,8,Torreira,7,7,5,6
11/3/2018 14:24:19,Lacazette,9,8,7,10,8,8,9,8,8,8,9,Holding,6,8,7,7
11/3/2018 14:24:24,Lacazette,7,6,6,8,7,8,8,6,6,6,7,Xhaka,1,8,5,6
11/3/2018 14:24:36,Lacazette,6,6,8,9,7,9,8,7,6,6,8,Torreira,6,7,5,5
11/3/2018 14:24:40,Lacazette,7,8,8,8,8,8,9,6,6,7,9,Torreira,6,9,5,6
11/3/2018 14:24:41,Lacazette,6,6,8,7,7,6,10,7,5,7,8,Torreira,8,10,5,3
11/3/2018 14:24:42,Lacazette,8,6,7,6,7,6,9,6,7,7,7,Torreira,5,7,7,7
11/3/2018 14:24:45,Lacazette,6,7,7,7,7,8,8,6,7,7,8,Torreira,6,8,6,7
11/3/2018 14:24:54,Lacazette,5,7,8,9,8,9,9,5,6,6,8,Holding,8,7,6,6
11/3/2018 14:24:58,Lacazette,7,8,6,9,9,10,10,6,8,8,8,Xhaka,4,8,0,7
11/3/2018 14:25:01,Lacazette,7,8,7,10,10,10,10,8,8,7,10,Torreira,6,9,8,8
11/3/2018 14:25:13,Lacazette,,,,,,,,,,,,,,,,
11/3/2018 14:25:14,Lacazette,7,8,9,9,9,10,10,4,7,7,10,Torreira,5,9,6,8
11/3/2018 14:25:15,Lacazette,6,7,7,7,7,7,8,0,5,6,7,Torreira,6,8,5,6
11/3/2018 14:25:16,Lacazette,7,7,9,8,8,8,10,6,7,7,8,Torreira,4,7,6,6
11/3/2018 14:25:21,Lacazette,7,7,6,9,8,7,7,4,6,6,8,Holding,6,8,6,6
11/3/2018 14:25:22,Lacazette,7,8,8,9,7,8,8,6,7,6,8,Holding,5,7,4,5
11/3/2018 14:25:23,Lacazette,6,4,6,8,7,6,7,6,8,7,7,Holding,7,5,2,4
11/3/2018 14:25:27,Lacazette,6,7,9,9,9,10,10,5,8,8,8,Torreira,4,8,7,7
11/3/2018 14:25:29,Lacazette,7,7,9,8,8,9,10,6,7,7,9,Torreira,8,8,6,7
11/3/2018 14:25:30,Lacazette,,,,,,,,,,,,,,,,
11/3/2018 14:25:32,Lacazette,6,6,8,8,7,8,10,6,6,6,8,Torreira,7,6,4,4
11/3/2018 14:25:38,Lacazette,4,5,6,9,7,9,8,5,6,6,8,Holding,5,7,4,5
11/3/2018 14:25:45,Lacazette,6,7,7,7,8,9,10,7,7,7,8,Torreira,4,8,6,7
11/3/2018 14:25:48,Lacazette,6,8,8,9,8,8,9,7,8,8,9,Torreira,7,7,5,6
11/3/2018 14:25:50,Lacazette,8,8,8,9,8,9,10,8,9,7,10,Torreira,2,10,6,7
11/3/2018 14:25:54,Lacazette,7,7,8,9,7,8,9,7,7,7,9,Torreira,7,8,6,6
11/3/2018 14:25:58,Lacazette,8,7,9,10,7,8,9,7,8,6,9,Holding,5,8,7,7
11/3/2018 14:25:59,Lacazette,7,7,7,8,9,8,8,5,7,7,8,Beller√≠n,10,9,7,8
11/3/2018 14:26:03,Lacazette,6,7,7,8,7,8,8,6,7,6,8,Torreira,5,7,5,6
11/3/2018 14:26:06,Lacazette,4,6,7,8,8,7,8,7,8,7,10,,6,8,5,5
11/3/2018 14:26:07,Lacazette,5,7,7,9,8,7,10,5,7,6,8,Torreira,6,7,5,6
11/3/2018 14:26:10,Lacazette,6,8,7,9,8,8,10,6,8,7,9,Torreira,7,8,7,7
11/3/2018 14:26:13,Lacazette,7,5,8,9,7,10,9,5,7,7,9,Xhaka,5,9,6,7
11/3/2018 14:26:20,Lacazette,8,8,9,10,9,9,10,7,7,7,7,Torreira,5,8,6,7
11/3/2018 14:26:24,Lacazette,,,,,,10,,,,,,,,,,
11/3/2018 14:26:24,Lacazette,8,8,8,9,8,9,10,6,8,8,10,Torreira,8,8,6,8
11/3/2018 14:26:28,Lacazette,9,8,8,7,8,10,8,5,6,7,8,Xhaka,7,7,5,6
11/3/2018 14:26:29,Lacazette,6,6,5,7,6,8,9,4,8,7,8,Torreira,0,7,6,6
11/3/2018 14:26:30,Lacazette,8,8,8,8,8,9,10,7,9,8,9,Xhaka,6,8,8,8
11/3/2018 14:26:30,Lacazette,8,9,7,9,7,9,10,6,7,6,10,Torreira,7,9,6,7
11/3/2018 14:26:35,Lacazette,5,6,9,8,6,7,8,3,6,6,7,Mustafi,6,6,4,6
11/3/2018 14:26:56,Lacazette,7,8,10,9,7,9,9,3,7,7,6,Mustafi,10,8,7,5
11/3/2018 14:26:41,Lacazette,8,7,8,8,8,8,8,8,7,7,9,Mustafi,5,6,5,6
11/3/2018 14:26:50,Lacazette,6,9,7,8,9,10,10,6,6,6,10,Xhaka,4,8,5,7
11/3/2018 14:26:51,Lacazette,5,7,7,5,8,8,8,7,8,7,8,Torreira,8,9,7,7
11/3/2018 14:27:14,Lacazette,6,8,7,9,7,8,8,4,7,6,8,Holding,6,7,4,4
11/3/2018 14:27:19,Lacazette,7,8,9,9,8,9,9,5,6,6,7,Holding,7,8,6,8
11/3/2018 14:27:27,Lacazette,8,8,8,8,8,9,9,6,7,7,8,Torreira,6,6,6,6
11/3/2018 14:27:29,Lacazette,7,6,7,8,7,9,9,8,7,7,8,Xhaka,5,7,6,7
11/3/2018 14:27:29,Lacazette,6,7,8,8,8,8,8,7,7,7,9,Torreira,7,7,7,7
11/3/2018 14:27:38,Lacazette,8,8,9,9,8,9,9,7,8,7,9,Holding,8,8,6,7
11/3/2018 14:27:39,Lacazette,7,9,9,9,7,8,9,4,6,7,6,Torreira,5,8,5,7
11/3/2018 14:27:40,Lacazette,7,7,7,8,7,9,9,5,7,7,8,Torreira,7,8,7,7
11/3/2018 14:27:40,Lacazette,6,7,8,9,7,9,8,3,6,4,7,Xhaka,5,6,5,5
11/3/2018 14:27:41,Lacazette,7,8,8,9,7,7,8,6,6,7,8,Holding,7,8,6,6
11/3/2018 14:27:41,Lacazette,6,6,7,8,7,7,7,6,6,6,7,Holding,7,7,6,6
11/3/2018 14:27:48,Lacazette,3,9,8,9,8,9,10,4,7,7,8,Torreira,4,10,3,5
11/3/2018 14:28:01,Lacazette,5,7,8,9,7,8,9,5,5,6,8,Torreira,6,8,5,7
11/3/2018 14:28:13,Lacazette,7,7,5,9,6,7,8,4,6,6,8,Holding,5,8,5,7
11/3/2018 14:28:20,Lacazette,7,7,9,9,8,10,10,6,8,8,9,Torreira,5,8,5,7
11/3/2018 14:28:24,Lacazette,6,7,7,10,6,10,8,6,6,6,10,Xhaka,5,9,5,6
11/3/2018 14:28:28,Lacazette,6,6,6,6,6,8,7,6,6,5,7,,,6,5,6
11/3/2018 14:28:36,Lacazette,5,7,7,9,8,9,10,6,7,6,9,Torreira,6,7,6,7
11/3/2018 14:28:37,Lacazette,7,7,9,9,8,10,10,6,8,8,9,Torreira,5,8,5,7
11/3/2018 14:28:38,Lacazette,7,8,8,8,6,10,9,4,8,8,9,Xhaka,7,8,7,7
11/3/2018 14:28:39,Lacazette,6,9,9,10,8,8,10,5,8,8,10,Holding,8,8,6,9
11/3/2018 14:28:43,Lacazette,5,5,6,7,8,7,8,7,6,6,8,Torreira,5,7,5,5
11/3/2018 14:28:50,Lacazette,,6,8,9,8,8,8,6,7,7,8,,7,8,,6
11/3/2018 14:28:59,Lacazette,5,6,7,9,7,7,8,6,6,6,7,Holding,5,8,5,7
11/3/2018 14:29:03,Lacazette,8,7,7,10,8,9,9,,8,7,10,Holding,,8,7,7
11/3/2018 14:29:11,Lacazette,,,,,,,,,,,,,,,,
11/3/2018 14:29:19,Lacazette,7,7,8,8,6,10,10,4,5,5,9,Torreira,5,9,5,7
11/3/2018 14:29:24,Lacazette,8,8,8,9,8,9,10,6,8,8,10,,6,7,7,8
11/3/2018 14:29:26,Lacazette,8,8,9,10,8,9,10,4,5,5,8,Holding,7,9,5,6
11/3/2018 14:29:30,Lacazette,6,6,9,9,8,9,9,6,7,6,9,Torreira,8,8,7,7
11/3/2018 14:29:39,Lacazette,6,7,9,9,7,10,10,7,8,6,7,Xhaka,6,8,6,6
11/3/2018 14:29:48,Lacazette,8,8,7,8,8,8,7,7,7,7,9,,8,7,7,7
11/3/2018 14:29:54,Lacazette,,,,,,,,,,,,,,,,
11/3/2018 14:30:09,Lacazette,7,6,6,8,8,9,9,7,7,7,8,Xhaka,4,8,7,5
11/3/2018 14:30:11,Lacazette,6,7,7,10,7,7,7,7,6,5,8,Holding,6,7,6,5
11/3/2018 14:30:12,Lacazette,7,8,8,10,8,9,9,6,8,7,10,Holding,0,7,7,7
11/3/2018 14:30:19,Lacazette,5,7,8,8,8,9,8,6,7,6,7,Xhaka,7,7,5,6
11/3/2018 14:30:22,Lacazette,6,7,6,9,8,9,9,6,6,7,7,Holding,3,8,7,7
11/3/2018 14:30:29,Lacazette,7,8,8,9,8,10,9,6,7,7,8,Xhaka,5,8,7,7
11/3/2018 14:30:32,Lacazette,8,8,10,10,10,10,10,9,10,10,10,Beller√≠n,7,8,3,7
11/3/2018 14:30:59,Lacazette,6,10,6,10,7,7,10,0,7,8,9,Holding,0,6,0,8
11/3/2018 14:31:02,Lacazette,6,7,7,8,6,9,8,6,7,6,9,Xhaka,6,7,4,4
11/3/2018 14:31:05,Lacazette,6,7,8,7,7,8,9,5,7,6,8,Torreira,7,7,6,7
11/3/2018 14:31:07,Lacazette,8,8,8,9,8,10,9,6,7,8,8,Xhaka,7,9,6,8
11/3/2018 14:31:26,Lacazette,8,5,8,8,7,9,8,4,6,6,7,Xhaka,3,7,5,6
11/3/2018 14:31:30,Lacazette,6,7,8,9,8,9,8,5,7,6,7,Xhaka,7,8,5,7
11/3/2018 14:31:32,Lacazette,7,6,7,6,7,7,8,6,5,5,7,Torreira,6,7,5,6
11/3/2018 14:31:32,Lacazette,7,8,8,9,8,8,9,7,7,7,9,Torreira,6,7,5,5
11/3/2018 14:31:42,Lacazette,7,8,7,9,8,7,8,7,7,6,9,,7,9,6,5
11/3/2018 14:31:49,Lacazette,5,7,8,8,,,8,6,6,6,7,Xhaka,2,7,6,7
11/3/2018 14:31:50,Lacazette,6,8,8,9,7,8,9,6,7,7,9,Torreira,6,9,6,7
11/3/2018 14:31:52,Lacazette,8,8,8,9,8,9,10,7,9,8,9,Torreira,7,7,6,7
11/3/2018 14:31:52,Lacazette,5,6,6,7,7,7,10,4,5,5,6,Torreira,5,4,3,3
11/3/2018 14:31:53,Lacazette,7,7,8,9,8,8,10,7,8,7,9,Torreira,,7,6,7
11/3/2018 14:31:54,Lacazette,5,6,7,9,8,9,10,0,0,5,8,Torreira,0,9,0,5
11/3/2018 14:31:58,Lacazette,7,6,8,8,7,8,8,5,6,5,7,,6,7,5,6
11/3/2018 14:31:58,Lacazette,3,6,5,9,6,7,8,3,7,5,8,Holding,5,8,5,6
11/3/2018 14:32:06,Lacazette,7,9,7,8,7,7,8,6,7,10,7,Aubameyang,0,3,5,3
11/3/2018 14:32:16,Lacazette,5,8,8,9,8,8,9,5,6,6,8,Holding,5,8,6,7
11/3/2018 14:32:22,Lacazette,6,6,5,8,7,8,9,5,6,6,8,Holding,,6,3,4
11/3/2018 14:32:27,Lacazette,,,,,,,,,,,,,,,,
11/3/2018 14:32:30,Lacazette,7,7,8,8,8,9,9,6,7,7,8,Torreira,5,7,6,6
11/3/2018 14:32:34,Lacazette,8,7,8,10,9,9,9,8,7,7,9,Holding,8,8,7,7
11/3/2018 14:32:45,Lacazette,7,6,7,9,8,8,9,0,7,8,7,Holding,5,9,6,8
11/3/2018 14:32:50,Lacazette,7,7,7,8,7,8,9,6,7,7,8,,7,8,5,8
11/3/2018 14:32:52,Lacazette,7,7,7,8,7,9,8,7,7,7,8,Xhaka,7,8,6,6
11/3/2018 14:33:16,Lacazette,7,7,7,8,7,7,9,6,7,7,9,Torreira,4,8,6,7
11/3/2018 14:33:25,Lacazette,6,7,8,8,7,9,9,4,8,6,8,Xhaka,4,8,6,5
11/3/2018 14:33:29,Lacazette,7,7,7,8,7,7,8,6,7,7,7,Holding,6,7,7,7
11/3/2018 14:33:32,Lacazette,4,2,7,6,6,10,9,3,5,5,8,Xhaka,6,7,3,3
11/3/2018 14:33:36,Lacazette,6,7,8,9,7,9,9,6,6,7,9,Holding,7,8,6,7
11/3/2018 14:33:52,Lacazette,6,7,9,10,7,10,10,2,5,6,8,Holding,1,8,4,5
11/3/2018 14:33:59,Lacazette,7,7,8,9,8,9,10,6,6,6,8,,7,7,5,6
11/3/2018 14:33:59,Lacazette,6,7,7,9,7,8,9,5,7,7,8,Torreira,5,7,6,7
11/3/2018 14:34:00,Lacazette,7,7,7,8,7,8,9,6,7,7,8,Torreira,6,7,6,7
11/3/2018 14:34:02,Monreal,,,,,,,,,,,,,,,,
11/3/2018 14:34:10,Lacazette,5,7,8,9,7,8,9,5,6,5,8,,5,7,5,6
11/3/2018 14:34:12,Lacazette,6,7,6,8,7,7,9,5,7,6,9,Torreira,7,8,6,6
11/3/2018 14:34:36,Lacazette,7,7,7,7,7,8,9,6,7,6,8,Torreira,5,8,5,6
11/3/2018 14:34:41,Lacazette,6,6,7,10,8,8,10,4,7,6,8,Holding,3,9,6,8
11/3/2018 14:35:15,Lacazette,7,8,5,7,7,7,8,6,7,7,7,Torreira,7,6,7,7
11/3/2018 14:35:24,Lacazette,7,7,9,10,7,9,8,5,7,7,9,Holding,6,8,6,7
11/3/2018 14:35:26,Lacazette,,,,,,,,,,,,Torreira,,,,
11/3/2018 14:35:26,Lacazette,6,7,8,10,8,10,10,7,8,8,9,Holding,7,8,6,8
11/3/2018 14:35:26,Lacazette,7,7,7,8,6,7,8,5,7,7,8,Holding,4,7,5,5
11/3/2018 14:35:36,Lacazette,6,8,8,8,8,9,9,6,7,8,8,Xhaka,6,9,6,7
11/3/2018 14:35:53,Lacazette,6,6,7,8,7,7,9,4,6,6,8,Torreira,5,8,6,6
11/3/2018 14:35:58,Lacazette,8,7,7,10,8,8,8,6,6,7,10,Holding,3,9,7,7
11/3/2018 14:35:58,Lacazette,9,8,9,9,8,8,10,6,8,8,10,Torreira,5,9,7,8
11/3/2018 14:36:09,Lacazette,6,7,7,9,7,8,8,6,6,6,8,Holding,5,7,5,5
11/3/2018 14:36:11,Lacazette,6,6,7,8,7,7,8,5,6,6,8,Holding,5,7,6,6
11/3/2018 14:36:21,Lacazette,,,,,,,,,,,,,,,,
11/3/2018 14:36:24,Lacazette,5,7,9,9,6,9,10,5,8,7,8,Mustafi,3,8,6,8
11/3/2018 14:36:24,Lacazette,7,7,7,9,8,8,10,7,7,6,8,Torreira,4,9,5,5
11/3/2018 14:36:32,Lacazette,6,7,8,7,7,8,9,7,9,9,10,,4,7,0,10
11/3/2018 14:36:33,Lacazette,,,,,,,,,,,,,,,,
11/3/2018 14:36:35,Lacazette,9,8,7,9,7,7,8,6,7,6,9,Holding,8,8,6,6
11/3/2018 14:36:38,Lacazette,6,8,9,8,7,8,10,6,6,6,8,Torreira,6,8,6,7
11/3/2018 14:36:43,Lacazette,5,7,6,8,6,7,9,6,7,6,8,Torreira,7,7,5,5
11/3/2018 14:36:51,Lacazette,6,8,10,10,9,10,10,5,8,8,9,Holding,6,9,6,7
11/3/2018 14:36:51,Lacazette,6,7,8,9,8,8,10,4,8,7,9,Torreira,6,9,7,7
11/3/2018 14:36:55,Lacazette,6,7,6,6,6,7,7,6,7,6,7,,6,7,5,5
11/3/2018 14:37:09,Lacazette,5,7,8,8,5,6,10,6,6,7,8,Torreira,5,8,5,5
11/3/2018 14:37:13,Lacazette,8,7,10,6,5,6,4,3,7,5,9,Mustafi,8,8,6,7
11/3/2018 14:37:15,Lacazette,7,8,7,9,7,9,9,5,6,6,8,Xhaka,5,7,5,7
11/3/2018 14:37:18,Lacazette,8,8,6,8,6,6,10,5,7,6,9,Torreira,5,7,5,5
11/3/2018 14:37:29,Lacazette,6,7,9,9,7,8,9,6,7,6,9,Holding,8,7,7,7
11/3/2018 14:37:33,Lacazette,6,6,7,7,7,8,9,7,9,7,9,√ñzil,6,8,6,5
11/3/2018 14:37:37,Lacazette,7,7,8,8,7,8,9,7,6,6,7,Torreira,5,7,7,7
11/3/2018 14:37:40,Lacazette,6,7,7,8,6,8,9,5,6,6,8,,2,7,5,6
11/3/2018 14:37:42,Lacazette,7,7,8,9,7,10,8,5,6,8,9,Xhaka,5,9,5,7
11/3/2018 14:37:44,Lacazette,,,,,,9,8,,,,5,,0,,,
11/3/2018 14:37:50,Lacazette,6,7,7,8,8,10,10,7,7,7,8,Torreira,6,8,6,6
11/3/2018 14:37:56,Lacazette,7,7,8,8,7,8,8,5,7,6,8,Xhaka,6,7,5,7
11/3/2018 14:38:15,Lacazette,,,,,,,,,,,,Xhaka,,,,
11/3/2018 14:38:18,Lacazette,8,9,9,10,8,10,10,6,8,7,9,,3,10,5,8
11/3/2018 14:38:24,Lacazette,7,7,7,8,7,8,8,6,7,7,9,,0,8,7,7
11/3/2018 14:38:41,Lacazette,5,6,8,8,7,9,9,5,7,7,8,Xhaka,7,9,5,6
11/3/2018 14:39:04,Lacazette,7,7,9,9,8,10,10,6,7,7,8,Xhaka,5,7,6,6
11/3/2018 14:39:28,Lacazette,6,7,6,8,7,8,9,5,6,7,9,Torreira,7,8,6,6
11/3/2018 14:39:43,Lacazette,7,7,9,9,8,9,9,7,7,6,8,Xhaka,5,7,6,6
11/3/2018 14:40:05,Lacazette,8,,,8,8,10,10,,8,7,9,Torreira,5,8,,
11/3/2018 14:40:12,Lacazette,8,,,8,8,10,10,,8,7,9,Torreira,5,8,,
11/3/2018 14:40:15,Lacazette,6,7,9,9,8,10,9,5,7,6,7,Xhaka,8,8,5,6
11/3/2018 14:40:24,Lacazette,6,7,7,10,9,9,10,5,9,6,8,Torreira,9,8,6,8
11/3/2018 14:40:34,Lacazette,5,6,7,7,6,7,7,5,6,6,7,Torreira,4,7,0,6
11/3/2018 14:40:39,Lacazette,7,7,8,9,7,9,8,5,7,6,8,Xhaka,5,8,6,6
11/3/2018 14:40:59,Lacazette,7,8,9,9,9,9,10,7,7,8,8,Torreira,7,8,5,6
11/3/2018 14:41:22,Lacazette,6,7,9,9,8,9,9,3,8,8,9,Torreira,6,7,6,6
11/3/2018 14:41:25,Lacazette,5,7,9,9,8,9,10,6,6,7,9,Torreira,7,7,6,7
11/3/2018 14:41:47,Lacazette,7,8,7,9,8,8,9,4,7,7,7,Holding,1,7,1,6
11/3/2018 14:42:04,Lacazette,7,7,8,8,8,9,9,5,7,7,9,,6,8,5,6
11/3/2018 14:42:13,Lacazette,6,7,9,9,8,9,9,6,8,7,8,Xhaka,5,8,5,6
11/3/2018 14:42:31,Lacazette,8,8,10,10,8,10,10,7,7,7,9,Holding,5,9,7,7
11/3/2018 14:42:38,Lacazette,6,7,8,8,7,8,8,5,6,6,7,Holding,7,7,,
11/3/2018 14:42:40,Lacazette,,,,,,,,,,,,,,,,
11/3/2018 14:42:42,Lacazette,7,6,9,9,8,10,10,6,8,8,9,,10,8,6,6
11/3/2018 14:42:54,Lacazette,8,7,8,9,8,9,9,7,6,6,9,Holding,8,9,5,6
11/3/2018 14:43:01,Lacazette,6,7,8,8,8,9,9,6,7,6,8,Holding,7,8,6,6
11/3/2018 14:43:14,Lacazette,,,,,,,,,,,,,,,,
11/3/2018 14:43:38,Lacazette,6,7,5,9,7,8,9,5,8,7,10,Holding,5,8,5,8
11/3/2018 14:43:50,Lacazette,7,7,8,8,8,8,9,7,7,6,8,Torreira,6,7,7,6
11/3/2018 14:43:54,Lacazette,6,7,5,9,7,8,9,5,8,7,10,Holding,5,8,5,8
11/3/2018 14:43:59,Lacazette,7,7,9,8,7,8,9,6,7,7,8,Torreira,5,8,6,6
11/3/2018 14:44:07,Lacazette,5,8,7,8,7,8,8,6,7,6,6,,4,8,6,6
11/3/2018 14:44:11,Lacazette,6,8,8,9,7,7,9,6,8,6,8,Torreira,6,7,6,6
11/3/2018 14:44:17,Lacazette,8,7,9,9,8,10,10,7,8,8,9,Torreira,10,9,6,6
11/3/2018 14:44:22,Lacazette,7,7,8,8,7,9,9,6,7,6,8,Torreira,6,7,5,5
11/3/2018 14:44:45,Lacazette,8,7,9,9,9,9,9,6,8,7,8,Xhaka,6,8,6,6
11/3/2018 14:44:56,Lacazette,7,8,9,9,7,9,10,6,6,7,8,Torreira,7,8,6,6
11/3/2018 14:45:06,Lacazette,7,7,7,8,7,7,9,6,7,6,8,Torreira,6,8,5,6
11/3/2018 14:45:12,Lacazette,6,7,9,9,6,8,8,7,6,6,9,Holding,8,7,6,6
11/3/2018 14:46:20,Lacazette,8,8,9,9,9,8,10,6,8,7,9,Torreira,7,9,7,8
11/3/2018 14:46:29,Lacazette,6,7,9,9,6,8,8,7,6,6,9,Holding,8,7,6,6
11/3/2018 14:46:41,Lacazette,6,7,9,8,7,9,10,6,7,7,8,Torreira,5,7,5,6
11/3/2018 14:46:44,Lacazette,6,6,6,8,8,8,10,6,6,7,7,Torreira,8,8,6,6
11/3/2018 14:46:50,Lacazette,7,7,8,8,7,7,8,6,7,6,8,Torreira,5,8,5,7
11/3/2018 14:46:53,Lacazette,5,6,6,6,7,8,9,4,4,6,7,Torreira,4,7,6,7
11/3/2018 14:47:44,Lacazette,,6,6,7,7,7,8,5,6,5,8,Holding,,7,6,6
11/3/2018 14:47:44,Lacazette,7,8,9,8,7,9,9,7,7,7,9,Torreira,7,8,7,7
11/3/2018 14:47:57,Lacazette,6,7,8,9,8,10,10,6,6,6,9,Xhaka,5,10,6,6
11/3/2018 14:48:30,Lacazette,6,7,8,8,8,9,10,6,7,7,8,Torreira,6,7,6,6
11/3/2018 14:48:32,Lacazette,7,7,6,8,7,7,8,5,6,6,7,Torreira,10,7,6,6
11/3/2018 14:48:38,Lacazette,7,8,9,9,8,9,10,6,8,8,9,Torreira,7,8,8,8
11/3/2018 14:48:54,Lacazette,6,6,8,8,7,8,9,4,6,5,7,Torreira,8,7,6,6
11/3/2018 14:48:59,Lacazette,5,7,7,6,7,8,8,5,6,5,8,Lacazette,8,8,6,6
11/3/2018 14:49:15,Lacazette,4,6,8,8,7,8,9,6,5,6,8,Torreira,7,8,6,6
11/3/2018 14:49:20,Lacazette,7,7,8,9,7,8,9,7,7,7,8,Holding,7,8,6,7
11/3/2018 14:49:26,Lacazette,7,6,7,10,8,9,9,4,6,7,8,Holding,6,8,6,6
11/3/2018 14:49:29,Lacazette,7,6,8,9,8,8,8,5,7,6,7,Lacazette,7,7,7,7
11/3/2018 14:50:17,Lacazette,6,7,9,10,8,8,9,5,7,7,8,Holding,5,8,5,6
11/3/2018 14:50:20,Lacazette,6,7,8,7,7,7,8,6,6,6,8,Torreira,8,8,6,6
11/3/2018 14:50:20,Lacazette,7,8,8,8,8,8,9,6,7,6,8,Mustafi,7,8,6,7
11/3/2018 14:50:31,Lacazette,7,6,8,9,6,9,10,5,6,7,7,Torreira,5,9,5,7
11/3/2018 14:50:59,Lacazette,6,6,8,8,7,8,10,7,7,7,7,Torreira,5,7,6,6
11/3/2018 14:51:02,Lacazette,7,8,8,8,8,8,9,5,6,6,7,Torreira,7,7,6,6
11/3/2018 14:51:18,Lacazette,7,7,8,9,7,9,10,3,7,7,8,Torreira,7,8,6,6
11/3/2018 14:51:35,Lacazette,6,7,7,7,5,6,8,5,6,7,8,Lacazette,7,7,6,6
11/3/2018 14:52:21,Lacazette,6,8,9,9,8,10,10,6,7,7,8,Xhaka,4,8,5,5
11/3/2018 14:52:36,Lacazette,0,5,9,9,7,9,9,6,7,6,8,Xhaka,8,10,6,8
11/3/2018 14:52:56,Lacazette,8,8,9,10,8,9,10,6,7,7,8,Holding,8,9,5,6
11/3/2018 14:53:01,Lacazette,6,7,8,9,8,9,9,6,8,7,8,Xhaka,6,7,4,7
11/3/2018 14:53:13,Lacazette,5,6,7,7,7,8,7,6,7,8,8,Xhaka,6,7,6,6
11/3/2018 14:53:31,Lacazette,,,,,,,,,,,,,,,,
11/3/2018 14:53:40,Lacazette,6,6,8,8,7,9,8,6,7,6,8,Xhaka,5,7,5,6
11/3/2018 14:54:12,Lacazette,,,,,,,,,,,,,,,,
11/3/2018 14:55:02,Lacazette,5,7,7,8,7,8,9,3,5,6,7,,2,7,6,6
11/3/2018 14:55:10,Lacazette,8,7,9,9,8,9,10,6,9,8,9,Torreira,9,8,6,7
11/3/2018 14:55:36,Lacazette,10,8,9,10,8,8,8,6,8,6,7,Holding,4,8,6,5
11/3/2018 14:55:56,Lacazette,6,7,7,7,7,8,8,5,6,6,8,Xhaka,3,7,5,5
11/3/2018 14:56:22,Lacazette,6,6,8,8,6,6,8,5,5,6,7,Holding,7,7,5,6
11/3/2018 14:56:33,Lacazette,8,6,7,7,7,8,8,7,6,7,9,Lacazette,6,6,6,6
11/3/2018 14:56:34,Lacazette,6,7,7,7,7,7,8,6,6,6,7,Iwobi,10,8,4,7
11/3/2018 14:56:57,Lacazette,6,7,9,8,8,10,10,5,7,7,7,Xhaka,0,8,5,7
11/3/2018 14:56:58,Lacazette,6,7,7,7,7,9,9,6,7,7,9,Lacazette,1,1,0,0
11/3/2018 14:57:20,Lacazette,6,7,8,9,8,9,9,7,8,7,9,Torreira,6,7,6,6
11/3/2018 14:57:52,Lacazette,,,,,,,,,,,,,,,,
11/3/2018 14:57:54,Lacazette,7,8,10,10,9,10,10,6,7,8,8,Torreira,6,8,5,7
11/3/2018 14:57:57,Lacazette,7,8,9,10,9,9,10,6,8,7,9,Holding,9,8,5,5
11/3/2018 14:58:05,Lacazette,4,6,6,7,7,8,9,4,5,6,7,Torreira,5,7,3,4
11/3/2018 14:58:52,Lacazette,8,9,9,9,9,9,9,7,8,7,9,Xhaka,7,8,7,7
11/3/2018 14:59:01,Lacazette,6,7,7,9,6,8,9,5,6,6,7,Torreira,6,8,6,6
11/3/2018 14:59:10,Lacazette,5,7,6,9,7,7,6,4,5,6,8,Holding,0,9,4,7
,,,,,,,,,,,,,,,,,
,,6.48,7.06,7.70,8.46,7.43,8.38,8.91,5.60,6.83,6.63,8.18,,5.69,7.66,5.50,6.31