Timestamp,Who scored Arsenal's first goal?,Leno,Monreal,Sokratis,Holding,Lichtsteiner üÖê,Torreira,Elneny,Mkhitaryan üÖêüÖê,Iwobi üÖê,Welbeck ‚öΩÔ∏è,Aubameyang ‚öΩÔ∏è‚öΩÔ∏è,Man of the Match,Referee Bart Vertenten (BEL),Guendouzi (on at 57'),√ñzil  ‚öΩÔ∏è (on at 57'),Smith Rowe (on at 70')
9/20/2018 14:38:44,Aubameyang,6,6,6,6,6,6,6,6,6,6,6,,6,6,6,6
9/20/2018 15:56:08,Aubameyang,7,7,8,7,7,7,6,8,10,7,9,Iwobi,7,7,8,7
9/20/2018 15:56:11,Aubameyang,7,8,9,8,7,10,7,8,9,7,10,Torreira,8,7,8,7
9/20/2018 15:56:12,Aubameyang,6,6,8,6,6,7,6,8,9,7,8,Iwobi,7,7,8,8
9/20/2018 15:56:13,Aubameyang,6,8,8,6,7,7,7,8,8,7,9,Aubameyang,5,7,7,7
9/20/2018 15:56:23,Aubameyang,5,6,9,7,9,9,8,9,9,8,10,Aubameyang,8,7,9,7
9/20/2018 15:56:55,Aubameyang,6,10,7,8,8,7,7,9,10,9,10,Mkhitaryan,7,7,10,6
9/20/2018 15:56:59,Aubameyang,6,7,8,6,6,7,6,7,8,7,8,Iwobi,7,7,6,6
9/20/2018 15:57:04,Aubameyang,6,6,8,7,6,7,6,7,9,6,9,Iwobi,6,8,6,6
9/20/2018 15:57:06,Aubameyang,6,6,9,8,7,10,3,8,10,8,9,Iwobi,5,9,7,8
9/20/2018 15:57:13,Aubameyang,7,8,8,8,6,7,6,7,9,7,10,Aubameyang,6,7,6,6
9/20/2018 15:57:50,Aubameyang,6,6,7,6,6,6,6,6,9,6,7,Iwobi,5,7,7,7
9/20/2018 15:57:50,Aubameyang,7,7,7,6,5,7,6,8,7,7,8,Mkhitaryan,5,7,8,7
9/20/2018 15:58:09,Aubameyang,5,6,8,6,6,7,6,8,8,7,9,,6,6,7,5
9/20/2018 15:58:12,Aubameyang,6,7,9,8,7,7,6,8,8,8,9,Iwobi,7,8,9,8
9/20/2018 15:58:15,Aubameyang,6,7,10,8,8,7,7,8,10,6,8,Iwobi,7,8,9,7
9/20/2018 15:59:07,Aubameyang,3,6,6,7,3,6,5,7,8,7,8,Aubameyang,7,8,8,6
9/20/2018 15:59:12,Aubameyang,3,4,5,7,7,6,2,9,8,9,10,Aubameyang,7,5,5,3
9/20/2018 15:59:18,Aubameyang,6,6,7,6,6,7,6,7,8,6,8,Aubameyang,7,6,6,6
9/20/2018 15:59:20,Aubameyang,9,9,10,10,10,9,8,8,9,8,10,Sokratis,9,10,9,10
9/20/2018 15:59:36,Aubameyang,7,7,10,6,7,7,7,7,10,7,10,Iwobi,5,7,7,7
9/20/2018 15:59:40,Aubameyang,5,6,8,7,5,8,7,9,8,8,9,Aubameyang,7,8,8,8
9/20/2018 15:59:43,Aubameyang,5,6,8,6,7,8,6,8,7,6,8,Torreira,7,5,7,6
9/20/2018 15:59:54,Aubameyang,7,7,8,7,7,7,6,8,10,7,9,Iwobi,7,7,8,7
9/20/2018 15:59:56,Aubameyang,7,7,8,8,7,8,7,9,10,7,8,Iwobi,6,6,8,5
9/20/2018 16:00:04,Aubameyang,7,7,9,8,9,9,7,8,8,8,9,Aubameyang,6,7,7,7
9/20/2018 16:00:12,Aubameyang,,,,,,,,,,,,,,,,
9/20/2018 16:00:38,Aubameyang,7,8,8,8,7,8,7,8,9,6,8,Iwobi,7,8,7,7
9/20/2018 16:00:58,Aubameyang,5,5,9,5,5,8,5,7,8,7,9,Sokratis,3,6,5,5
9/20/2018 16:01:05,Aubameyang,6,5,9,9,9,9,8,10,10,10,10,Welbeck,7,9,10,8
9/20/2018 16:01:13,Aubameyang,3,6,6,7,3,6,5,7,8,7,8,Aubameyang,7,8,8,6
9/20/2018 16:01:22,Aubameyang,5,8,9,8,6,8,7,9,9,8,9,Iwobi,3,7,7,6
9/20/2018 16:01:44,Aubameyang,6,6,10,7,7,8,6,7,10,8,8,Iwobi,7,9,7,7
9/20/2018 16:02:03,Aubameyang,5,6,8,6,7,8,6,8,9,5,8,Iwobi,6,5,8,6
9/20/2018 16:02:27,Aubameyang,,,,,,,,,,,,,,,,
9/20/2018 16:02:48,Aubameyang,6,7,9,6,5,6,7,7,10,6,9,Iwobi,7,8,8,7
9/20/2018 16:03:08,Aubameyang,6,6,10,7,7,9,6,8,10,8,9,Iwobi,7,9,7,7
9/20/2018 16:03:23,Aubameyang,5,8,7,7,7,7,7,8,10,7,9,Iwobi,8,6,7,7
9/20/2018 16:03:49,Aubameyang,6,7,7,6,6,6,6,7,8,7,8,Iwobi,7,7,7,6
9/20/2018 16:04:14,Aubameyang,6,6,9,7,8,9,7,9,10,8,10,Mkhitaryan,5,7,8,7
9/20/2018 16:04:58,Aubameyang,5,6,8,6,6,7,7,8,8,7,8,Iwobi,6,6,7,6
9/20/2018 16:05:02,Aubameyang,6,6,8,6,5,8,6,7,8,7,7,Iwobi,5,5,7,7
9/20/2018 16:05:48,Aubameyang,6,7,7,6,5,7,6,7,7,7,8,Aubameyang,,6,7,7
9/20/2018 16:06:03,Aubameyang,6,6,8,5,7,7,5,5,9,8,9,Iwobi,6,8,7,7
9/20/2018 16:06:15,Aubameyang,5,7,9,8,8,9,7,9,9,8,10,Aubameyang,6,8,8,7
9/20/2018 16:06:24,Aubameyang,6,5,7,7,4,6,5,6,8,7,7,Iwobi,5,7,7,7
9/20/2018 16:06:39,Aubameyang,6,6,7,7,8,7,6,8,9,7,9,Aubameyang,,,,
9/20/2018 16:06:40,Aubameyang,,,,,,,,,,,,,,,,
9/20/2018 16:06:42,Aubameyang,4,7,8,6,6,6,6,7,9,6,7,Iwobi,6,7,7,6
9/20/2018 16:08:18,Aubameyang,7,7,9,8,7,8,7,8,9,8,9,Sokratis,7,8,8,8
9/20/2018 16:08:50,Aubameyang,6,8,9,6,7,9,5,9,9,8,9,Iwobi,8,8,8,6
9/20/2018 16:09:07,Aubameyang,7,8,9,8,5,3,6,9,9,7,9,Aubameyang,10,10,8,8
9/20/2018 16:10:26,Aubameyang,6,7,8,7,6,8,5,6,10,8,9,Iwobi,,8,8,8
9/20/2018 16:10:27,Aubameyang,6,6,9,6,5,6,4,10,7,7,9,Mkhitaryan,7,6,7,7
9/20/2018 16:10:48,Aubameyang,5,6,8,6,6,7,6,6,8,6,8,,6,6,6,6
9/20/2018 16:11:36,Aubameyang,7,7,8,7,7,7,6,8,8,8,10,Iwobi,5,7,7,6
9/20/2018 16:12:04,Aubameyang,6,6,8,7,6,7,7,7,8,7,8,Iwobi,6,6,6,6
9/20/2018 16:12:18,Aubameyang,6,7,7,6,6,6,6,8,7,7,9,Aubameyang,5,7,7,6
9/20/2018 16:12:25,Aubameyang,5,7,9,8,7,8,7,9,9,7,9,Iwobi,7,7,8,8
9/20/2018 16:12:50,Aubameyang,10,10,10,10,10,10,10,10,10,10,10,Aubameyang,0,10,10,10
9/20/2018 16:13:10,Aubameyang,6,6,9,6,6,7,6,7,8,6,9,Sokratis,7,6,6,7
9/20/2018 16:13:21,Aubameyang,6,7,7,7,7,8,7,9,7,7,8,Mkhitaryan,,,,
9/20/2018 16:13:50,Aubameyang,6,9,10,8,8,8,7,9,10,8,9,Sokratis,8,8,8,7
9/20/2018 16:14:04,Aubameyang,6,7,8,8,6,8,8,8,9,6,9,Iwobi,7,7,9,8
9/20/2018 16:14:48,Aubameyang,5,7,9,6,6,7,6,7,8,7,9,Iwobi,6,6,8,8
9/20/2018 16:15:34,Aubameyang,6,6,10,8,7,9,6,8,10,8,10,Aubameyang,3,8,8,8
9/20/2018 16:15:51,Aubameyang,6,6,8,6,4,7,6,8,8,7,8,Sokratis,6,7,7,7
9/20/2018 16:16:19,Aubameyang,6,6,8,6,4,7,6,8,8,7,8,Sokratis,6,7,7,7
9/20/2018 16:16:38,Aubameyang,5,6,8,6,6,7,6,8,8,7,9,Aubameyang,6,6,6,6
9/20/2018 16:16:40,Aubameyang,6,7,7,6,6,6,6,7,8,7,8,Iwobi,7,6,7,6
9/20/2018 16:17:19,Aubameyang,,,,,,,,,,,,,,,,
9/20/2018 16:17:29,Aubameyang,6,7,8,7,7,7,6,8,9,6,8,Iwobi,6,7,7,6
9/20/2018 16:17:43,Aubameyang,7,7,8,7,7,7,6,8,8,8,10,Iwobi,5,7,7,6
9/20/2018 16:18:03,Aubameyang,7,6,8,6,4,6,4,8,8,7,10,Aubameyang,6,5,7,5
9/20/2018 16:18:19,Aubameyang,7,7,8,7,8,8,7,8,9,8,9,Iwobi,,8,7,7
9/20/2018 16:18:47,Aubameyang,1,5,8,3,7,8,4,6,8,6,9,Aubameyang,10,4,7,7
9/20/2018 16:19:28,Aubameyang,6,7,8,7,8,7,6,9,10,7,10,Iwobi,,9,8,7
9/20/2018 16:19:46,Xhaka,,,,,,,,,,,,,,,,
9/20/2018 16:20:17,Aubameyang,6,7,9,8,7,8,7,9,10,7,8,Iwobi,7,8,7,7
9/20/2018 16:20:20,Aubameyang,4,8,7,5,6,6,5,7,6,6,8,Aubameyang,5,5,6,6
9/20/2018 16:21:21,Aubameyang,8,7,8,7,6,8,7,6,9,7,8,Iwobi,,8,7,9
9/20/2018 16:21:51,Aubameyang,7,7,8,7,6,7,7,8,9,7,8,Iwobi,6,6,7,6
9/20/2018 16:22:12,Aubameyang,7,7,8,6,7,7,6,8,,8,9,Aubameyang,1,7,8,8
9/20/2018 16:23:03,Aubameyang,7,7,8,6,7,9,5,7,8,7,9,Iwobi,9,6,10,8
9/20/2018 16:24:20,Aubameyang,6,6,9,6,6,8,6,8,9,7,9,Iwobi,5,7,6,6
9/20/2018 16:24:21,Aubameyang,6,6,8,7,6,7,6,7,9,6,7,Iwobi,3,7,7,7
9/20/2018 16:24:33,Aubameyang,7,7,9,8,7,8,8,9,10,8,9,Iwobi,8,7,8,9
9/20/2018 16:24:51,Aubameyang,6,6,8,6,6,7,5,7,7,7,8,Sokratis,6,5,7,6
9/20/2018 16:24:55,Aubameyang,6,6,8,7,6,7,6,7,9,6,7,Iwobi,3,7,7,7
9/20/2018 16:25:04,Aubameyang,6,7,7,7,5,7,7,9,7,8,9,Aubameyang,7,6,7,5
9/20/2018 16:25:56,Aubameyang,,,,,,,,,,,,,,,,
9/20/2018 16:26:08,Aubameyang,7,7,8,7,7,8,7,9,10,7,8,Sokratis,8,6,8,9
9/20/2018 16:26:19,Aubameyang,,,,,,,,,,,,,,,,
9/20/2018 16:26:53,Aubameyang,5,9,9,3,8,9,5,8,9,7,9,,8,6,7,8
9/20/2018 16:29:01,Aubameyang,6,7,7,6,6,9,7,7,8,8,9,Torreira,6,7,7,5
9/20/2018 16:30:23,Aubameyang,8,8,9,8,7,8,8,9,9,9,10,Aubameyang,9,8,8,8
9/20/2018 16:30:47,Aubameyang,5,7,7,7,7,7,7,8,8,8,9,Aubameyang,8,5,6,6
9/20/2018 16:31:04,Aubameyang,7,5,7,6,6,7,6,7,8,8,9,Aubameyang,6,6,6,6
9/20/2018 16:31:32,Aubameyang,7,5,7,6,6,7,6,7,8,8,9,Aubameyang,6,6,6,6
9/20/2018 16:31:47,Aubameyang,7,6,8,6,7,8,7,8,8,8,8,Iwobi,9,7,8,7
9/20/2018 16:33:27,Aubameyang,7,6,7,7,5,7,6,7,8,7,8,Iwobi,6,6,6,6
9/20/2018 16:38:49,Aubameyang,,,,,,,,,,,,,,,,
9/20/2018 16:39:15,Aubameyang,4,5,10,6,7,8,6,8,9,5,8,Sokratis,8,5,6,7
9/20/2018 16:39:23,Aubameyang,7,7,9,7,8,7,6,8,9,8,9,Iwobi,,7,8,7
9/20/2018 16:39:48,Aubameyang,6,7,8,7,6,6,6,8,9,7,10,Aubameyang,7,6,7,6
9/20/2018 16:40:41,Aubameyang,5,5,7,5,5,6,4,5,8,7,7,Iwobi,5,6,5,5
9/20/2018 16:41:48,Aubameyang,6,7,9,6,6,7,7,8,10,9,9,Iwobi,8,8,7,7
9/20/2018 16:42:00,Aubameyang,7,7,9,7,7,7,7,8,9,8,9,Iwobi,7,7,7,7
9/20/2018 16:43:15,Aubameyang,6,6,7,6,7,8,6,8,9,8,9,Iwobi,6,6,7,6
9/20/2018 16:43:31,Aubameyang,7,7,9,6,6,8,7,8,8,8,9,Sokratis,7,7,7,6
9/20/2018 16:44:54,Aubameyang,6,6,9,6,6,7,5,7,9,7,8,Sokratis,6,7,7,7
9/20/2018 16:45:34,Aubameyang,6,8,9,7,8,9,7,7,10,8,9,Iwobi,6,8,7,7
9/20/2018 16:46:05,Aubameyang,7,7,8,6,6,7,7,7,8,7,8,Iwobi,5,8,7,6
9/20/2018 16:47:18,Aubameyang,6,6,8,7,8,10,6,8,8,7,10,Aubameyang,4,6,7,8
9/20/2018 16:47:35,Aubameyang,7,6,9,5,4,8,5,5,9,7,9,Iwobi,5,6,6,7
9/20/2018 16:47:48,Aubameyang,8,8,9,,7,8,6,9,8,7,9,Sokratis,8,9,9,8
9/20/2018 16:49:18,Aubameyang,5,6,8,5,6,8,5,7,9,5,9,Iwobi,5,6,6,6
9/20/2018 16:50:53,Aubameyang,7,7,9,7,6,8,7,8,8,7,8,Sokratis,6,7,7,7
9/20/2018 16:51:14,Aubameyang,6,6,8,7,5,7,7,7,7,7,8,Aubameyang,3,6,7,7
9/20/2018 16:52:10,Aubameyang,7,7,8,6,7,8,6,8,8,7,9,Aubameyang,9,8,7,7
9/20/2018 16:52:42,Aubameyang,7,7,8,6,7,8,6,8,8,7,9,Aubameyang,9,8,7,7
9/20/2018 16:52:46,Aubameyang,8,6,7,7,10,7,6,10,9,10,10,Aubameyang,7,,,
9/20/2018 16:53:08,Aubameyang,6,6,7,6,6,7,6,7,7,7,8,Aubameyang,3,6,7,7
9/20/2018 16:53:15,Aubameyang,6,7,8,7,7,7,7,8,9,7,9,Iwobi,7,7,8,7
9/20/2018 16:53:24,Aubameyang,,,,,,,,,,,,,,,,
9/20/2018 16:53:29,Aubameyang,,,,,,,,,,,,,,,,
9/20/2018 16:53:44,Aubameyang,,,,,,,,,,,,,,,,
9/20/2018 16:56:07,Aubameyang,7,7,9,7,6,7,7,9,10,9,10,Iwobi,7,8,8,7
9/20/2018 16:57:32,Aubameyang,7,7,9,7,7,8,7,9,10,8,9,Iwobi,7,7,7,7
9/20/2018 16:57:44,Aubameyang,,,,,,,,,,,,,,,,
9/20/2018 17:01:18,Aubameyang,7,7,9,7,7,8,6,7,8,7,8,Iwobi,,9,7,7
9/20/2018 17:02:05,Aubameyang,10,8,8,9,8,8,8,8,8,9,10,Aubameyang,4,,10,7
9/20/2018 17:02:46,Aubameyang,,,,,,,,,,,,,,,,
9/20/2018 17:03:09,Aubameyang,6,6,7,6,6,6,6,6,7,7,8,Aubameyang,6,6,6,6
9/20/2018 17:05:57,Aubameyang,7,8,10,7,7,8,7,8,9,9,9,Sokratis,10,8,9,7
9/20/2018 17:06:48,Aubameyang,5,5,8,6,6,7,6,9,9,7,9,Iwobi,9,5,7,6
9/20/2018 17:07:13,Aubameyang,,,,,,,,,,,,,,,,
9/20/2018 17:07:36,Aubameyang,7,7,8,7,6,7,8,7,8,6,8,Iwobi,7,7,7,7
9/20/2018 17:10:55,Aubameyang,6,7,9,7,7,9,7,9,9,7,9,Sokratis,0,7,7,7
9/20/2018 17:11:40,Aubameyang,6,6,8,7,6,7,5,7,9,7,8,Iwobi,8,6,7,7
9/20/2018 17:14:09,Aubameyang,,,,,,,,,,,,,,,,
9/20/2018 17:14:45,Aubameyang,6,6,7,6,7,7,7,7,8,6,7,Iwobi,6,6,7,7
9/20/2018 17:15:14,Aubameyang,5,7,9,6,5,7,5,7,9,8,9,Iwobi,,,,
9/20/2018 17:15:54,Aubameyang,7,7,8,6,6,7,4,6,7,7,8,Aubameyang,,7,8,6
9/20/2018 17:16:15,Aubameyang,6,7,8,7,6,7,6,7,9,7,9,Iwobi,8,6,7,7
9/20/2018 17:18:28,Aubameyang,,,,,,,,,,,,,,,,
9/20/2018 17:23:39,Aubameyang,6,6,9,7,8,8,7,7,8,7,9,Aubameyang,6,7,6,8
9/20/2018 17:24:10,Aubameyang,7,7,10,7,8,9,8,8,10,7,9,Iwobi,8,9,8,9
9/20/2018 17:26:32,Aubameyang,,,,,,,,,,,,,,,,
9/20/2018 17:26:37,Aubameyang,6,6,7,5,6,6,4,6,8,7,7,Iwobi,,,,
9/20/2018 17:26:53,Aubameyang,5,6,9,7,6,8,6,8,10,6,8,Iwobi,5,7,7,7
9/20/2018 17:27:49,Aubameyang,5,6,9,7,6,8,6,8,10,6,8,Iwobi,5,7,7,7
9/20/2018 17:28:13,Aubameyang,5,5,8,6,6,6,4,8,10,6,8,Iwobi,10,5,7,5
9/20/2018 17:28:17,Aubameyang,6,7,8,7,7,7,6,9,8,8,9,Mkhitaryan,6,7,7,7
9/20/2018 17:29:38,Aubameyang,6,6,8,6,6,7,7,8,8,7,8,Aubameyang,6,7,7,7
9/20/2018 17:31:17,Aubameyang,,,,,,,,,,,,,,,,
9/20/2018 17:31:36,Aubameyang,7,7,7,8,8,9,6,9,8,8,10,Aubameyang,,7,8,10
9/20/2018 17:33:28,Aubameyang,6,6,8,7,5,7,6,6,8,7,8,Iwobi,6,7,8,7
9/20/2018 17:33:29,Aubameyang,5,6,8,6,6,7,4,7,7,6,8,Aubameyang,7,6,6,6
9/20/2018 17:35:47,Aubameyang,5,6,8,6,4,7,5,7,8,6,8,Sokratis,7,7,7,6
9/20/2018 17:36:23,Aubameyang,8,7,10,7,8,8,8,8,8,8,8,,8,8,8,7
9/20/2018 17:36:45,Aubameyang,7,9,8,8,8,9,7,9,9,8,9,Monreal,10,7,8,8
9/20/2018 17:37:44,Aubameyang,,,,,,,,,,,,,,,,
9/20/2018 17:40:36,Aubameyang,6,6,8,6,6,8,7,10,9,8,10,Mkhitaryan,,7,8,6
9/20/2018 17:42:07,Aubameyang,,6,8,6,6,7,6,7,6,7,8,Sokratis,,6,7,6
9/20/2018 17:42:58,Aubameyang,,,,,,,,,9,8,9,Aubameyang,,,,
9/20/2018 17:43:25,Aubameyang,6,7,8,7,6,7,6,6,6,6,7,Sokratis,5,6,7,6
9/20/2018 17:45:09,Aubameyang,6,7,8,7,7,8,7,9,9,8,10,Aubameyang,7,8,9,8
9/20/2018 17:48:45,Aubameyang,7,7,9,7,7,7,7,9,9,6,8,Iwobi,6,7,8,7
9/20/2018 17:49:11,Aubameyang,7,7,8,8,7,8,7,8,8,9,10,Aubameyang,7,7,8,9
9/20/2018 17:49:51,Aubameyang,6,7,8,6,6,8,6,7,8,7,8,Aubameyang,6,6,6,6
9/20/2018 17:51:35,Aubameyang,5,6,8,6,3,7,4,6,8,6,8,Aubameyang,8,5,6,5
9/20/2018 17:52:09,Aubameyang,,,,,,,,,,,,,,,,
9/20/2018 17:52:45,Aubameyang,6,6,7,6,5,7,6,7,7,8,9,Aubameyang,6,7,7,6
9/20/2018 17:58:40,Aubameyang,7,7,8,7,6,7,6,6,7,7,7,Sokratis,7,7,7,7
9/20/2018 18:02:35,Aubameyang,6,6,7,5,6,7,6,8,9,7,9,Iwobi,7,6,7,6
9/20/2018 18:02:53,Aubameyang,6,6,7,6,7,8,5,8,10,8,9,Iwobi,7,8,8,7
9/20/2018 18:03:40,Aubameyang,7,7,8,7,7,7,7,8,9,7,9,Iwobi,7,8,8,8
9/20/2018 18:06:32,Aubameyang,5,7,9,7,6,8,6,7,9,7,9,Iwobi,5,6,7,5
9/20/2018 18:21:00,Aubameyang,3,5,4,4,5,5,5,6,9,8,9,Iwobi,6,6,7,6
9/20/2018 18:21:53,Aubameyang,5,5,6,6,5,6,5,7,8,6,8,Aubameyang,7,7,7,6
9/20/2018 18:26:24,Aubameyang,5,7,8,7,7,6,6,7,9,8,8,Iwobi,8,6,6,6
9/20/2018 18:26:41,Aubameyang,,,,,,,,,,,,,,,,
9/20/2018 18:28:59,Aubameyang,6,6,7,7,7,8,6,7,8,7,8,Iwobi,8,7,7,7
9/20/2018 18:31:29,Aubameyang,6,9,10,9,7,7,7,8,8,8,9,Sokratis,6,6,7,6
9/20/2018 18:31:37,Aubameyang,7,7,7,6,6,7,6,6,6,6,8,Aubameyang,7,5,6,5
9/20/2018 18:34:15,Aubameyang,,,,,,,,,,,,,,,,
9/20/2018 18:35:18,Aubameyang,6,6,7,5,6,7,6,8,7,6,7,Mkhitaryan,6,6,6,6
9/20/2018 18:36:56,Aubameyang,,,,,,,,,,,,,,,,
9/20/2018 18:40:05,Aubameyang,7,7,8,7,8,8,7,8,7,8,9,Aubameyang,8,7,8,7
9/20/2018 18:42:02,Aubameyang,,,,,,,,,,,,,,,,
9/20/2018 18:43:17,Aubameyang,,,,,,,,,,,,,,,,
9/20/2018 18:47:55,Aubameyang,7,7,8,7,8,9,7,9,9,8,9,Aubameyang,6,7,8,7
9/20/2018 18:51:34,Aubameyang,,,,,,,,,,,,,,,,
9/20/2018 18:52:05,Aubameyang,4,6,7,5,7,6,5,8,7,7,9,Aubameyang,7,6,8,6
9/20/2018 19:05:49,Aubameyang,6,7,8,6,6,7,6,7,9,6,8,Iwobi,6,6,7,6
9/20/2018 19:23:51,Aubameyang,6,7,8,6,6,7,6,8,8,7,7,Iwobi,6,7,7,7
9/20/2018 19:27:12,Aubameyang,,,,,,,,,,,,,,,,
9/20/2018 19:34:26,Aubameyang,,,,,,,,10,,,,,,,,
9/20/2018 19:35:08,Aubameyang,,,,,,,,,,,,,,,,
9/20/2018 19:35:34,Aubameyang,,,,,,,,,,,,,,,,
9/20/2018 19:35:39,Aubameyang,,,,,,,,,,,,,,,,
9/20/2018 19:36:24,Aubameyang,6,7,8,7,8,7,6,8,8,7,8,Iwobi,5,6,8,8
9/20/2018 19:37:02,Aubameyang,5,5,8,5,3,8,6,6,9,7,8,Iwobi,5,5,7,6
9/20/2018 19:42:41,Aubameyang,7,8,9,8,7,8,8,8,10,8,10,Aubameyang,7,7,7,7
9/20/2018 19:53:01,Aubameyang,7,6,8,7,7,7,6,7,9,7,8,Iwobi,7,6,7,6
9/20/2018 19:55:29,Aubameyang,7,6,8,6,6,7,6,8,8,7,8,Iwobi,6,6,7,6
9/20/2018 20:03:25,Aubameyang,,,,,,,,,,,,,,,,
9/20/2018 20:08:29,Aubameyang,7,8,8,7,6,9,6,8,9,8,10,Aubameyang,7,8,10,9
9/20/2018 20:14:33,Aubameyang,6,6,7,6,7,7,6,8,10,8,9,Iwobi,8,7,8,6
9/20/2018 20:15:33,Aubameyang,,,,,,,,,,,,,,,,
9/20/2018 20:16:14,Aubameyang,,,,,,,,,,,,,,,,
9/20/2018 20:16:19,Aubameyang,,,,,,,,,,,,,,,,
9/20/2018 20:25:37,Aubameyang,8,7,8,6,7,6,5,8,9,7,9,Aubameyang,7,7,7,6
9/20/2018 20:35:01,Aubameyang,5,10,8,7,7,9,5,7,6,6,8,Aubameyang,5,5,8,6
9/20/2018 20:37:36,Aubameyang,6,6,8,7,7,8,7,9,8,7,9,Mkhitaryan,8,6,7,6
9/20/2018 20:43:58,Aubameyang,,,,,,,,,,,,,,,,
9/20/2018 20:56:56,Aubameyang,8,7,9,7,7,8,4,7,9,7,9,Iwobi,7,6,6,7
9/20/2018 20:58:32,Aubameyang,,,,,,,,,,,,,,,,
9/20/2018 20:59:37,Aubameyang,,,,,,,,,,,,,,,,
9/20/2018 21:03:45,Aubameyang,6,6,8,6,6,7,6,8,8,7,9,Aubameyang,5,7,7,5
9/20/2018 21:05:08,Aubameyang,6,8,9,7,7,8,8,9,8,8,9,Mkhitaryan,8,8,8,8
9/20/2018 21:11:27,Aubameyang,5,7,7,7,8,7,6,8,7,7,8,Aubameyang,7,6,6,7
9/20/2018 21:11:46,Aubameyang,5,7,7,7,8,7,6,8,7,7,8,Aubameyang,7,6,6,7
9/20/2018 21:17:23,Aubameyang,5,6,6,5,6,6,6,8,8,8,9,Aubameyang,5,6,8,6
9/20/2018 21:20:00,Aubameyang,5,6,8,6,6,6,6,7,8,6,7,Iwobi,3,6,6,5
9/20/2018 21:20:35,Aubameyang,,,,,,,,,,,,,,,,
9/20/2018 21:22:41,Aubameyang,5,5,8,5,6,8,5,5,9,7,8,Iwobi,6,7,7,6
9/20/2018 21:25:41,Aubameyang,6,6,9,7,7,8,5,8,6,7,7,Mkhitaryan,7,6,7,6
9/20/2018 21:26:06,Aubameyang,,,,,,,,,,,,,,,,
9/20/2018 21:27:21,Aubameyang,7,7,7,7,6,8,6,7,8,7,7,Torreira,,5,6,6
9/20/2018 21:28:10,Aubameyang,7,7,7,7,6,8,6,7,8,7,7,Torreira,,5,6,6
9/20/2018 21:32:24,Aubameyang,5,6,7,5,4,7,7,7,8,7,8,Iwobi,6,5,6,6
9/20/2018 21:37:00,Aubameyang,6,6,8,7,6,8,5,6,9,7,9,Iwobi,10,8,8,7
9/20/2018 21:37:40,Aubameyang,,,,,,,,,,,,,,,,
9/20/2018 21:43:07,Aubameyang,,,,,,,,,,,,,,,,
9/20/2018 21:43:38,Aubameyang,,,,,,,,,,,,,,,,
9/20/2018 21:50:06,Aubameyang,7,6,7,6,6,7,7,6,10,7,8,Iwobi,7,6,6,6
9/20/2018 21:54:00,Aubameyang,6,6,8,6,6,6,6,7,8,7,8,Aubameyang,6,6,6,6
9/20/2018 21:57:39,Aubameyang,8,8,10,7,8,8,6,10,10,8,10,Iwobi,8,8,10,10
9/20/2018 22:07:51,Aubameyang,,,,,,,,,,,,,,,,
9/20/2018 22:09:48,Aubameyang,7,6,9,8,8,8,7,8,8,7,9,Sokratis,8,8,8,7
9/20/2018 22:10:20,Aubameyang,5,6,8,5,6,7,4,7,9,7,8,Iwobi,7,7,5,6
9/20/2018 22:36:35,Aubameyang,,,,,,,,,,,,,,,,
9/20/2018 22:45:49,Aubameyang,7,8,8,,7,8,7,9,8,9,10,Aubameyang,,,,
9/20/2018 22:46:40,Aubameyang,7,7,8,6,7,6,5,8,9,7,9,Iwobi,7,7,7,6
9/20/2018 22:55:51,Aubameyang,7,7,8,6,6,7,6,6,9,7,8,Iwobi,7,6,7,7
9/20/2018 23:11:06,Aubameyang,7,6,7,6,8,8,6,9,10,8,10,Iwobi,7,6,8,5
9/20/2018 23:16:59,Aubameyang,6,9,9,9,7,9,8,8,10,6,9,Iwobi,9,9,9,8
9/20/2018 23:24:27,Aubameyang,6,7,8,6,7,8,5,9,8,7,9,Mkhitaryan,4,6,8,6
9/20/2018 23:37:18,Aubameyang,,,,,,,,,,,,,,,,
9/20/2018 23:42:48,Aubameyang,6,6,8,7,7,8,6,9,8,7,10,Aubameyang,7,6,8,7
9/20/2018 23:53:36,Aubameyang,,,,,,,,2,1,,,,,,,
9/21/2018 0:04:06,Aubameyang,6,6,7,6,5,8,6,8,8,7,8,Iwobi,,5,7,6
9/21/2018 0:39:53,Aubameyang,8,8,8,8,7,8,8,9,10,8,9,Iwobi,8,6,8,8
9/21/2018 1:10:18,Aubameyang,6,6,7,5,6,7,6,9,8,7,9,Mkhitaryan,6,5,6,6
9/21/2018 1:14:13,Aubameyang,6,6,7,6,7,6,6,7,8,6,,Iwobi,6,7,7,6
9/21/2018 1:14:39,Aubameyang,6,6,7,6,7,6,6,7,8,6,,Iwobi,6,7,7,6
9/21/2018 1:18:07,Aubameyang,,,,,,,,,,,,Aubameyang,,,,
9/21/2018 1:18:18,Aubameyang,7,7,8,6,8,7,7,8,10,6,9,Iwobi,7,7,6,7
9/21/2018 1:23:47,Aubameyang,7,7,10,7,8,7,7,8,10,8,10,Iwobi,6,7,7,7
9/21/2018 1:38:07,Aubameyang,,,,,,,,,,,,,,,,
9/21/2018 1:42:47,Aubameyang,,,,,,,,,,,,,,,,
9/21/2018 1:51:31,Aubameyang,6,7,9,7,8,7,6,8,8,6,8,Sokratis,6,6,7,6
9/21/2018 1:56:11,Aubameyang,6,6,8,7,5,7,6,7,9,7,8,Iwobi,7,6,7,6
9/21/2018 2:01:32,Aubameyang,,,,,,,,,,,,,,,,
9/21/2018 2:01:51,Aubameyang,6,6,6,6,7,6,6,8,7,7,8,Aubameyang,5,6,7,7
9/21/2018 2:02:34,Aubameyang,,,,,,,,,,,,,,,,
9/21/2018 2:13:58,Aubameyang,8,7,9,8,7,8,7,9,9,8,9,Mkhitaryan,8,8,8,8
9/21/2018 2:14:57,Aubameyang,,,,,,,,,,,,,,,,
9/21/2018 2:18:08,Aubameyang,5,6,9,8,4,7,6,7,10,5,6,Iwobi,1,5,6,6
9/21/2018 2:23:15,Aubameyang,7,7,8,7,7,8,6,8,9,7,8,Iwobi,8,8,7,7
9/21/2018 2:35:11,Aubameyang,5,7,7,5,6,7,6,7,8,7,8,Aubameyang,7,7,8,7
9/21/2018 2:38:00,Aubameyang,7,7,8,7,7,7,6,7,8,7,7,Iwobi,7,7,7,7
9/21/2018 2:54:21,Aubameyang,,,,,,,,,,,,,,,,
9/21/2018 2:58:53,Aubameyang,6,4,8,8,6,7,6,6,9,7,8,Iwobi,7,6,7,8
9/21/2018 3:00:30,Aubameyang,6,6,8,7,6,8,6,8,9,7,8,Iwobi,7,6,7,7
9/21/2018 3:16:47,Aubameyang,5,5,8,7,5,7,5,7,8,6,9,Aubameyang,,5,7,6
9/21/2018 3:18:25,Aubameyang,6,7,9,8,6,8,7,8,9,6,8,Sokratis,9,8,8,7
9/21/2018 3:21:05,Aubameyang,6,7,8,6,8,8,7,9,8,7,9,Aubameyang,6,6,7,6
9/21/2018 3:38:17,Aubameyang,,,,,,,,,,,,,,,,
9/21/2018 3:45:51,Aubameyang,,,,,,,,,,,,,,,,
9/21/2018 3:47:47,Aubameyang,6,6,8,7,8,8,7,8,10,8,9,Iwobi,8,7,8,7
9/21/2018 3:50:27,Aubameyang,5,6,7,7,6,6,5,8,9,7,8,Iwobi,5,7,7,6
9/21/2018 3:57:30,Aubameyang,,,,,,,,,,,,,,,,
9/21/2018 4:04:06,Aubameyang,5,8,9,7,6,8,6,9,9,7,9,Mkhitaryan,7,7,7,9
9/21/2018 4:04:34,Aubameyang,7,,,,,,,,,,,,,,,
9/21/2018 4:05:34,Aubameyang,,,,,,,,,,,,,,,,
9/21/2018 4:08:01,Aubameyang,7,7,9,8,8,9,7,8,9,8,8,Iwobi,6,7,8,8
9/21/2018 4:09:28,Aubameyang,,,,,,,,,,,,,,,,
9/21/2018 4:13:03,Aubameyang,7,6,8,6,6,6,5,7,8,7,9,Aubameyang,6,6,9,7
9/21/2018 4:22:27,Aubameyang,7,8,10,7,8,8,7,10,8,8,9,Mkhitaryan,8,6,8,9
9/21/2018 4:27:26,Aubameyang,,,,,,,,,,,,,,,,
9/21/2018 4:29:17,Aubameyang,5,6,8,7,5,7,6,7,8,7,7,Sokratis,7,7,6,6
9/21/2018 4:45:15,Aubameyang,,,,,,,,,,,,,,,,
9/21/2018 4:56:40,Aubameyang,7,7,9,4,5,6,6,6,9,6,9,Aubameyang,8,7,8,6
9/21/2018 5:04:36,Aubameyang,,,,,,,,,,,,,,,,
9/21/2018 5:21:50,Aubameyang,4,6,9,7,7,7,6,9,8,7,9,Mkhitaryan,8,5,7,5
9/21/2018 5:43:48,Aubameyang,,,,,,,,,,,,,,,,
9/21/2018 6:02:45,Aubameyang,5,6,9,7,5,8,6,8,10,6,9,Iwobi,5,7,7,7
9/21/2018 6:09:10,Aubameyang,6,7,7,7,6,8,6,7,8,8,9,Aubameyang,10,5,8,7
9/21/2018 6:13:42,Aubameyang,6,6,8,6,7,7,6,9,8,7,9,Mkhitaryan,6,6,7,6
9/21/2018 6:36:32,Aubameyang,6,6,8,6,5,6,6,8,10,7,8,Iwobi,5,5,6,5
9/21/2018 6:37:13,Aubameyang,6,6,8,6,7,7,6,7,8,7,8,Iwobi,8,8,8,7
9/21/2018 6:39:06,Aubameyang,6,6,8,7,5,7,5,6,7,7,7,Sokratis,8,7,6,6
9/21/2018 6:39:59,Aubameyang,6,6,8,7,6,7,5,6,8,6,7,Sokratis,8,7,6,6
9/21/2018 6:43:49,Aubameyang,5,7,8,7,7,8,6,9,9,8,9,Iwobi,7,,,
9/21/2018 7:06:16,Aubameyang,,,,,,,,,,,,,,,,
9/21/2018 7:17:41,Aubameyang,,,,,,,,,,,,,,,,
9/21/2018 7:27:05,Aubameyang,7,6,8,6,4,6,5,6,8,7,8,Sokratis,9,7,6,6
9/21/2018 7:27:46,Aubameyang,7,6,8,6,4,6,5,6,8,7,8,Sokratis,9,7,6,6
9/21/2018 7:46:56,Aubameyang,7,6,8,7,6,7,6,6,8,6,7,Iwobi,7,7,6,7
9/21/2018 7:47:25,Aubameyang,6,7,9,6,7,7,6,7,9,7,8,Iwobi,7,8,8,7
9/21/2018 7:54:37,Aubameyang,,,,,,,,,,,,,,,,
9/21/2018 8:41:46,Aubameyang,6,6,8,7,6,7,6,7,8,7,8,Aubameyang,6,7,8,7
9/21/2018 8:42:40,Aubameyang,6,6,8,6,7,6,6,6,9,6,9,Iwobi,5,6,7,6
9/21/2018 8:45:36,Aubameyang,7,,,,,,,,,,,Welbeck,,,,
9/21/2018 9:14:25,Aubameyang,,,,,,,,,,,,,,,,
9/21/2018 9:25:50,Aubameyang,5,5,6,5,6,6,4,8,7,8,10,Aubameyang,5,5,8,6
9/21/2018 9:46:39,Aubameyang,6,7,7,7,8,7,6,9,8,8,10,Aubameyang,7,7,8,7
9/21/2018 9:49:22,Aubameyang,6,7,8,7,5,7,6,7,8,7,9,Aubameyang,7,7,7,7
9/21/2018 9:50:24,Aubameyang,6,7,8,7,5,7,6,8,8,7,9,Aubameyang,6,6,7,7
9/21/2018 10:07:43,Aubameyang,7,7,8,7,7,8,7,7,9,7,9,Iwobi,8,7,8,7
9/21/2018 10:17:14,Aubameyang,7,8,10,6,6,8,5,9,9,7,10,Sokratis,7,6,7,6
9/21/2018 10:18:08,Aubameyang,7,7,9,6,7,8,5,9,8,7,10,Sokratis,6,6,8,6
9/21/2018 10:27:46,Aubameyang,,,,,,,,,,,,,,,,
9/21/2018 10:41:20,Aubameyang,7,7,8,6,6,7,6,8,8,8,9,Aubameyang,7,8,7,6
9/21/2018 10:53:47,Aubameyang,7,8,9,7,7,9,7,8,9,8,9,Aubameyang,6,8,9,8
9/21/2018 11:45:45,Aubameyang,7,6,9,6,6,6,6,8,9,7,8,Iwobi,7,7,7,6
9/21/2018 13:21:36,Aubameyang,5,6,8,8,5,7,7,8,8,6,8,Aubameyang,7,6,6,7
9/21/2018 13:34:23,Aubameyang,,,,,,,,,,,,,,,,
9/21/2018 15:17:20,Aubameyang,10,,10,,,,,,,,,,,,,
9/21/2018 15:25:35,Aubameyang,7,9,9,8,7,9,8,10,10,8,9,Iwobi,9,9,9,8
9/21/2018 17:12:02,Aubameyang,,,,,,,,,,,,,,,,
9/21/2018 18:34:39,Aubameyang,,,,,,,,,,,,,,,,
9/21/2018 18:50:23,Aubameyang,,,,,,,,,,,,,,,,
9/22/2018 6:42:19,Aubameyang,6,7,9,7,6,8,7,6,10,8,9,Iwobi,7,7,8,6
9/22/2018 7:18:45,Aubameyang,6,6,9,6,7,6,5,8,8,7,9,Sokratis,6,6,7,5
9/22/2018 15:34:01,Aubameyang,9,7,8,7,7,8,6,10,10,7,10,Mkhitaryan,,7,7,8
9/22/2018 18:16:04,Aubameyang,7,7,9,7,5,7,7,6,9,7,9,Iwobi,8,7,7,7
9/23/2018 3:35:11,Aubameyang,6,6,7,6,6,7,5,6,8,7,8,,6,7,7,7
,,,,,,,,,,,,,,,,,
,,6.16,6.63,8.11,6.63,6.44,7.37,6.13,7.67,8.50,7.16,8.61,Iwobi,6.54,6.75,7.24,6.71
,,,,,,,,,,,,,49%,,,,
,,,,,,,,,,,,,,,,,
,,,,,,,,,,,,,,,,,
,,,,,,,,,,,,,,,,,
,,,,,,,,,,,,,,,,,
,,,,,,,,,,,,,,,,,
,,,,,,,,,,,,,,,,,
,,,,,,,,,,,,,,,,,
,,,,,,,,,,,,,,,,,
,,,,,,,,,,,,,,,,,
,,,,,,,,,,,,,,,,,
,,,,,,,,,,,,,,,,,
,,,,,,,,,,,,,,,,,
,,,,,,,,,,,,,,,,,
,,6,6,6,6,6,6,6,6,6,6,6,,6,,,
,,,,,,,,,,,,,,,,,
,,6.00,6.00,6.00,6.00,6.00,6.00,6.00,6.00,6.00,6.00,6.00,,6.00,,,